-- Generated by Craft v2.6.2911 on Aug 26, 2016, 1:16:42 AM.

--
-- Disable foreign key checks and autocommit.
--

SET FOREIGN_KEY_CHECKS = 0;
SET SQL_MODE = "NO_AUTO_VALUE_ON_ZERO";
SET AUTOCOMMIT = 0;
SET NAMES utf8;


DROP TABLE IF EXISTS `craft_assetfiles`;


--
-- Schema for table `craft_assetfiles`
--
CREATE TABLE `craft_assetfiles` (
  `id` int(11) NOT NULL,
  `sourceId` int(11) DEFAULT NULL,
  `folderId` int(11) NOT NULL,
  `filename` varchar(255) COLLATE utf8_unicode_ci NOT NULL,
  `kind` varchar(50) COLLATE utf8_unicode_ci NOT NULL DEFAULT 'unknown',
  `width` int(11) unsigned DEFAULT NULL,
  `height` int(11) unsigned DEFAULT NULL,
  `size` bigint(20) unsigned DEFAULT NULL,
  `dateModified` datetime DEFAULT NULL,
  `dateCreated` datetime NOT NULL,
  `dateUpdated` datetime NOT NULL,
  `uid` char(36) COLLATE utf8_unicode_ci NOT NULL DEFAULT '0',
  PRIMARY KEY (`id`),
  UNIQUE KEY `craft_assetfiles_filename_folderId_unq_idx` (`filename`,`folderId`),
  KEY `craft_assetfiles_sourceId_fk` (`sourceId`),
  KEY `craft_assetfiles_folderId_fk` (`folderId`)
) ENGINE=InnoDB DEFAULT CHARSET=utf8 COLLATE=utf8_unicode_ci;

--
-- Data for table `craft_assetfiles`
--

INSERT INTO `craft_assetfiles` (`id`, `sourceId`, `folderId`, `filename`, `kind`, `width`, `height`, `size`, `dateModified`, `dateCreated`, `dateUpdated`, `uid`) VALUES
 ('9', '2', '3', '1st-Floor-Data-Closet.jpg', 'image', '3264', '2448', '2453393', '2016-07-06 00:04:00', '2016-01-19 01:38:49', '2016-08-25 01:48:06', '736520ed-ce8c-451f-9257-a2db7e1c507d'),
 ('11', '2', '3', '2nd-Floor-Data-Closet-messy.jpg', 'image', '2448', '3264', '2776379', '2016-07-06 00:04:00', '2016-01-19 02:54:23', '2016-08-25 01:48:06', '83a7ab04-937b-4350-aa2a-9117c1896f37'),
 ('19', '2', '3', 'Masterpiece_500x399.png', 'image', '399', '500', '483561', '2016-08-09 02:07:50', '2016-08-09 02:07:50', '2016-08-25 01:48:07', 'def1b85d-2793-4a19-8d18-49504f578101'),
 ('20', '2', '3', 'Puella.jpg', 'image', '2303', '1810', '2607778', '2016-08-18 02:02:38', '2016-08-18 02:02:38', '2016-08-25 01:48:07', '4f8a4812-23cc-4c96-97d8-7c5bfda03ea3'),
 ('22', '2', '3', 'Puer.jpg', 'image', '2575', '1721', '1833159', '2016-08-18 02:45:17', '2016-08-18 02:45:17', '2016-08-25 01:48:07', '6113210b-183c-4ab6-872b-2b118f874d1c'),
 ('24', '2', '3', 'MeAndDadBlueCar.jpg', 'image', '2658', '1329', '2270911', '2016-08-19 02:14:04', '2016-08-19 02:14:04', '2016-08-25 01:48:07', 'fa088e50-b48e-460c-8004-8a98531a098a'),
 ('26', '2', '3', 'Me.jpg', 'image', '257', '300', '25255', '2016-08-21 01:36:17', '2016-08-21 01:36:17', '2016-08-25 01:48:07', '67dc1532-bdfe-4cd5-936e-e546ef363dfa'),
 ('27', '2', '3', 'bacardi.jpg', 'image', '1536', '2048', '403685', '2016-08-21 23:23:57', '2016-08-21 23:23:57', '2016-08-25 01:48:08', '2c342fc1-0f30-4989-972b-0252baf428e3');



DROP TABLE IF EXISTS `craft_assetfolders`;


--
-- Schema for table `craft_assetfolders`
--
CREATE TABLE `craft_assetfolders` (
  `id` int(11) NOT NULL AUTO_INCREMENT,
  `parentId` int(11) DEFAULT NULL,
  `sourceId` int(11) DEFAULT NULL,
  `name` varchar(255) COLLATE utf8_unicode_ci NOT NULL,
  `path` varchar(255) COLLATE utf8_unicode_ci DEFAULT NULL,
  `dateCreated` datetime NOT NULL,
  `dateUpdated` datetime NOT NULL,
  `uid` char(36) COLLATE utf8_unicode_ci NOT NULL DEFAULT '0',
  PRIMARY KEY (`id`),
  UNIQUE KEY `craft_assetfolders_name_parentId_sourceId_unq_idx` (`name`,`parentId`,`sourceId`),
  KEY `craft_assetfolders_parentId_fk` (`parentId`),
  KEY `craft_assetfolders_sourceId_fk` (`sourceId`)
) ENGINE=InnoDB AUTO_INCREMENT=4 DEFAULT CHARSET=utf8 COLLATE=utf8_unicode_ci;

--
-- Data for table `craft_assetfolders`
--

INSERT INTO `craft_assetfolders` (`id`, `parentId`, `sourceId`, `name`, `path`, `dateCreated`, `dateUpdated`, `uid`) VALUES
 ('3', NULL, '2', 'Images', '', '2016-01-18 23:05:00', '2016-01-18 23:05:00', '32cacf12-8ffb-4674-8066-ca53cee249de');



DROP TABLE IF EXISTS `craft_assetindexdata`;


--
-- Schema for table `craft_assetindexdata`
--
CREATE TABLE `craft_assetindexdata` (
  `id` int(11) NOT NULL AUTO_INCREMENT,
  `sessionId` varchar(36) COLLATE utf8_unicode_ci NOT NULL DEFAULT '',
  `sourceId` int(10) NOT NULL,
  `offset` int(10) NOT NULL,
  `uri` varchar(255) COLLATE utf8_unicode_ci DEFAULT NULL,
  `size` bigint(20) unsigned DEFAULT NULL,
  `recordId` int(10) DEFAULT NULL,
  `dateCreated` datetime NOT NULL,
  `dateUpdated` datetime NOT NULL,
  `uid` char(36) COLLATE utf8_unicode_ci NOT NULL DEFAULT '0',
  PRIMARY KEY (`id`),
  UNIQUE KEY `craft_assetindexdata_sessionId_sourceId_offset_unq_idx` (`sessionId`,`sourceId`,`offset`),
  KEY `craft_assetindexdata_sourceId_fk` (`sourceId`)
) ENGINE=InnoDB DEFAULT CHARSET=utf8 COLLATE=utf8_unicode_ci;

DROP TABLE IF EXISTS `craft_assetsources`;


--
-- Schema for table `craft_assetsources`
--
CREATE TABLE `craft_assetsources` (
  `id` int(11) NOT NULL AUTO_INCREMENT,
  `name` varchar(255) COLLATE utf8_unicode_ci NOT NULL,
  `handle` varchar(255) COLLATE utf8_unicode_ci NOT NULL,
  `type` varchar(150) COLLATE utf8_unicode_ci NOT NULL,
  `settings` text COLLATE utf8_unicode_ci,
  `sortOrder` smallint(6) unsigned DEFAULT NULL,
  `fieldLayoutId` int(10) DEFAULT NULL,
  `dateCreated` datetime NOT NULL,
  `dateUpdated` datetime NOT NULL,
  `uid` char(36) COLLATE utf8_unicode_ci NOT NULL DEFAULT '0',
  PRIMARY KEY (`id`),
  UNIQUE KEY `craft_assetsources_name_unq_idx` (`name`),
  UNIQUE KEY `craft_assetsources_handle_unq_idx` (`handle`),
  KEY `craft_assetsources_fieldLayoutId_fk` (`fieldLayoutId`)
) ENGINE=InnoDB AUTO_INCREMENT=3 DEFAULT CHARSET=utf8 COLLATE=utf8_unicode_ci;

--
-- Data for table `craft_assetsources`
--

INSERT INTO `craft_assetsources` (`id`, `name`, `handle`, `type`, `settings`, `sortOrder`, `fieldLayoutId`, `dateCreated`, `dateUpdated`, `uid`) VALUES
 ('2', 'Images', 'images', 'Local', '{\"path\":\"assets\\/images\\/\",\"publicURLs\":\"1\",\"url\":\"\\/\\/localhost\\/dev\\/www\\/assets\\/images\\/\"}', '1', '89', '2016-01-18 23:05:00', '2016-08-25 01:48:34', '2ea7182d-e1de-4b53-9e40-3b33dcb93941');



DROP TABLE IF EXISTS `craft_assettransformindex`;


--
-- Schema for table `craft_assettransformindex`
--
CREATE TABLE `craft_assettransformindex` (
  `id` int(11) NOT NULL AUTO_INCREMENT,
  `fileId` int(11) NOT NULL,
  `filename` varchar(255) COLLATE utf8_unicode_ci DEFAULT NULL,
  `format` varchar(255) COLLATE utf8_unicode_ci DEFAULT NULL,
  `location` varchar(255) COLLATE utf8_unicode_ci NOT NULL,
  `sourceId` int(11) DEFAULT NULL,
  `fileExists` tinyint(1) DEFAULT NULL,
  `inProgress` tinyint(1) DEFAULT NULL,
  `dateIndexed` datetime DEFAULT NULL,
  `dateCreated` datetime NOT NULL,
  `dateUpdated` datetime NOT NULL,
  `uid` char(36) COLLATE utf8_unicode_ci NOT NULL DEFAULT '0',
  PRIMARY KEY (`id`),
  KEY `craft_assettransformindex_sourceId_fileId_location_idx` (`sourceId`,`fileId`,`location`)
) ENGINE=InnoDB DEFAULT CHARSET=utf8 COLLATE=utf8_unicode_ci;

DROP TABLE IF EXISTS `craft_assettransforms`;


--
-- Schema for table `craft_assettransforms`
--
CREATE TABLE `craft_assettransforms` (
  `id` int(11) NOT NULL AUTO_INCREMENT,
  `name` varchar(255) COLLATE utf8_unicode_ci NOT NULL,
  `handle` varchar(255) COLLATE utf8_unicode_ci NOT NULL,
  `mode` enum('stretch','fit','crop') COLLATE utf8_unicode_ci NOT NULL DEFAULT 'crop',
  `position` enum('top-left','top-center','top-right','center-left','center-center','center-right','bottom-left','bottom-center','bottom-right') COLLATE utf8_unicode_ci NOT NULL DEFAULT 'center-center',
  `height` int(10) DEFAULT NULL,
  `width` int(10) DEFAULT NULL,
  `format` varchar(255) COLLATE utf8_unicode_ci DEFAULT NULL,
  `quality` int(10) DEFAULT NULL,
  `dimensionChangeTime` datetime DEFAULT NULL,
  `dateCreated` datetime NOT NULL,
  `dateUpdated` datetime NOT NULL,
  `uid` char(36) COLLATE utf8_unicode_ci NOT NULL DEFAULT '0',
  PRIMARY KEY (`id`),
  UNIQUE KEY `craft_assettransforms_name_unq_idx` (`name`),
  UNIQUE KEY `craft_assettransforms_handle_unq_idx` (`handle`)
) ENGINE=InnoDB DEFAULT CHARSET=utf8 COLLATE=utf8_unicode_ci;

DROP TABLE IF EXISTS `craft_categories`;


--
-- Schema for table `craft_categories`
--
CREATE TABLE `craft_categories` (
  `id` int(11) NOT NULL,
  `groupId` int(11) NOT NULL,
  `dateCreated` datetime NOT NULL,
  `dateUpdated` datetime NOT NULL,
  `uid` char(36) COLLATE utf8_unicode_ci NOT NULL DEFAULT '0',
  PRIMARY KEY (`id`),
  KEY `craft_categories_groupId_fk` (`groupId`)
) ENGINE=InnoDB DEFAULT CHARSET=utf8 COLLATE=utf8_unicode_ci;

DROP TABLE IF EXISTS `craft_categorygroups`;


--
-- Schema for table `craft_categorygroups`
--
CREATE TABLE `craft_categorygroups` (
  `id` int(11) NOT NULL AUTO_INCREMENT,
  `structureId` int(11) NOT NULL,
  `fieldLayoutId` int(11) DEFAULT NULL,
  `name` varchar(255) COLLATE utf8_unicode_ci NOT NULL,
  `handle` varchar(255) COLLATE utf8_unicode_ci NOT NULL,
  `hasUrls` tinyint(1) unsigned NOT NULL DEFAULT '1',
  `template` varchar(500) COLLATE utf8_unicode_ci DEFAULT NULL,
  `dateCreated` datetime NOT NULL,
  `dateUpdated` datetime NOT NULL,
  `uid` char(36) COLLATE utf8_unicode_ci NOT NULL DEFAULT '0',
  PRIMARY KEY (`id`),
  UNIQUE KEY `craft_categorygroups_name_unq_idx` (`name`),
  UNIQUE KEY `craft_categorygroups_handle_unq_idx` (`handle`),
  KEY `craft_categorygroups_structureId_fk` (`structureId`),
  KEY `craft_categorygroups_fieldLayoutId_fk` (`fieldLayoutId`)
) ENGINE=InnoDB DEFAULT CHARSET=utf8 COLLATE=utf8_unicode_ci;

DROP TABLE IF EXISTS `craft_categorygroups_i18n`;


--
-- Schema for table `craft_categorygroups_i18n`
--
CREATE TABLE `craft_categorygroups_i18n` (
  `id` int(11) NOT NULL AUTO_INCREMENT,
  `groupId` int(11) NOT NULL,
  `locale` char(12) COLLATE utf8_unicode_ci NOT NULL,
  `urlFormat` text COLLATE utf8_unicode_ci,
  `nestedUrlFormat` text COLLATE utf8_unicode_ci,
  `dateCreated` datetime NOT NULL,
  `dateUpdated` datetime NOT NULL,
  `uid` char(36) COLLATE utf8_unicode_ci NOT NULL DEFAULT '0',
  PRIMARY KEY (`id`),
  UNIQUE KEY `craft_categorygroups_i18n_groupId_locale_unq_idx` (`groupId`,`locale`),
  KEY `craft_categorygroups_i18n_locale_fk` (`locale`)
) ENGINE=InnoDB DEFAULT CHARSET=utf8 COLLATE=utf8_unicode_ci;

DROP TABLE IF EXISTS `craft_content`;


--
-- Schema for table `craft_content`
--
CREATE TABLE `craft_content` (
  `id` int(11) NOT NULL AUTO_INCREMENT,
  `elementId` int(11) NOT NULL,
  `locale` char(12) COLLATE utf8_unicode_ci NOT NULL,
  `title` varchar(255) COLLATE utf8_unicode_ci DEFAULT NULL,
  `field_body` text COLLATE utf8_unicode_ci,
  `field_artworkTitle` text COLLATE utf8_unicode_ci,
  `field_media` text COLLATE utf8_unicode_ci,
  `field_artistStatement` text COLLATE utf8_unicode_ci,
  `field_featuredArt` tinyint(1) unsigned NOT NULL DEFAULT '0',
  `field_artImageFocalPoint` text COLLATE utf8_unicode_ci,
  `field_featuredPost` tinyint(1) unsigned NOT NULL DEFAULT '0',
  `field_homepageSnippet` text COLLATE utf8_unicode_ci,
  `field_blogFeaturedImageFocalPoint` text COLLATE utf8_unicode_ci,
  `dateCreated` datetime NOT NULL,
  `dateUpdated` datetime NOT NULL,
  `uid` char(36) COLLATE utf8_unicode_ci NOT NULL DEFAULT '0',
  PRIMARY KEY (`id`),
  UNIQUE KEY `craft_content_elementId_locale_unq_idx` (`elementId`,`locale`),
  KEY `craft_content_title_idx` (`title`),
  KEY `craft_content_locale_fk` (`locale`)
) ENGINE=InnoDB AUTO_INCREMENT=28 DEFAULT CHARSET=utf8 COLLATE=utf8_unicode_ci;

--
-- Data for table `craft_content`
--

INSERT INTO `craft_content` (`id`, `elementId`, `locale`, `title`, `field_body`, `field_artworkTitle`, `field_media`, `field_artistStatement`, `field_featuredArt`, `field_artImageFocalPoint`, `field_featuredPost`, `field_homepageSnippet`, `field_blogFeaturedImageFocalPoint`, `dateCreated`, `dateUpdated`, `uid`) VALUES
 ('1', '1', 'en_us', NULL, NULL, NULL, NULL, NULL, '0', NULL, '0', NULL, NULL, '2015-12-05 19:12:26', '2015-12-05 19:12:26', '9e6bc84d-010c-4d90-b9d4-d1964baaeff8'),
 ('2', '2', 'en_us', 'Hello', '<p>I\'m Jim Christie. I\'m a web devoloper, an agile coach, a cyclist, and sometimes, an artist. As anyone who works on the internet should, I love cats.</p><p>I have over five years of web development experience. I lean strongly toward back end functionality of websites. I can do design, but I don\'t love it and, consequently, I\'m not the best at it.</p><p>I\'ve become a strong supporter of agile methodologies.</p>', NULL, NULL, NULL, '0', NULL, '0', NULL, NULL, '2015-12-05 19:12:27', '2016-07-07 00:22:12', 'ad805d74-7431-4b98-8cc8-05f13b05fe0b'),
 ('3', '3', 'en_us', 'Pleasure Post', '<p>Craft is the CMS that’s powering Craft.jimchristie.me. It’s beautiful, powerful, flexible, and easy-to-use, and it’s made by Pixel &amp; Tonic. We can’t wait to dive in and see what it’s capable of!</p>\n\n<!--pagebreak-->\n\n\n\n\n\n\n\n\n\n\n\n\n\n<p>This is even more captivating content, which you couldn’t see on the News index page because it was entered after a Page Break, and the News index template only likes to show the content on the first page.</p>\n\n\n\n\n\n\n\n\n\n\n\n\n\n<p>Craft: a nice alternative to Word, if you’re making a website.</p>', NULL, NULL, NULL, '0', NULL, '1', '<p>Go with the feeling of the nature. Take it easy. Know why you\'re here. And remeber to balance your internal energy with the environment. Did you feel that? Look at me - I\'m not out of breath anymore! Thats an advanced modern oxymoron. It was good, I like it and I beleived it. Man you got a way with using words. Thats like a lariat that does a snake whip on your back legs, I mean on the back of your legs - not that you have 4 legs - and pulls you this way, and thats what that line did to me and I believed every minute of it. Until I looked at the quadrangle that it produced with the verbs used in the sentence.</p>\n\n<p>This is just common superficiality. Is thats whats so special about a woman? Superficiality with their face colours? It\'s good for everyone to understand that they are to love their enemies, simply because your enemies show you things about yourself you need to change. So in actuality enemies are friends in reverse.</p>', '', '2015-12-05 19:12:27', '2016-08-22 02:57:33', '8545036a-1e5e-42c2-b710-63b45fbe77d0'),
 ('4', '4', 'en_us', 'It\'s Business Time', '<p>I\'m just checking out craft. I can\'t figure out how to add an image to my post.</p>\n\n<p>Paragraph 2</p>\n\n\n\n\n\n\n\n\n\n\n\n\n\n<p><br /></p>\n\n\n\n\n\n\n\n\n\n\n\n\n\n<p><br /></p>', NULL, NULL, NULL, '0', NULL, '1', '<p>The magic Indian is a mysterious spiritual force, and we\'re going to Cathedral Rock, and that\'s the vortex of the heart. I wrestled a bear once. A 750lbs black bear. I wrestled a bear once. A 750lbs black bear.</p>\n\n<p>I wrestled a bear once. A 750lbs black bear. Listen to the silence. And when the silence is deafening, you\'re in the center of your own universe. Go with the feeling of the nature. Take it easy. Know why you\'re here. And remeber to balance your internal energy with the environment.</p>', NULL, '2016-01-18 20:38:12', '2016-08-21 23:21:19', '04596cac-bbdc-425c-a2a9-2f0961ad6e8b'),
 ('9', '9', 'en_us', '1St Floor Data Closet', NULL, NULL, NULL, NULL, '0', NULL, '0', NULL, NULL, '2016-01-19 01:38:49', '2016-08-25 01:48:06', 'b74eb8f8-9204-493d-8113-f9c0011f0b3c'),
 ('11', '11', 'en_us', '2Nd Floor Data Closet Messy', NULL, NULL, NULL, NULL, '0', NULL, '0', NULL, NULL, '2016-01-19 02:54:23', '2016-08-25 01:48:06', '13c3cf9f-dd3a-4044-9d96-3615de70f8f5'),
 ('17', '17', 'en_us', 'Untitled', NULL, '', '<p>Acrylic on canvas.</p>\n\n<p>Applied by mixing paint with water and pouring it onto the canvas. I then manipulated the canvas to force the paint to flow in different directions.</p>', '<p>This was a project in a painting class in college. The assignment was to create a painting by pouring paint on the canvas. This was the second iteration of this assignment. The first was criticized by the professor as being too layered. My professor didn\'t like that he cold tell the order that the paint was poured onto the canvas, though I disagreed. However, in the interest of getting a good grade, I pushed my painting as far from that criticism as I could. This was the result, which I have been incredibly pleased with.</p>', '1', 'center top', '0', NULL, NULL, '2016-08-09 01:41:51', '2016-08-20 15:22:11', '77736112-9283-45f7-b591-50431b81caf1'),
 ('19', '19', 'en_us', 'Masterpiece 500X399', NULL, NULL, NULL, NULL, '0', NULL, '0', NULL, NULL, '2016-08-09 02:07:50', '2016-08-25 01:48:07', '4c049231-17b6-43fd-af6f-e7384d2ac3fe'),
 ('20', '20', 'en_us', 'Puella', NULL, NULL, NULL, NULL, '0', NULL, '0', NULL, NULL, '2016-08-18 02:02:38', '2016-08-25 01:48:07', '99d0139a-e4da-4deb-b214-fa04f545aa4c'),
 ('21', '21', 'en_us', 'Puella', NULL, '', '<p>Digital. Created with AutoDesk Sketchbook on a Samsung Note Pro.</p>', '<p>This is one of my cats. She\'s the best. And the worst.</p>', '1', 'center center', '0', NULL, NULL, '2016-08-18 02:03:40', '2016-08-20 15:22:22', 'ef42d5d5-f057-4666-9b0a-9aceadffb9f9'),
 ('22', '22', 'en_us', 'Puer', NULL, NULL, NULL, NULL, '0', NULL, '0', NULL, NULL, '2016-08-18 02:45:17', '2016-08-25 01:48:07', '86a8bc07-747a-4308-a2d5-a00ec5eb7176'),
 ('23', '23', 'en_us', 'Puer', NULL, '', '<p>Digital. I experimented quite a bit with this one. I started out using Artflow on a Samsung Note 8.0, but finished it in AutoDesk SketchBook on a Samsung Note Pro.</p>', '<p>One of my cats. He loves having his armpits scratched. </p>', '1', 'right center', '0', NULL, NULL, '2016-08-18 02:47:07', '2016-08-20 15:37:33', '0b5c2dc9-1626-4d27-88d4-09cd6e33acc3'),
 ('24', '24', 'en_us', 'Me And Dad Blue Car', NULL, NULL, NULL, NULL, '0', NULL, '0', NULL, NULL, '2016-08-19 02:14:04', '2016-08-25 01:48:07', '5735b82c-2197-4c96-b5b8-65ecc6f279e9'),
 ('25', '25', 'en_us', 'Blue Car', NULL, '', '<p>Digital. Primarily done on a Samsung Note Pro with the AutoDesk SketchBook app. However, I tinkered with other programs as well.</p>', '<p>This was a 3x5 photo of me and my dad. The photo was grainy in addition to being small, making the painting incredibly difficult. It took me almost two years to complete, but I was incredibly pleased with the results. </p>', '1', '30% center', '0', NULL, NULL, '2016-08-19 02:17:03', '2016-08-21 22:20:13', '028fc19c-10cf-41dd-95ee-6b65a37873bc'),
 ('26', '26', 'en_us', 'Me', NULL, NULL, NULL, NULL, '0', NULL, '0', NULL, NULL, '2016-08-21 01:36:17', '2016-08-25 01:48:07', 'c67e4634-83c6-4df9-a941-2fc5cd599f88'),
 ('27', '27', 'en_us', 'Bacardi', NULL, NULL, NULL, NULL, '0', NULL, '0', NULL, NULL, '2016-08-21 23:23:57', '2016-08-25 01:48:08', '93c73887-30a4-49af-98cd-b58ece043184');



DROP TABLE IF EXISTS `craft_deprecationerrors`;


--
-- Schema for table `craft_deprecationerrors`
--
CREATE TABLE `craft_deprecationerrors` (
  `id` int(11) NOT NULL AUTO_INCREMENT,
  `key` varchar(255) COLLATE utf8_unicode_ci NOT NULL,
  `fingerprint` varchar(255) COLLATE utf8_unicode_ci NOT NULL,
  `lastOccurrence` datetime NOT NULL,
  `file` varchar(255) COLLATE utf8_unicode_ci NOT NULL,
  `line` smallint(6) unsigned NOT NULL,
  `class` varchar(255) COLLATE utf8_unicode_ci DEFAULT NULL,
  `method` varchar(255) COLLATE utf8_unicode_ci DEFAULT NULL,
  `template` varchar(255) COLLATE utf8_unicode_ci DEFAULT NULL,
  `templateLine` smallint(6) unsigned DEFAULT NULL,
  `message` varchar(255) COLLATE utf8_unicode_ci DEFAULT NULL,
  `traces` text COLLATE utf8_unicode_ci,
  `dateCreated` datetime NOT NULL,
  `dateUpdated` datetime NOT NULL,
  `uid` char(36) COLLATE utf8_unicode_ci NOT NULL DEFAULT '0',
  PRIMARY KEY (`id`),
  UNIQUE KEY `craft_deprecationerrors_key_fingerprint_unq_idx` (`key`,`fingerprint`)
) ENGINE=InnoDB DEFAULT CHARSET=utf8 COLLATE=utf8_unicode_ci;

DROP TABLE IF EXISTS `craft_elementindexsettings`;


--
-- Schema for table `craft_elementindexsettings`
--
CREATE TABLE `craft_elementindexsettings` (
  `id` int(11) NOT NULL AUTO_INCREMENT,
  `type` varchar(150) COLLATE utf8_unicode_ci NOT NULL,
  `settings` text COLLATE utf8_unicode_ci,
  `dateCreated` datetime NOT NULL,
  `dateUpdated` datetime NOT NULL,
  `uid` char(36) COLLATE utf8_unicode_ci NOT NULL DEFAULT '0',
  PRIMARY KEY (`id`),
  UNIQUE KEY `craft_elementindexsettings_type_unq_idx` (`type`)
) ENGINE=InnoDB DEFAULT CHARSET=utf8 COLLATE=utf8_unicode_ci;

DROP TABLE IF EXISTS `craft_elements`;


--
-- Schema for table `craft_elements`
--
CREATE TABLE `craft_elements` (
  `id` int(11) NOT NULL AUTO_INCREMENT,
  `type` varchar(150) COLLATE utf8_unicode_ci NOT NULL,
  `enabled` tinyint(1) unsigned NOT NULL DEFAULT '1',
  `archived` tinyint(1) unsigned NOT NULL DEFAULT '0',
  `dateCreated` datetime NOT NULL,
  `dateUpdated` datetime NOT NULL,
  `uid` char(36) COLLATE utf8_unicode_ci NOT NULL DEFAULT '0',
  PRIMARY KEY (`id`),
  KEY `craft_elements_type_idx` (`type`),
  KEY `craft_elements_enabled_idx` (`enabled`),
  KEY `craft_elements_archived_dateCreated_idx` (`archived`,`dateCreated`)
) ENGINE=InnoDB AUTO_INCREMENT=28 DEFAULT CHARSET=utf8 COLLATE=utf8_unicode_ci;

--
-- Data for table `craft_elements`
--

INSERT INTO `craft_elements` (`id`, `type`, `enabled`, `archived`, `dateCreated`, `dateUpdated`, `uid`) VALUES
 ('1', 'User', '1', '0', '2015-12-05 19:12:26', '2015-12-05 19:12:26', '66db0885-8e19-4792-9a3b-2a917532629e'),
 ('2', 'Entry', '1', '0', '2015-12-05 19:12:27', '2016-07-07 00:22:12', '92d5764d-8d22-4ffb-ac85-76658cf2fe4b'),
 ('3', 'Entry', '1', '0', '2015-12-05 19:12:27', '2016-08-22 02:57:33', '2cae9e5f-e3df-4e69-b00d-5f1e967e1997'),
 ('4', 'Entry', '1', '0', '2016-01-18 20:38:12', '2016-08-21 23:21:19', '87c354b4-1b9b-4bb1-8a7e-c4dfdc921cca'),
 ('9', 'Asset', '1', '0', '2016-01-19 01:38:49', '2016-08-25 01:48:06', '3d4aca20-f9a8-496a-a7cf-b9b2cf6d88dc'),
 ('11', 'Asset', '1', '0', '2016-01-19 02:54:23', '2016-08-25 01:48:06', 'd4b14122-4609-4e18-974d-584374c25473'),
 ('17', 'Entry', '1', '0', '2016-08-09 01:41:50', '2016-08-20 15:22:11', '99e1733b-d45b-4f9e-a97f-25b8cf64b09e'),
 ('19', 'Asset', '1', '0', '2016-08-09 02:07:50', '2016-08-25 01:48:07', '4ca844a1-bebc-4742-a27a-c84af8530b99'),
 ('20', 'Asset', '1', '0', '2016-08-18 02:02:38', '2016-08-25 01:48:07', '14413445-aa4d-4102-a339-6b2b183e2c30'),
 ('21', 'Entry', '1', '0', '2016-08-18 02:03:40', '2016-08-20 15:22:22', '11835dd8-59fa-4ba9-8d77-6755c58d72e7'),
 ('22', 'Asset', '1', '0', '2016-08-18 02:45:17', '2016-08-25 01:48:07', '98580831-e042-47c3-b5ca-7887b0051e7a'),
 ('23', 'Entry', '1', '0', '2016-08-18 02:47:07', '2016-08-20 15:37:33', '8b65e1c2-24fc-4f28-941a-0c4743d0b7a4'),
 ('24', 'Asset', '1', '0', '2016-08-19 02:14:04', '2016-08-25 01:48:07', 'ef5e7f99-a040-42a4-81c0-68efbbaf3251'),
 ('25', 'Entry', '1', '0', '2016-08-19 02:17:03', '2016-08-21 22:20:13', 'de5253ed-94e0-46e3-a23b-f13121f6c678'),
 ('26', 'Asset', '1', '0', '2016-08-21 01:36:17', '2016-08-25 01:48:07', 'cbe174ce-563c-4357-ad54-9585679d026d'),
 ('27', 'Asset', '1', '0', '2016-08-21 23:23:57', '2016-08-25 01:48:08', '3ea03ab9-64e0-4b9e-903e-afa173dd8b6b');



DROP TABLE IF EXISTS `craft_elements_i18n`;


--
-- Schema for table `craft_elements_i18n`
--
CREATE TABLE `craft_elements_i18n` (
  `id` int(11) NOT NULL AUTO_INCREMENT,
  `elementId` int(11) NOT NULL,
  `locale` char(12) COLLATE utf8_unicode_ci NOT NULL,
  `slug` varchar(255) COLLATE utf8_unicode_ci DEFAULT NULL,
  `uri` varchar(255) COLLATE utf8_unicode_ci DEFAULT NULL,
  `enabled` tinyint(1) unsigned NOT NULL DEFAULT '1',
  `dateCreated` datetime NOT NULL,
  `dateUpdated` datetime NOT NULL,
  `uid` char(36) COLLATE utf8_unicode_ci NOT NULL DEFAULT '0',
  PRIMARY KEY (`id`),
  UNIQUE KEY `craft_elements_i18n_elementId_locale_unq_idx` (`elementId`,`locale`),
  UNIQUE KEY `craft_elements_i18n_uri_locale_unq_idx` (`uri`,`locale`),
  KEY `craft_elements_i18n_slug_locale_idx` (`slug`,`locale`),
  KEY `craft_elements_i18n_enabled_idx` (`enabled`),
  KEY `craft_elements_i18n_locale_fk` (`locale`)
) ENGINE=InnoDB AUTO_INCREMENT=28 DEFAULT CHARSET=utf8 COLLATE=utf8_unicode_ci;

--
-- Data for table `craft_elements_i18n`
--

INSERT INTO `craft_elements_i18n` (`id`, `elementId`, `locale`, `slug`, `uri`, `enabled`, `dateCreated`, `dateUpdated`, `uid`) VALUES
 ('1', '1', 'en_us', '', NULL, '1', '2015-12-05 19:12:26', '2015-12-05 19:12:26', '3baf7b87-0edf-4772-9bab-90663d86122c'),
 ('2', '2', 'en_us', 'homepage', '__home__', '1', '2015-12-05 19:12:27', '2016-07-07 00:22:12', '7274b213-1bed-40db-abec-7a406bae9b49'),
 ('3', '3', 'en_us', 'we-just-installed-craft', 'blog/we-just-installed-craft', '1', '2015-12-05 19:12:27', '2016-08-22 02:57:34', '688ef9a1-ab76-400a-80b6-b17e29faaec2'),
 ('4', '4', 'en_us', 'new-test-entry', 'blog/new-test-entry', '1', '2016-01-18 20:38:12', '2016-08-21 23:21:19', '7ed2543a-284f-4687-82d1-9cd0994a6d37'),
 ('9', '9', 'en_us', '1st-floor-data-closet', NULL, '1', '2016-01-19 01:38:49', '2016-08-25 01:48:06', '3e20bd03-a2f4-4917-b71c-bc0021b9fb99'),
 ('11', '11', 'en_us', '2nd-floor-data-closet-messy', NULL, '1', '2016-01-19 02:54:23', '2016-08-25 01:48:06', '10769fef-508e-421e-a610-e05c37a94e31'),
 ('17', '17', 'en_us', 'untitled', 'art/untitled', '1', '2016-08-09 01:41:51', '2016-08-20 15:22:11', '18f0682c-a157-43fc-9b38-a0ab74513cc7'),
 ('19', '19', 'en_us', 'masterpiece-500x399', NULL, '1', '2016-08-09 02:07:50', '2016-08-25 01:48:07', '4a42b933-6536-4b80-a00b-ca90b101723a'),
 ('20', '20', 'en_us', 'puella', NULL, '1', '2016-08-18 02:02:38', '2016-08-25 01:48:07', 'a8023304-7cf9-413a-8d7e-44d17c931665'),
 ('21', '21', 'en_us', 'puella', 'art/puella', '1', '2016-08-18 02:03:40', '2016-08-20 15:22:22', '65a9e673-828d-4a0a-80ef-83bf2348c703'),
 ('22', '22', 'en_us', 'puer', NULL, '1', '2016-08-18 02:45:17', '2016-08-25 01:48:07', '56f9853d-1ef2-4bd2-aa61-bc711d57e3c5'),
 ('23', '23', 'en_us', 'puer', 'art/puer', '1', '2016-08-18 02:47:07', '2016-08-20 15:37:33', '2c51c7bd-a669-4e77-9650-9634072fe2d2'),
 ('24', '24', 'en_us', 'me-and-dad-blue-car', NULL, '1', '2016-08-19 02:14:04', '2016-08-25 01:48:07', '491217e1-5f06-4e45-b8c6-fb3d7e2deccb'),
 ('25', '25', 'en_us', 'blue-car', 'art/blue-car', '1', '2016-08-19 02:17:03', '2016-08-21 22:20:13', 'e83c8f99-0c72-4485-a84f-c21c830de1d6'),
 ('26', '26', 'en_us', 'me', NULL, '1', '2016-08-21 01:36:17', '2016-08-25 01:48:07', 'e799ea9c-2b4a-4b56-ad4e-a0ee76dd0561'),
 ('27', '27', 'en_us', 'bacardi', NULL, '1', '2016-08-21 23:23:57', '2016-08-25 01:48:08', 'b700916b-7f8c-467f-99f3-c683c6d6ffea');



DROP TABLE IF EXISTS `craft_emailmessages`;


--
-- Schema for table `craft_emailmessages`
--
CREATE TABLE `craft_emailmessages` (
  `id` int(11) NOT NULL AUTO_INCREMENT,
  `key` char(150) COLLATE utf8_unicode_ci NOT NULL,
  `locale` char(12) COLLATE utf8_unicode_ci NOT NULL,
  `subject` varchar(1000) COLLATE utf8_unicode_ci NOT NULL,
  `body` text COLLATE utf8_unicode_ci NOT NULL,
  `dateCreated` datetime NOT NULL,
  `dateUpdated` datetime NOT NULL,
  `uid` char(36) COLLATE utf8_unicode_ci NOT NULL DEFAULT '0',
  PRIMARY KEY (`id`),
  UNIQUE KEY `craft_emailmessages_key_locale_unq_idx` (`key`,`locale`),
  KEY `craft_emailmessages_locale_fk` (`locale`)
) ENGINE=InnoDB DEFAULT CHARSET=utf8 COLLATE=utf8_unicode_ci;

DROP TABLE IF EXISTS `craft_entries`;


--
-- Schema for table `craft_entries`
--
CREATE TABLE `craft_entries` (
  `id` int(11) NOT NULL,
  `sectionId` int(11) NOT NULL,
  `typeId` int(11) DEFAULT NULL,
  `authorId` int(11) DEFAULT NULL,
  `postDate` datetime DEFAULT NULL,
  `expiryDate` datetime DEFAULT NULL,
  `dateCreated` datetime NOT NULL,
  `dateUpdated` datetime NOT NULL,
  `uid` char(36) COLLATE utf8_unicode_ci NOT NULL DEFAULT '0',
  PRIMARY KEY (`id`),
  KEY `craft_entries_sectionId_idx` (`sectionId`),
  KEY `craft_entries_typeId_idx` (`typeId`),
  KEY `craft_entries_postDate_idx` (`postDate`),
  KEY `craft_entries_expiryDate_idx` (`expiryDate`),
  KEY `craft_entries_authorId_fk` (`authorId`)
) ENGINE=InnoDB DEFAULT CHARSET=utf8 COLLATE=utf8_unicode_ci;

--
-- Data for table `craft_entries`
--

INSERT INTO `craft_entries` (`id`, `sectionId`, `typeId`, `authorId`, `postDate`, `expiryDate`, `dateCreated`, `dateUpdated`, `uid`) VALUES
 ('2', '1', '1', NULL, '2016-01-19 02:46:36', NULL, '2015-12-05 19:12:27', '2016-07-07 00:22:12', '19aefd64-f485-4810-83bf-41b9e4047d64'),
 ('3', '2', '9', '1', '2015-12-05 19:12:00', NULL, '2015-12-05 19:12:27', '2016-08-22 02:57:34', '466ac249-7f55-4c6d-ae0a-ff2b25ecd419'),
 ('4', '2', '8', '1', '2016-06-28 18:19:00', NULL, '2016-01-18 20:38:12', '2016-08-21 23:21:19', '0221379a-3bce-45e4-8c0a-7b9de3beae35'),
 ('17', '5', '7', '1', '2016-08-09 01:41:00', NULL, '2016-08-09 01:41:51', '2016-08-20 15:22:11', '0d2202cb-a801-4fc5-9ed6-236479333c4f'),
 ('21', '5', '6', '1', '2016-08-18 02:03:00', NULL, '2016-08-18 02:03:40', '2016-08-20 15:22:22', 'a75bbbcf-1761-453a-8596-6739ff2e523d'),
 ('23', '5', '6', '1', '2016-08-18 02:47:00', NULL, '2016-08-18 02:47:07', '2016-08-20 15:37:33', 'd265f3f5-ae7f-46ff-a387-f8bbb9d600e6'),
 ('25', '5', '6', '1', '2016-08-19 02:17:00', NULL, '2016-08-19 02:17:03', '2016-08-21 22:20:13', '754bad4b-85ef-4fbc-aa8a-1e768b65f3c2');



DROP TABLE IF EXISTS `craft_entrydrafts`;


--
-- Schema for table `craft_entrydrafts`
--
CREATE TABLE `craft_entrydrafts` (
  `id` int(11) NOT NULL AUTO_INCREMENT,
  `entryId` int(11) NOT NULL,
  `sectionId` int(11) NOT NULL,
  `creatorId` int(11) NOT NULL,
  `locale` char(12) COLLATE utf8_unicode_ci NOT NULL,
  `name` varchar(255) COLLATE utf8_unicode_ci NOT NULL,
  `notes` tinytext COLLATE utf8_unicode_ci,
  `data` mediumtext COLLATE utf8_unicode_ci NOT NULL,
  `dateCreated` datetime NOT NULL,
  `dateUpdated` datetime NOT NULL,
  `uid` char(36) COLLATE utf8_unicode_ci NOT NULL DEFAULT '0',
  PRIMARY KEY (`id`),
  KEY `craft_entrydrafts_entryId_locale_idx` (`entryId`,`locale`),
  KEY `craft_entrydrafts_sectionId_fk` (`sectionId`),
  KEY `craft_entrydrafts_creatorId_fk` (`creatorId`),
  KEY `craft_entrydrafts_locale_fk` (`locale`)
) ENGINE=InnoDB AUTO_INCREMENT=2 DEFAULT CHARSET=utf8 COLLATE=utf8_unicode_ci;

--
-- Data for table `craft_entrydrafts`
--

INSERT INTO `craft_entrydrafts` (`id`, `entryId`, `sectionId`, `creatorId`, `locale`, `name`, `notes`, `data`, `dateCreated`, `dateUpdated`, `uid`) VALUES
 ('1', '4', '2', '1', 'en_us', 'Draft 1', NULL, '{\"typeId\":null,\"authorId\":\"1\",\"title\":\"New test entry\",\"slug\":\"new-test-entry\",\"postDate\":null,\"expiryDate\":null,\"enabled\":1,\"parentId\":null,\"fields\":{\"1\":\"<p>Just checking out Craft.&nbsp;<\\/p>\",\"2\":\"\"}}', '2016-01-18 20:38:12', '2016-01-18 20:38:12', 'ed4d7e1c-affb-420d-a470-a7ecb5973d79');



DROP TABLE IF EXISTS `craft_entrytypes`;


--
-- Schema for table `craft_entrytypes`
--
CREATE TABLE `craft_entrytypes` (
  `id` int(11) NOT NULL AUTO_INCREMENT,
  `sectionId` int(11) NOT NULL,
  `fieldLayoutId` int(11) DEFAULT NULL,
  `name` varchar(255) COLLATE utf8_unicode_ci NOT NULL,
  `handle` varchar(255) COLLATE utf8_unicode_ci NOT NULL,
  `hasTitleField` tinyint(1) unsigned NOT NULL DEFAULT '1',
  `titleLabel` varchar(255) COLLATE utf8_unicode_ci DEFAULT 'Title',
  `titleFormat` varchar(255) COLLATE utf8_unicode_ci DEFAULT NULL,
  `sortOrder` smallint(6) unsigned DEFAULT NULL,
  `dateCreated` datetime NOT NULL,
  `dateUpdated` datetime NOT NULL,
  `uid` char(36) COLLATE utf8_unicode_ci NOT NULL DEFAULT '0',
  PRIMARY KEY (`id`),
  UNIQUE KEY `craft_entrytypes_name_sectionId_unq_idx` (`name`,`sectionId`),
  UNIQUE KEY `craft_entrytypes_handle_sectionId_unq_idx` (`handle`,`sectionId`),
  KEY `craft_entrytypes_sectionId_fk` (`sectionId`),
  KEY `craft_entrytypes_fieldLayoutId_fk` (`fieldLayoutId`)
) ENGINE=InnoDB AUTO_INCREMENT=10 DEFAULT CHARSET=utf8 COLLATE=utf8_unicode_ci;

--
-- Data for table `craft_entrytypes`
--

INSERT INTO `craft_entrytypes` (`id`, `sectionId`, `fieldLayoutId`, `name`, `handle`, `hasTitleField`, `titleLabel`, `titleFormat`, `sortOrder`, `dateCreated`, `dateUpdated`, `uid`) VALUES
 ('1', '1', '53', 'Homepage', 'homepage', '1', 'Title', NULL, NULL, '2015-12-05 19:12:27', '2016-07-07 00:01:31', '9d883062-08a4-415f-ba97-878653aa4682'),
 ('4', '4', '63', 'Web Development', 'webDevelopment', '1', 'Title', NULL, NULL, '2016-08-09 00:21:44', '2016-08-09 00:21:44', '4768799a-7f5b-4d4c-9b3b-88b4a5135553'),
 ('6', '5', '79', 'Digital Art', 'digitalArt', '1', 'Title', NULL, NULL, '2016-08-09 00:29:31', '2016-08-20 15:19:47', '494bfdae-05fb-4c4d-af59-21263855c1b1'),
 ('7', '5', '78', 'Paintings', 'paintings', '1', 'Title', NULL, NULL, '2016-08-09 00:30:57', '2016-08-20 15:19:38', '61832c35-6088-4acd-a968-3f160f5ab8cb'),
 ('8', '2', '87', 'Business', 'business', '1', 'Title', NULL, NULL, '2016-08-21 22:42:32', '2016-08-22 02:52:34', 'de7c18d4-0009-4e4b-b189-581cc7a900d7'),
 ('9', '2', '88', 'Pleasure', 'pleasure', '1', 'Title', NULL, NULL, '2016-08-21 22:48:17', '2016-08-22 02:52:43', '42db7803-236e-4005-9f7a-37dc3366d409');



DROP TABLE IF EXISTS `craft_entryversions`;


--
-- Schema for table `craft_entryversions`
--
CREATE TABLE `craft_entryversions` (
  `id` int(11) NOT NULL AUTO_INCREMENT,
  `entryId` int(11) NOT NULL,
  `sectionId` int(11) NOT NULL,
  `creatorId` int(11) DEFAULT NULL,
  `locale` char(12) COLLATE utf8_unicode_ci NOT NULL,
  `num` smallint(6) unsigned NOT NULL,
  `notes` tinytext COLLATE utf8_unicode_ci,
  `data` mediumtext COLLATE utf8_unicode_ci NOT NULL,
  `dateCreated` datetime NOT NULL,
  `dateUpdated` datetime NOT NULL,
  `uid` char(36) COLLATE utf8_unicode_ci NOT NULL DEFAULT '0',
  PRIMARY KEY (`id`),
  KEY `craft_entryversions_entryId_locale_idx` (`entryId`,`locale`),
  KEY `craft_entryversions_sectionId_fk` (`sectionId`),
  KEY `craft_entryversions_creatorId_fk` (`creatorId`),
  KEY `craft_entryversions_locale_fk` (`locale`)
) ENGINE=InnoDB AUTO_INCREMENT=55 DEFAULT CHARSET=utf8 COLLATE=utf8_unicode_ci;

--
-- Data for table `craft_entryversions`
--

INSERT INTO `craft_entryversions` (`id`, `entryId`, `sectionId`, `creatorId`, `locale`, `num`, `notes`, `data`, `dateCreated`, `dateUpdated`, `uid`) VALUES
 ('1', '2', '1', '1', 'en_us', '1', NULL, '{\"typeId\":\"1\",\"authorId\":null,\"title\":\"Homepage\",\"slug\":\"homepage\",\"postDate\":1449342747,\"expiryDate\":null,\"enabled\":1,\"parentId\":null,\"fields\":[]}', '2015-12-05 19:12:27', '2015-12-05 19:12:27', '186ac019-db08-4ee7-a373-6d86101f0c7f'),
 ('2', '2', '1', '1', 'en_us', '2', NULL, '{\"typeId\":null,\"authorId\":null,\"title\":\"Welcome to Craft.jimchristie.me!\",\"slug\":\"homepage\",\"postDate\":1449342747,\"expiryDate\":null,\"enabled\":\"1\",\"parentId\":null,\"fields\":{\"1\":\"<p>It\\u2019s true, this site doesn\\u2019t have a whole lot of content yet, but don\\u2019t worry. Our web developers have just installed the CMS, and they\\u2019re setting things up for the content editors this very moment. Soon Craft.jimchristie.me will be an oasis of fresh perspectives, sharp analyses, and astute opinions that will keep you coming back again and again.<\\/p>\"}}', '2015-12-05 19:12:27', '2015-12-05 19:12:27', '256f98f7-6404-4f7b-871f-2841c1043bb5'),
 ('3', '3', '2', '1', 'en_us', '1', NULL, '{\"typeId\":\"2\",\"authorId\":\"1\",\"title\":\"We just installed Craft!\",\"slug\":\"we-just-installed-craft\",\"postDate\":1449342747,\"expiryDate\":null,\"enabled\":1,\"parentId\":null,\"fields\":[]}', '2015-12-05 19:12:27', '2015-12-05 19:12:27', '7243b993-e3d6-4088-9d96-1819f6b1adea'),
 ('4', '4', '2', '1', 'en_us', '1', NULL, '{\"typeId\":null,\"authorId\":\"1\",\"title\":\"New test entry\",\"slug\":\"new-test-entry\",\"postDate\":null,\"expiryDate\":null,\"enabled\":0,\"parentId\":null,\"fields\":[]}', '2016-01-18 20:38:12', '2016-01-18 20:38:12', '284750b0-22b4-4ebe-9cf6-6d7ec9a33a04'),
 ('5', '4', '2', '1', 'en_us', '2', '', '{\"typeId\":\"2\",\"authorId\":\"1\",\"title\":\"New test entry\",\"slug\":\"new-test-entry\",\"postDate\":null,\"expiryDate\":null,\"enabled\":0,\"parentId\":null,\"fields\":{\"1\":\"<p>I\'m just checking out craft. I can\'t figure out how to add an image to my post.<\\/p>\\r\\n\\r\\n<p>Paragraph 2<\\/p>\\r\\n\\r\\n<p><br><\\/p>\",\"2\":\"\"}}', '2016-01-18 20:48:44', '2016-01-18 20:48:44', '4ebf8e88-4481-4a20-9c75-a7f60963a942'),
 ('8', '4', '2', '1', 'en_us', '3', '', '{\"typeId\":\"2\",\"authorId\":\"1\",\"title\":\"New test entry\",\"slug\":\"new-test-entry\",\"postDate\":null,\"expiryDate\":null,\"enabled\":0,\"parentId\":null,\"fields\":{\"1\":\"<p>I\'m just checking out craft. I can\'t figure out how to add an image to my post.<\\/p>\\r\\n\\r\\n<p>Paragraph 2<\\/p>\\r\\n\\r\\n\\r\\n\\r\\n\\r\\n\\r\\n<p><br><\\/p>\",\"2\":\"\",\"3\":[\"9\"]}}', '2016-01-19 02:47:44', '2016-01-19 02:47:44', '958259de-8d0a-4570-8220-264ade9e3d42'),
 ('9', '4', '2', '1', 'en_us', '4', '', '{\"typeId\":\"2\",\"authorId\":\"1\",\"title\":\"New test entry\",\"slug\":\"new-test-entry\",\"postDate\":null,\"expiryDate\":null,\"enabled\":0,\"parentId\":null,\"fields\":{\"1\":\"<p>I\'m just checking out craft. I can\'t figure out how to add an image to my post.<\\/p>\\r\\n\\r\\n<p>Paragraph 2<\\/p>\",\"2\":\"\",\"3\":[\"9\",\"11\"]}}', '2016-01-19 02:55:02', '2016-01-19 02:55:02', 'b15ba06f-1f4e-4831-99ea-f15955b05c3a'),
 ('10', '4', '2', '1', 'en_us', '5', '', '{\"typeId\":\"2\",\"authorId\":\"1\",\"title\":\"New test entry\",\"slug\":\"new-test-entry\",\"postDate\":1467137965,\"expiryDate\":null,\"enabled\":1,\"parentId\":null,\"fields\":{\"1\":\"<p>I\'m just checking out craft. I can\'t figure out how to add an image to my post.<\\/p>\\r\\n\\r\\n<p>Paragraph 2<\\/p>\",\"2\":\"\",\"3\":[\"9\",\"11\"]}}', '2016-06-28 18:19:25', '2016-06-28 18:19:25', '1cc94c0a-0b72-4ff3-b3e4-920e7396dc69'),
 ('11', '4', '2', '1', 'en_us', '6', '', '{\"typeId\":\"2\",\"authorId\":\"1\",\"title\":\"New test entry\",\"slug\":\"new-test-entry\",\"postDate\":1467137940,\"expiryDate\":null,\"enabled\":1,\"parentId\":null,\"fields\":{\"1\":\"<p>I\'m just checking out craft. I can\'t figure out how to add an image to my post.<\\/p>\\r\\n\\r\\n<p>Paragraph 2<\\/p><p><a href=\\\"http:\\/\\/craft.jimchristie.me\\/images\\/1st-Floor-Data-Closet.jpg#asset:9\\\">1St Floor Data Closet<\\/a><br><\\/p>\",\"2\":\"\",\"3\":[\"9\",\"11\"]}}', '2016-06-28 18:20:15', '2016-06-28 18:20:15', '8b5aafab-354c-4ebc-ae87-03aef3a1b64f'),
 ('12', '4', '2', '1', 'en_us', '7', '', '{\"typeId\":\"2\",\"authorId\":\"1\",\"title\":\"New test entry\",\"slug\":\"new-test-entry\",\"postDate\":1467137940,\"expiryDate\":null,\"enabled\":1,\"parentId\":null,\"fields\":{\"1\":\"<p>I\'m just checking out craft. I can\'t figure out how to add an image to my post.<\\/p>\\r\\n\\r\\n<p>Paragraph 2<\\/p>\",\"2\":\"\",\"3\":[\"9\",\"11\"]}}', '2016-06-28 18:20:38', '2016-06-28 18:20:38', '9c8551cc-d27f-4fb0-9206-c76aba0f888c'),
 ('13', '4', '2', '1', 'en_us', '8', '', '{\"typeId\":\"2\",\"authorId\":\"1\",\"title\":\"New test entry\",\"slug\":\"new-test-entry\",\"postDate\":1467137940,\"expiryDate\":null,\"enabled\":1,\"parentId\":null,\"fields\":{\"1\":\"<p>I\'m just checking out craft. I can\'t figure out how to add an image to my post.<\\/p>\\r\\n\\r\\n<p>Paragraph 2<\\/p><p><br><\\/p><p><img src=\\\"http:\\/\\/craft.jimchristie.me\\/images\\/1st-Floor-Data-Closet.jpg#asset:9\\\"><br><\\/p>\",\"2\":\"\",\"3\":[\"9\",\"11\"]}}', '2016-06-28 20:17:11', '2016-06-28 20:17:11', 'ac40b12c-fc04-4aeb-b17d-9aba8d0b35f4'),
 ('14', '4', '2', '1', 'en_us', '9', '', '{\"typeId\":\"2\",\"authorId\":\"1\",\"title\":\"New test entry\",\"slug\":\"new-test-entry\",\"postDate\":1467137940,\"expiryDate\":null,\"enabled\":1,\"parentId\":null,\"fields\":{\"1\":\"<p>I\'m just checking out craft. I can\'t figure out how to add an image to my post.<\\/p>\\r\\n\\r\\n<p>Paragraph 2<\\/p>\\r\\n\\r\\n<p><br><\\/p>\\r\\n\\r\\n<p><br><\\/p>\",\"2\":\"\",\"3\":[\"9\",\"11\"]}}', '2016-06-28 20:17:43', '2016-06-28 20:17:43', '8c6ab5a7-80fe-48c3-af02-6e6e2a1a12d2'),
 ('15', '2', '1', '1', 'en_us', '3', '', '{\"typeId\":\"1\",\"authorId\":null,\"title\":\"Random Triangles\",\"slug\":\"homepage\",\"postDate\":1453171596,\"expiryDate\":null,\"enabled\":1,\"parentId\":null,\"fields\":[]}', '2016-07-06 23:56:48', '2016-07-06 23:56:48', '1065fb5d-a565-4c7d-b3f0-b0adfee7d97d'),
 ('16', '2', '1', '1', 'en_us', '4', '', '{\"typeId\":\"1\",\"authorId\":null,\"title\":\"Hello\",\"slug\":\"homepage\",\"postDate\":1453171596,\"expiryDate\":null,\"enabled\":1,\"parentId\":null,\"fields\":{\"1\":\"<p>I\'m Jim Christie. I\'m a web devoloper, an agile coach, a cyclist, and sometimes, an artist. As anyone who works on the internet should, I love cats.<\\/p><p>I&nbsp;have over five years of web development experience. I lean strongly toward back end functionality of websites. I can do design, but I don\'t love it and, consequently, I\'m not the best at it.<\\/p><p>I\'ve become a strong supporter of agile methodologies.<\\/p>\",\"2\":\"\",\"3\":\"\"}}', '2016-07-07 00:22:12', '2016-07-07 00:22:12', 'd77a6e52-9220-4969-ac13-e06b130e6ca0'),
 ('17', '17', '5', '1', 'en_us', '1', '', '{\"typeId\":\"7\",\"authorId\":\"1\",\"title\":\"Untitled\",\"slug\":\"untitled\",\"postDate\":1470706910,\"expiryDate\":null,\"enabled\":1,\"parentId\":null,\"fields\":{\"6\":\"<p>This was a project in a painting class in college. The assignment was to create a painting by pouring paint on the canvas. This was the second iteration of this assignment. The first was criticized by the professor as being too layered. My professor didn\'t like that he cold tell the order that the paint was poured onto the canvas, though I&nbsp;disagreed. However, in the interest of getting a good grade, I&nbsp;pushed my painting as far from that criticism as I&nbsp;could. This was the result, which I&nbsp;have been incredibly pleased with.<\\/p>\",\"5\":\"<p>Acrylic on canvas.<\\/p><p>Applied by mixing paint with water and pouring it onto the canvas. I&nbsp;then manipulated the canvas to force the paint to flow in different directions.<\\/p>\",\"4\":\"\"}}', '2016-08-09 01:41:51', '2016-08-09 01:41:51', '01ca564a-27d2-41dc-8879-a091d71dcb0e'),
 ('18', '17', '5', '1', 'en_us', '2', '', '{\"typeId\":\"7\",\"authorId\":\"1\",\"title\":\"Untitled\",\"slug\":\"untitled\",\"postDate\":1470706860,\"expiryDate\":null,\"enabled\":1,\"parentId\":null,\"fields\":{\"6\":\"<p>This was a project in a painting class in college. The assignment was to create a painting by pouring paint on the canvas. This was the second iteration of this assignment. The first was criticized by the professor as being too layered. My professor didn\'t like that he cold tell the order that the paint was poured onto the canvas, though I&nbsp;disagreed. However, in the interest of getting a good grade, I&nbsp;pushed my painting as far from that criticism as I&nbsp;could. This was the result, which I&nbsp;have been incredibly pleased with.<\\/p>\",\"7\":[\"18\"],\"5\":\"<p>Acrylic on canvas.<\\/p>\\r\\n\\r\\n<p>Applied by mixing paint with water and pouring it onto the canvas. I&nbsp;then manipulated the canvas to force the paint to flow in different directions.<\\/p>\",\"4\":\"\"}}', '2016-08-09 01:55:42', '2016-08-09 01:55:42', '87cf34fc-d415-420d-bb23-c261b33de4a3'),
 ('19', '17', '5', '1', 'en_us', '3', '', '{\"typeId\":\"7\",\"authorId\":\"1\",\"title\":\"Untitled\",\"slug\":\"untitled\",\"postDate\":1470706860,\"expiryDate\":null,\"enabled\":1,\"parentId\":null,\"fields\":{\"6\":\"<p>This was a project in a painting class in college. The assignment was to create a painting by pouring paint on the canvas. This was the second iteration of this assignment. The first was criticized by the professor as being too layered. My professor didn\'t like that he cold tell the order that the paint was poured onto the canvas, though I&nbsp;disagreed. However, in the interest of getting a good grade, I&nbsp;pushed my painting as far from that criticism as I&nbsp;could. This was the result, which I&nbsp;have been incredibly pleased with.<\\/p>\",\"7\":[\"19\"],\"5\":\"<p>Acrylic on canvas.<\\/p>\\r\\n\\r\\n<p>Applied by mixing paint with water and pouring it onto the canvas. I&nbsp;then manipulated the canvas to force the paint to flow in different directions.<\\/p>\",\"4\":\"\"}}', '2016-08-09 02:07:55', '2016-08-09 02:07:55', 'b6bb904c-8d58-4af2-9489-a39e6229e9f6'),
 ('20', '21', '5', '1', 'en_us', '1', '', '{\"typeId\":\"6\",\"authorId\":\"1\",\"title\":\"Puella\",\"slug\":\"puella\",\"postDate\":1471485820,\"expiryDate\":null,\"enabled\":1,\"parentId\":null,\"fields\":{\"6\":\"<p>This is one of my cats. She\'s the best. And the worst.<\\/p>\",\"7\":[\"20\"],\"5\":\"<p>Digital. Created with AutoDesk Sketchbook on a Samsung Note Pro.<\\/p>\",\"4\":\"\"}}', '2016-08-18 02:03:40', '2016-08-18 02:03:40', 'd99c5303-5550-45eb-a074-6496140b9ce2'),
 ('21', '23', '5', '1', 'en_us', '1', '', '{\"typeId\":\"6\",\"authorId\":\"1\",\"title\":\"Puer\",\"slug\":\"puer\",\"postDate\":1471488427,\"expiryDate\":null,\"enabled\":1,\"parentId\":null,\"fields\":{\"6\":\"<p>One of my cats.&nbsp;He loves having his armpits scratched.&nbsp;<\\/p>\",\"7\":[\"22\"],\"5\":\"<p>Digital. I&nbsp;experimented quite a bit with this one. I&nbsp;started out using Artflow on a Samsung Note 8.0, but finished it in AutoDesk SketchBook on a Samsung Note Pro.<\\/p>\",\"4\":\"\"}}', '2016-08-18 02:47:07', '2016-08-18 02:47:07', 'fe0d5a61-8ff5-429f-93c5-d57309c1666f'),
 ('22', '25', '5', '1', 'en_us', '1', '', '{\"typeId\":\"6\",\"authorId\":\"1\",\"title\":\"Blue Car\",\"slug\":\"blue-car\",\"postDate\":1471573023,\"expiryDate\":null,\"enabled\":1,\"parentId\":null,\"fields\":{\"6\":\"<p>This was a 3x5 photo of me and my dad. The photo was grainy in addition to being small, making the painting incredibly difficult.&nbsp;It took me almost two years to complete, but I&nbsp;was incredibly pleased with the results.&nbsp;<\\/p>\",\"7\":[\"24\"],\"5\":\"<p>Digital. Primarily done on a Samsung Note Pro with the AutoDesk SketchBook app. However, I&nbsp;tinkered with other programs as well.<\\/p>\",\"4\":\"\"}}', '2016-08-19 02:17:03', '2016-08-19 02:17:03', '1353cfb1-7cc3-463d-82b7-5186b4358e2b'),
 ('23', '25', '5', '1', 'en_us', '2', '', '{\"typeId\":\"6\",\"authorId\":\"1\",\"title\":\"Blue Car\",\"slug\":\"blue-car\",\"postDate\":1471573020,\"expiryDate\":null,\"enabled\":1,\"parentId\":null,\"fields\":{\"6\":\"<p>This was a 3x5 photo of me and my dad. The photo was grainy in addition to being small, making the painting incredibly difficult.&nbsp;It took me almost two years to complete, but I&nbsp;was incredibly pleased with the results.&nbsp;<\\/p>\",\"8\":\"1\",\"9\":\"left center\",\"7\":[\"24\"],\"5\":\"<p>Digital. Primarily done on a Samsung Note Pro with the AutoDesk SketchBook app. However, I&nbsp;tinkered with other programs as well.<\\/p>\",\"4\":\"\"}}', '2016-08-20 15:20:14', '2016-08-20 15:20:14', '0e3f3177-aece-48fb-8c10-598ec3c87e05'),
 ('24', '23', '5', '1', 'en_us', '2', '', '{\"typeId\":\"6\",\"authorId\":\"1\",\"title\":\"Puer\",\"slug\":\"puer\",\"postDate\":1471488420,\"expiryDate\":null,\"enabled\":1,\"parentId\":null,\"fields\":{\"6\":\"<p>One of my cats.&nbsp;He loves having his armpits scratched.&nbsp;<\\/p>\",\"8\":\"1\",\"9\":\"right center\",\"7\":[\"22\"],\"5\":\"<p>Digital. I&nbsp;experimented quite a bit with this one. I&nbsp;started out using Artflow on a Samsung Note 8.0, but finished it in AutoDesk SketchBook on a Samsung Note Pro.<\\/p>\",\"4\":\"\"}}', '2016-08-20 15:21:09', '2016-08-20 15:21:09', '94bf8ad7-0064-404b-acd5-ba001b9e98e7'),
 ('25', '21', '5', '1', 'en_us', '2', '', '{\"typeId\":\"6\",\"authorId\":\"1\",\"title\":\"Puella\",\"slug\":\"puella\",\"postDate\":1471485780,\"expiryDate\":null,\"enabled\":1,\"parentId\":null,\"fields\":{\"6\":\"<p>This is one of my cats. She\'s the best. And the worst.<\\/p>\",\"8\":\"1\",\"9\":\"center center\",\"7\":[\"20\"],\"5\":\"<p>Digital. Created with AutoDesk Sketchbook on a Samsung Note Pro.<\\/p>\",\"4\":\"\"}}', '2016-08-20 15:21:49', '2016-08-20 15:21:49', 'eca1747f-a270-4a72-9988-fe04b5223c3f'),
 ('26', '17', '5', '1', 'en_us', '4', '', '{\"typeId\":\"7\",\"authorId\":\"1\",\"title\":\"Untitled\",\"slug\":\"untitled\",\"postDate\":1470706860,\"expiryDate\":null,\"enabled\":1,\"parentId\":null,\"fields\":{\"6\":\"<p>This was a project in a painting class in college. The assignment was to create a painting by pouring paint on the canvas. This was the second iteration of this assignment. The first was criticized by the professor as being too layered. My professor didn\'t like that he cold tell the order that the paint was poured onto the canvas, though I&nbsp;disagreed. However, in the interest of getting a good grade, I&nbsp;pushed my painting as far from that criticism as I&nbsp;could. This was the result, which I&nbsp;have been incredibly pleased with.<\\/p>\",\"8\":\"\",\"9\":\"center top\",\"7\":[\"19\"],\"5\":\"<p>Acrylic on canvas.<\\/p>\\r\\n\\r\\n<p>Applied by mixing paint with water and pouring it onto the canvas. I&nbsp;then manipulated the canvas to force the paint to flow in different directions.<\\/p>\",\"4\":\"\"}}', '2016-08-20 15:22:03', '2016-08-20 15:22:03', 'e01efeb1-abf8-4510-94b1-18251735801b'),
 ('27', '17', '5', '1', 'en_us', '5', '', '{\"typeId\":\"7\",\"authorId\":\"1\",\"title\":\"Untitled\",\"slug\":\"untitled\",\"postDate\":1470706860,\"expiryDate\":null,\"enabled\":1,\"parentId\":null,\"fields\":{\"6\":\"<p>This was a project in a painting class in college. The assignment was to create a painting by pouring paint on the canvas. This was the second iteration of this assignment. The first was criticized by the professor as being too layered. My professor didn\'t like that he cold tell the order that the paint was poured onto the canvas, though I&nbsp;disagreed. However, in the interest of getting a good grade, I&nbsp;pushed my painting as far from that criticism as I&nbsp;could. This was the result, which I&nbsp;have been incredibly pleased with.<\\/p>\",\"8\":\"1\",\"9\":\"center top\",\"7\":[\"19\"],\"5\":\"<p>Acrylic on canvas.<\\/p>\\r\\n\\r\\n<p>Applied by mixing paint with water and pouring it onto the canvas. I&nbsp;then manipulated the canvas to force the paint to flow in different directions.<\\/p>\",\"4\":\"\"}}', '2016-08-20 15:22:11', '2016-08-20 15:22:11', '120bcd24-02c8-4d4d-8a20-520a47ddfebe'),
 ('28', '21', '5', '1', 'en_us', '3', '', '{\"typeId\":\"6\",\"authorId\":\"1\",\"title\":\"Puella\",\"slug\":\"puella\",\"postDate\":1471485780,\"expiryDate\":null,\"enabled\":1,\"parentId\":null,\"fields\":{\"6\":\"<p>This is one of my cats. She\'s the best. And the worst.<\\/p>\",\"8\":\"1\",\"9\":\"center center\",\"7\":[\"20\"],\"5\":\"<p>Digital. Created with AutoDesk Sketchbook on a Samsung Note Pro.<\\/p>\",\"4\":\"\"}}', '2016-08-20 15:22:22', '2016-08-20 15:22:22', 'bb9ff29f-78dc-47b7-ae0a-e18b23ba85a4'),
 ('29', '23', '5', '1', 'en_us', '3', '', '{\"typeId\":\"6\",\"authorId\":\"1\",\"title\":\"Puer\",\"slug\":\"puer\",\"postDate\":1471488420,\"expiryDate\":null,\"enabled\":1,\"parentId\":null,\"fields\":{\"6\":\"<p>One of my cats.&nbsp;He loves having his armpits scratched.&nbsp;<\\/p>\",\"8\":\"1\",\"9\":\"right center\",\"7\":[\"22\"],\"5\":\"<p>Digital. I&nbsp;experimented quite a bit with this one. I&nbsp;started out using Artflow on a Samsung Note 8.0, but finished it in AutoDesk SketchBook on a Samsung Note Pro.<\\/p>\",\"4\":\"\"}}', '2016-08-20 15:22:32', '2016-08-20 15:22:32', '618a9ff0-f723-475e-b3e4-131ad1a5daa2'),
 ('30', '25', '5', '1', 'en_us', '3', '', '{\"typeId\":\"6\",\"authorId\":\"1\",\"title\":\"Blue Car\",\"slug\":\"blue-car\",\"postDate\":1471573020,\"expiryDate\":null,\"enabled\":1,\"parentId\":null,\"fields\":{\"6\":\"<p>This was a 3x5 photo of me and my dad. The photo was grainy in addition to being small, making the painting incredibly difficult.&nbsp;It took me almost two years to complete, but I&nbsp;was incredibly pleased with the results.&nbsp;<\\/p>\",\"8\":\"1\",\"9\":\"left center\",\"7\":[\"24\"],\"5\":\"<p>Digital. Primarily done on a Samsung Note Pro with the AutoDesk SketchBook app. However, I&nbsp;tinkered with other programs as well.<\\/p>\",\"4\":\"\"}}', '2016-08-20 15:22:41', '2016-08-20 15:22:41', '592fff8d-350e-4a3c-bbab-2d4558b8c701'),
 ('31', '25', '5', '1', 'en_us', '4', '', '{\"typeId\":\"6\",\"authorId\":\"1\",\"title\":\"Blue Car\",\"slug\":\"blue-car\",\"postDate\":1471573020,\"expiryDate\":null,\"enabled\":1,\"parentId\":null,\"fields\":{\"6\":\"<p>This was a 3x5 photo of me and my dad. The photo was grainy in addition to being small, making the painting incredibly difficult.&nbsp;It took me almost two years to complete, but I&nbsp;was incredibly pleased with the results.&nbsp;<\\/p>\",\"8\":\"1\",\"9\":\"30% center\",\"7\":[\"24\"],\"5\":\"<p>Digital. Primarily done on a Samsung Note Pro with the AutoDesk SketchBook app. However, I&nbsp;tinkered with other programs as well.<\\/p>\",\"4\":\"\"}}', '2016-08-20 15:28:48', '2016-08-20 15:28:48', 'cfbc8b5e-760e-46f3-bae3-ad450d2db9c9'),
 ('32', '23', '5', '1', 'en_us', '4', '', '{\"typeId\":\"6\",\"authorId\":\"1\",\"title\":\"Puer\",\"slug\":\"puer\",\"postDate\":1471488420,\"expiryDate\":null,\"enabled\":1,\"parentId\":null,\"fields\":{\"6\":\"<p>One of my cats.&nbsp;He loves having his armpits scratched.&nbsp;<\\/p>\",\"8\":\"1\",\"9\":\"-10% center\",\"7\":[\"22\"],\"5\":\"<p>Digital. I&nbsp;experimented quite a bit with this one. I&nbsp;started out using Artflow on a Samsung Note 8.0, but finished it in AutoDesk SketchBook on a Samsung Note Pro.<\\/p>\",\"4\":\"\"}}', '2016-08-20 15:29:35', '2016-08-20 15:29:35', 'b8f7bd56-c73a-4589-a8dd-1bbb1d73f838'),
 ('33', '23', '5', '1', 'en_us', '5', '', '{\"typeId\":\"6\",\"authorId\":\"1\",\"title\":\"Puer\",\"slug\":\"puer\",\"postDate\":1471488420,\"expiryDate\":null,\"enabled\":1,\"parentId\":null,\"fields\":{\"6\":\"<p>One of my cats.&nbsp;He loves having his armpits scratched.&nbsp;<\\/p>\",\"8\":\"1\",\"9\":\"right center\",\"7\":[\"22\"],\"5\":\"<p>Digital. I&nbsp;experimented quite a bit with this one. I&nbsp;started out using Artflow on a Samsung Note 8.0, but finished it in AutoDesk SketchBook on a Samsung Note Pro.<\\/p>\",\"4\":\"\"}}', '2016-08-20 15:30:10', '2016-08-20 15:30:10', 'f96935b9-c60a-4b62-a76e-06fc3e26b53b'),
 ('34', '23', '5', '1', 'en_us', '6', '', '{\"typeId\":\"6\",\"authorId\":\"1\",\"title\":\"Puer\",\"slug\":\"puer\",\"postDate\":1471488420,\"expiryDate\":null,\"enabled\":1,\"parentId\":null,\"fields\":{\"6\":\"<p>One of my cats.&nbsp;He loves having his armpits scratched.&nbsp;<\\/p>\",\"8\":\"1\",\"9\":\"10% center\",\"7\":[\"22\"],\"5\":\"<p>Digital. I&nbsp;experimented quite a bit with this one. I&nbsp;started out using Artflow on a Samsung Note 8.0, but finished it in AutoDesk SketchBook on a Samsung Note Pro.<\\/p>\",\"4\":\"\"}}', '2016-08-20 15:30:41', '2016-08-20 15:30:41', '6b887af7-9584-4897-b741-64995c14bc08'),
 ('35', '23', '5', '1', 'en_us', '7', '', '{\"typeId\":\"6\",\"authorId\":\"1\",\"title\":\"Puer\",\"slug\":\"puer\",\"postDate\":1471488420,\"expiryDate\":null,\"enabled\":1,\"parentId\":null,\"fields\":{\"6\":\"<p>One of my cats.&nbsp;He loves having his armpits scratched.&nbsp;<\\/p>\",\"8\":\"1\",\"9\":\"-10% center\",\"7\":[\"22\"],\"5\":\"<p>Digital. I&nbsp;experimented quite a bit with this one. I&nbsp;started out using Artflow on a Samsung Note 8.0, but finished it in AutoDesk SketchBook on a Samsung Note Pro.<\\/p>\",\"4\":\"\"}}', '2016-08-20 15:32:11', '2016-08-20 15:32:11', '29ec24a1-e5e5-480b-aae2-32331a9e0fec'),
 ('36', '23', '5', '1', 'en_us', '8', '', '{\"typeId\":\"6\",\"authorId\":\"1\",\"title\":\"Puer\",\"slug\":\"puer\",\"postDate\":1471488420,\"expiryDate\":null,\"enabled\":1,\"parentId\":null,\"fields\":{\"6\":\"<p>One of my cats.&nbsp;He loves having his armpits scratched.&nbsp;<\\/p>\",\"8\":\"1\",\"9\":\"right center\",\"7\":[\"22\"],\"5\":\"<p>Digital. I&nbsp;experimented quite a bit with this one. I&nbsp;started out using Artflow on a Samsung Note 8.0, but finished it in AutoDesk SketchBook on a Samsung Note Pro.<\\/p>\",\"4\":\"\"}}', '2016-08-20 15:32:48', '2016-08-20 15:32:48', '97119956-b3f1-4a6e-bc22-8afc58684610'),
 ('37', '23', '5', '1', 'en_us', '9', '', '{\"typeId\":\"6\",\"authorId\":\"1\",\"title\":\"Puer\",\"slug\":\"puer\",\"postDate\":1471488420,\"expiryDate\":null,\"enabled\":1,\"parentId\":null,\"fields\":{\"6\":\"<p>One of my cats.&nbsp;He loves having his armpits scratched.&nbsp;<\\/p>\",\"8\":\"1\",\"9\":\"-20px center\",\"7\":[\"22\"],\"5\":\"<p>Digital. I&nbsp;experimented quite a bit with this one. I&nbsp;started out using Artflow on a Samsung Note 8.0, but finished it in AutoDesk SketchBook on a Samsung Note Pro.<\\/p>\",\"4\":\"\"}}', '2016-08-20 15:34:48', '2016-08-20 15:34:48', '5349b76f-10fe-451d-9b34-af23d9db5b1d'),
 ('38', '23', '5', '1', 'en_us', '10', '', '{\"typeId\":\"6\",\"authorId\":\"1\",\"title\":\"Puer\",\"slug\":\"puer\",\"postDate\":1471488420,\"expiryDate\":null,\"enabled\":1,\"parentId\":null,\"fields\":{\"6\":\"<p>One of my cats.&nbsp;He loves having his armpits scratched.&nbsp;<\\/p>\",\"8\":\"1\",\"9\":\"right center\",\"7\":[\"22\"],\"5\":\"<p>Digital. I&nbsp;experimented quite a bit with this one. I&nbsp;started out using Artflow on a Samsung Note 8.0, but finished it in AutoDesk SketchBook on a Samsung Note Pro.<\\/p>\",\"4\":\"\"}}', '2016-08-20 15:37:33', '2016-08-20 15:37:33', '351a97ee-eebd-427e-bc68-d3890c5808d6'),
 ('39', '25', '5', '1', 'en_us', '5', '', '{\"typeId\":\"6\",\"authorId\":\"1\",\"title\":\"Blue Car\",\"slug\":\"blue-car\",\"postDate\":1471573020,\"expiryDate\":null,\"enabled\":1,\"parentId\":null,\"fields\":{\"6\":\"<p>This was a 3x5 photo of me and my dad. The photo was grainy in addition to being small, making the painting incredibly difficult.&nbsp;It took me almost two years to complete, but I&nbsp;was incredibly pleased with the results.&nbsp;<\\/p>\",\"8\":\"\",\"9\":\"30% center\",\"7\":[\"24\"],\"5\":\"<p>Digital. Primarily done on a Samsung Note Pro with the AutoDesk SketchBook app. However, I&nbsp;tinkered with other programs as well.<\\/p>\",\"4\":\"\"}}', '2016-08-21 22:10:51', '2016-08-21 22:10:51', 'f80cdea4-ab6b-4413-897d-92f10b245a1b'),
 ('40', '25', '5', '1', 'en_us', '6', '', '{\"typeId\":\"6\",\"authorId\":\"1\",\"title\":\"Blue Car\",\"slug\":\"blue-car\",\"postDate\":1471573020,\"expiryDate\":null,\"enabled\":1,\"parentId\":null,\"fields\":{\"6\":\"<p>This was a 3x5 photo of me and my dad. The photo was grainy in addition to being small, making the painting incredibly difficult.&nbsp;It took me almost two years to complete, but I&nbsp;was incredibly pleased with the results.&nbsp;<\\/p>\",\"8\":\"1\",\"9\":\"30% center\",\"7\":[\"24\"],\"5\":\"<p>Digital. Primarily done on a Samsung Note Pro with the AutoDesk SketchBook app. However, I&nbsp;tinkered with other programs as well.<\\/p>\",\"4\":\"\"}}', '2016-08-21 22:11:07', '2016-08-21 22:11:07', 'f195ea1a-4861-4f9d-8595-b782e6b260d7'),
 ('41', '25', '5', '1', 'en_us', '7', '', '{\"typeId\":\"6\",\"authorId\":\"1\",\"title\":\"Blue Car\",\"slug\":\"blue-car\",\"postDate\":1471573020,\"expiryDate\":null,\"enabled\":1,\"parentId\":null,\"fields\":{\"6\":\"<p>This was a 3x5 photo of me and my dad. The photo was grainy in addition to being small, making the painting incredibly difficult.&nbsp;It took me almost two years to complete, but I&nbsp;was incredibly pleased with the results.&nbsp;<\\/p>\",\"8\":\"\",\"9\":\"30% center\",\"7\":[\"24\"],\"5\":\"<p>Digital. Primarily done on a Samsung Note Pro with the AutoDesk SketchBook app. However, I&nbsp;tinkered with other programs as well.<\\/p>\",\"4\":\"\"}}', '2016-08-21 22:12:29', '2016-08-21 22:12:29', '33d29c56-0d52-460c-94fe-c947f59d3a5a'),
 ('42', '25', '5', '1', 'en_us', '8', '', '{\"typeId\":\"6\",\"authorId\":\"1\",\"title\":\"Blue Car\",\"slug\":\"blue-car\",\"postDate\":1471573020,\"expiryDate\":null,\"enabled\":1,\"parentId\":null,\"fields\":{\"6\":\"<p>This was a 3x5 photo of me and my dad. The photo was grainy in addition to being small, making the painting incredibly difficult.&nbsp;It took me almost two years to complete, but I&nbsp;was incredibly pleased with the results.&nbsp;<\\/p>\",\"8\":\"\",\"9\":\"30% center\",\"7\":[\"24\"],\"5\":\"<p>Digital. Primarily done on a Samsung Note Pro with the AutoDesk SketchBook app. However, I&nbsp;tinkered with other programs as well.<\\/p>\",\"4\":\"\"}}', '2016-08-21 22:12:46', '2016-08-21 22:12:46', 'ae0bb8c3-782a-4594-8bac-962c1fdb9e01'),
 ('43', '25', '5', '1', 'en_us', '9', '', '{\"typeId\":\"6\",\"authorId\":\"1\",\"title\":\"Blue Car\",\"slug\":\"blue-car\",\"postDate\":1471573020,\"expiryDate\":null,\"enabled\":1,\"parentId\":null,\"fields\":{\"6\":\"<p>This was a 3x5 photo of me and my dad. The photo was grainy in addition to being small, making the painting incredibly difficult.&nbsp;It took me almost two years to complete, but I&nbsp;was incredibly pleased with the results.&nbsp;<\\/p>\",\"8\":\"1\",\"9\":\"30% center\",\"7\":[\"24\"],\"5\":\"<p>Digital. Primarily done on a Samsung Note Pro with the AutoDesk SketchBook app. However, I&nbsp;tinkered with other programs as well.<\\/p>\",\"4\":\"\"}}', '2016-08-21 22:20:13', '2016-08-21 22:20:13', '3bff18ad-2bb1-4db5-96cc-1b566ef0910e'),
 ('44', '4', '2', '1', 'en_us', '10', '', '{\"typeId\":\"8\",\"authorId\":\"1\",\"title\":\"New test entry\",\"slug\":\"new-test-entry\",\"postDate\":1467137940,\"expiryDate\":null,\"enabled\":1,\"parentId\":null,\"fields\":{\"1\":\"<p>I\'m just checking out craft. I can\'t figure out how to add an image to my post.<\\/p>\\r\\n\\r\\n<p>Paragraph 2<\\/p>\\r\\n\\r\\n\\r\\n\\r\\n\\r\\n\\r\\n<p><br><\\/p>\\r\\n\\r\\n\\r\\n\\r\\n\\r\\n\\r\\n<p><br><\\/p>\",\"10\":\"\",\"2\":\"\",\"3\":[\"9\",\"11\"]}}', '2016-08-21 22:48:43', '2016-08-21 22:48:43', 'd2011c75-dad6-4797-8b6c-5d601f094ba3'),
 ('45', '4', '2', '1', 'en_us', '11', '', '{\"typeId\":\"8\",\"authorId\":\"1\",\"title\":\"New test entry\",\"slug\":\"new-test-entry\",\"postDate\":1467137940,\"expiryDate\":null,\"enabled\":1,\"parentId\":null,\"fields\":{\"1\":\"<p>I\'m just checking out craft. I can\'t figure out how to add an image to my post.<\\/p>\\r\\n\\r\\n<p>Paragraph 2<\\/p>\\r\\n\\r\\n\\r\\n\\r\\n\\r\\n\\r\\n\\r\\n\\r\\n<p><br><\\/p>\\r\\n\\r\\n\\r\\n\\r\\n\\r\\n\\r\\n\\r\\n\\r\\n<p><br><\\/p>\",\"10\":\"1\",\"2\":\"\",\"3\":[\"9\",\"11\"]}}', '2016-08-21 22:49:26', '2016-08-21 22:49:26', 'eb0ae1de-19cd-4e81-9928-bddacbed84d5'),
 ('46', '3', '2', '1', 'en_us', '2', '', '{\"typeId\":\"9\",\"authorId\":\"1\",\"title\":\"We just installed Craft!\",\"slug\":\"we-just-installed-craft\",\"postDate\":1449342720,\"expiryDate\":null,\"enabled\":1,\"parentId\":null,\"fields\":{\"1\":\"<p>Craft is the CMS that\\u2019s powering Craft.jimchristie.me. It\\u2019s beautiful, powerful, flexible, and easy-to-use, and it\\u2019s made by Pixel & Tonic. We can\\u2019t wait to dive in and see what it\\u2019s capable of!<\\/p>\\r\\n\\r\\n<hr class=\\\"redactor_pagebreak\\\" style=\\\"display:none\\\" unselectable=\\\"on\\\" contenteditable=\\\"false\\\">\\r\\n\\r\\n\\r\\n\\r\\n<p>This is even more captivating content, which you couldn\\u2019t see on the News index page because it was entered after a Page Break, and the News index template only likes to show the content on the first page.<\\/p>\\r\\n\\r\\n\\r\\n\\r\\n<p>Craft: a nice alternative to Word, if you\\u2019re making a website.<\\/p>\",\"10\":\"1\",\"2\":\"\",\"3\":\"\"}}', '2016-08-21 22:49:41', '2016-08-21 22:49:41', '83fc9e13-8a33-4d57-9062-3a927ce0a75e'),
 ('47', '4', '2', '1', 'en_us', '12', '', '{\"typeId\":\"8\",\"authorId\":\"1\",\"title\":\"New test entry\",\"slug\":\"new-test-entry\",\"postDate\":1467137940,\"expiryDate\":null,\"enabled\":1,\"parentId\":null,\"fields\":{\"1\":\"<p>I\'m just checking out craft. I can\'t figure out how to add an image to my post.<\\/p>\\r\\n\\r\\n<p>Paragraph 2<\\/p>\\r\\n\\r\\n\\r\\n\\r\\n\\r\\n\\r\\n\\r\\n\\r\\n\\r\\n\\r\\n<p><br><\\/p>\\r\\n\\r\\n\\r\\n\\r\\n\\r\\n\\r\\n\\r\\n\\r\\n\\r\\n\\r\\n<p><br><\\/p>\",\"10\":\"1\",\"11\":\"<p>The magic Indian is a mysterious spiritual force, and we\'re going to Cathedral Rock, and that\'s the vortex of the heart. I wrestled a bear once. A 750lbs black bear. I wrestled a bear once. A 750lbs black bear.<\\/p>\\r\\n\\r\\n<p>I wrestled a bear once. A 750lbs black bear. Listen to the silence. And when the silence is deafening, you\'re in the center of your own universe. Go with the feeling of the nature. Take it easy. Know why you\'re here. And remeber to balance your internal energy with the environment.<\\/p>\",\"2\":\"\",\"3\":[\"9\",\"11\"]}}', '2016-08-21 23:02:33', '2016-08-21 23:02:33', '67d3c0bb-7f9f-43dc-9f4c-31b675004f22'),
 ('48', '3', '2', '1', 'en_us', '3', '', '{\"typeId\":\"9\",\"authorId\":\"1\",\"title\":\"Pleasure Post\",\"slug\":\"we-just-installed-craft\",\"postDate\":1449342720,\"expiryDate\":null,\"enabled\":1,\"parentId\":null,\"fields\":{\"1\":\"<p>Craft is the CMS that\\u2019s powering Craft.jimchristie.me. It\\u2019s beautiful, powerful, flexible, and easy-to-use, and it\\u2019s made by Pixel & Tonic. We can\\u2019t wait to dive in and see what it\\u2019s capable of!<\\/p>\\r\\n\\r\\n<hr class=\\\"redactor_pagebreak\\\" style=\\\"display:none\\\" unselectable=\\\"on\\\" contenteditable=\\\"false\\\">\\r\\n\\r\\n\\r\\n\\r\\n\\r\\n\\r\\n<p>This is even more captivating content, which you couldn\\u2019t see on the News index page because it was entered after a Page Break, and the News index template only likes to show the content on the first page.<\\/p>\\r\\n\\r\\n\\r\\n\\r\\n\\r\\n\\r\\n<p>Craft: a nice alternative to Word, if you\\u2019re making a website.<\\/p>\",\"10\":\"1\",\"11\":\"<p>Go with the feeling of the nature. Take it easy. Know why you\'re here. And remeber to balance your internal energy with the environment. Did you feel that? Look at me - I\'m not out of breath anymore! Thats an advanced modern oxymoron. It was good, I like it and I beleived it. Man you got a way with using words. Thats like a lariat that does a snake whip on your back legs, I mean on the back of your legs - not that you have 4 legs - and pulls you this way, and thats what that line did to me and I believed every minute of it. Until I looked at the quadrangle that it produced with the verbs used in the sentence.<\\/p>\\r\\n\\r\\n<p>This is just common superficiality. Is thats whats so special about a woman? Superficiality with their face colours? It\'s good for everyone to understand that they are to love their enemies, simply because your enemies show you things about yourself you need to change. So in actuality enemies are friends in reverse.<\\/p>\",\"2\":\"\",\"3\":\"\"}}', '2016-08-21 23:03:14', '2016-08-21 23:03:14', 'c8079816-b778-4ea2-8407-53915f70fe2e'),
 ('49', '4', '2', '1', 'en_us', '13', '', '{\"typeId\":\"8\",\"authorId\":\"1\",\"title\":\"It\'s Business Time\",\"slug\":\"new-test-entry\",\"postDate\":1467137940,\"expiryDate\":null,\"enabled\":1,\"parentId\":null,\"fields\":{\"1\":\"<p>I\'m just checking out craft. I can\'t figure out how to add an image to my post.<\\/p>\\r\\n\\r\\n<p>Paragraph 2<\\/p>\\r\\n\\r\\n\\r\\n\\r\\n\\r\\n\\r\\n\\r\\n\\r\\n\\r\\n\\r\\n\\r\\n\\r\\n<p><br><\\/p>\\r\\n\\r\\n\\r\\n\\r\\n\\r\\n\\r\\n\\r\\n\\r\\n\\r\\n\\r\\n\\r\\n\\r\\n<p><br><\\/p>\",\"10\":\"1\",\"11\":\"<p>The magic Indian is a mysterious spiritual force, and we\'re going to Cathedral Rock, and that\'s the vortex of the heart. I wrestled a bear once. A 750lbs black bear. I wrestled a bear once. A 750lbs black bear.<\\/p>\\r\\n\\r\\n<p>I wrestled a bear once. A 750lbs black bear. Listen to the silence. And when the silence is deafening, you\'re in the center of your own universe. Go with the feeling of the nature. Take it easy. Know why you\'re here. And remeber to balance your internal energy with the environment.<\\/p>\",\"2\":\"\",\"3\":[\"9\",\"11\"]}}', '2016-08-21 23:03:30', '2016-08-21 23:03:30', '24d9a5e5-3aff-421c-938c-5348316bb55d'),
 ('50', '4', '2', '1', 'en_us', '14', '', '{\"typeId\":\"8\",\"authorId\":\"1\",\"title\":\"It\'s Business Time\",\"slug\":\"new-test-entry\",\"postDate\":1467137940,\"expiryDate\":null,\"enabled\":1,\"parentId\":null,\"fields\":{\"12\":[\"9\"],\"1\":\"<p>I\'m just checking out craft. I can\'t figure out how to add an image to my post.<\\/p>\\r\\n\\r\\n<p>Paragraph 2<\\/p>\\r\\n\\r\\n\\r\\n\\r\\n\\r\\n\\r\\n\\r\\n\\r\\n\\r\\n\\r\\n\\r\\n\\r\\n\\r\\n\\r\\n<p><br><\\/p>\\r\\n\\r\\n\\r\\n\\r\\n\\r\\n\\r\\n\\r\\n\\r\\n\\r\\n\\r\\n\\r\\n\\r\\n\\r\\n\\r\\n<p><br><\\/p>\",\"10\":\"1\",\"11\":\"<p>The magic Indian is a mysterious spiritual force, and we\'re going to Cathedral Rock, and that\'s the vortex of the heart. I wrestled a bear once. A 750lbs black bear. I wrestled a bear once. A 750lbs black bear.<\\/p>\\r\\n\\r\\n<p>I wrestled a bear once. A 750lbs black bear. Listen to the silence. And when the silence is deafening, you\'re in the center of your own universe. Go with the feeling of the nature. Take it easy. Know why you\'re here. And remeber to balance your internal energy with the environment.<\\/p>\",\"2\":\"\",\"3\":[\"9\",\"11\"]}}', '2016-08-21 23:21:19', '2016-08-21 23:21:19', '572d4337-ff2c-498c-8fa8-d8962da936d4'),
 ('51', '3', '2', '1', 'en_us', '4', '', '{\"typeId\":\"9\",\"authorId\":\"1\",\"title\":\"Pleasure Post\",\"slug\":\"we-just-installed-craft\",\"postDate\":1449342720,\"expiryDate\":null,\"enabled\":1,\"parentId\":null,\"fields\":{\"12\":[\"27\"],\"1\":\"<p>Craft is the CMS that\\u2019s powering Craft.jimchristie.me. It\\u2019s beautiful, powerful, flexible, and easy-to-use, and it\\u2019s made by Pixel & Tonic. We can\\u2019t wait to dive in and see what it\\u2019s capable of!<\\/p>\\r\\n\\r\\n<hr class=\\\"redactor_pagebreak\\\" style=\\\"display:none\\\" unselectable=\\\"on\\\" contenteditable=\\\"false\\\">\\r\\n\\r\\n\\r\\n\\r\\n\\r\\n\\r\\n\\r\\n\\r\\n<p>This is even more captivating content, which you couldn\\u2019t see on the News index page because it was entered after a Page Break, and the News index template only likes to show the content on the first page.<\\/p>\\r\\n\\r\\n\\r\\n\\r\\n\\r\\n\\r\\n\\r\\n\\r\\n<p>Craft: a nice alternative to Word, if you\\u2019re making a website.<\\/p>\",\"10\":\"1\",\"11\":\"<p>Go with the feeling of the nature. Take it easy. Know why you\'re here. And remeber to balance your internal energy with the environment. Did you feel that? Look at me - I\'m not out of breath anymore! Thats an advanced modern oxymoron. It was good, I like it and I beleived it. Man you got a way with using words. Thats like a lariat that does a snake whip on your back legs, I mean on the back of your legs - not that you have 4 legs - and pulls you this way, and thats what that line did to me and I believed every minute of it. Until I looked at the quadrangle that it produced with the verbs used in the sentence.<\\/p>\\r\\n\\r\\n<p>This is just common superficiality. Is thats whats so special about a woman? Superficiality with their face colours? It\'s good for everyone to understand that they are to love their enemies, simply because your enemies show you things about yourself you need to change. So in actuality enemies are friends in reverse.<\\/p>\",\"2\":\"\",\"3\":\"\"}}', '2016-08-21 23:24:03', '2016-08-21 23:24:03', '8f3fc467-6e69-4ee7-9b28-7c962d98eb99'),
 ('52', '3', '2', '1', 'en_us', '5', '', '{\"typeId\":\"9\",\"authorId\":\"1\",\"title\":\"Pleasure Post\",\"slug\":\"we-just-installed-craft\",\"postDate\":1449342720,\"expiryDate\":null,\"enabled\":1,\"parentId\":null,\"fields\":{\"12\":[\"27\"],\"13\":\"center bottom\",\"1\":\"<p>Craft is the CMS that\\u2019s powering Craft.jimchristie.me. It\\u2019s beautiful, powerful, flexible, and easy-to-use, and it\\u2019s made by Pixel & Tonic. We can\\u2019t wait to dive in and see what it\\u2019s capable of!<\\/p>\\r\\n\\r\\n<hr class=\\\"redactor_pagebreak\\\" style=\\\"display:none\\\" unselectable=\\\"on\\\" contenteditable=\\\"false\\\">\\r\\n\\r\\n\\r\\n\\r\\n\\r\\n\\r\\n\\r\\n\\r\\n\\r\\n\\r\\n<p>This is even more captivating content, which you couldn\\u2019t see on the News index page because it was entered after a Page Break, and the News index template only likes to show the content on the first page.<\\/p>\\r\\n\\r\\n\\r\\n\\r\\n\\r\\n\\r\\n\\r\\n\\r\\n\\r\\n\\r\\n<p>Craft: a nice alternative to Word, if you\\u2019re making a website.<\\/p>\",\"10\":\"1\",\"11\":\"<p>Go with the feeling of the nature. Take it easy. Know why you\'re here. And remeber to balance your internal energy with the environment. Did you feel that? Look at me - I\'m not out of breath anymore! Thats an advanced modern oxymoron. It was good, I like it and I beleived it. Man you got a way with using words. Thats like a lariat that does a snake whip on your back legs, I mean on the back of your legs - not that you have 4 legs - and pulls you this way, and thats what that line did to me and I believed every minute of it. Until I looked at the quadrangle that it produced with the verbs used in the sentence.<\\/p>\\r\\n\\r\\n<p>This is just common superficiality. Is thats whats so special about a woman? Superficiality with their face colours? It\'s good for everyone to understand that they are to love their enemies, simply because your enemies show you things about yourself you need to change. So in actuality enemies are friends in reverse.<\\/p>\",\"2\":\"\",\"3\":\"\"}}', '2016-08-22 02:53:43', '2016-08-22 02:53:43', '1696e58e-f16b-4602-a525-93cbe2e87d2b'),
 ('53', '3', '2', '1', 'en_us', '6', '', '{\"typeId\":\"9\",\"authorId\":\"1\",\"title\":\"Pleasure Post\",\"slug\":\"we-just-installed-craft\",\"postDate\":1449342720,\"expiryDate\":null,\"enabled\":1,\"parentId\":null,\"fields\":{\"12\":[\"27\"],\"13\":\"center -25px\",\"1\":\"<p>Craft is the CMS that\\u2019s powering Craft.jimchristie.me. It\\u2019s beautiful, powerful, flexible, and easy-to-use, and it\\u2019s made by Pixel & Tonic. We can\\u2019t wait to dive in and see what it\\u2019s capable of!<\\/p>\\r\\n\\r\\n<hr class=\\\"redactor_pagebreak\\\" style=\\\"display:none\\\" unselectable=\\\"on\\\" contenteditable=\\\"false\\\">\\r\\n\\r\\n\\r\\n\\r\\n\\r\\n\\r\\n\\r\\n\\r\\n\\r\\n\\r\\n\\r\\n\\r\\n<p>This is even more captivating content, which you couldn\\u2019t see on the News index page because it was entered after a Page Break, and the News index template only likes to show the content on the first page.<\\/p>\\r\\n\\r\\n\\r\\n\\r\\n\\r\\n\\r\\n\\r\\n\\r\\n\\r\\n\\r\\n\\r\\n\\r\\n<p>Craft: a nice alternative to Word, if you\\u2019re making a website.<\\/p>\",\"10\":\"1\",\"11\":\"<p>Go with the feeling of the nature. Take it easy. Know why you\'re here. And remeber to balance your internal energy with the environment. Did you feel that? Look at me - I\'m not out of breath anymore! Thats an advanced modern oxymoron. It was good, I like it and I beleived it. Man you got a way with using words. Thats like a lariat that does a snake whip on your back legs, I mean on the back of your legs - not that you have 4 legs - and pulls you this way, and thats what that line did to me and I believed every minute of it. Until I looked at the quadrangle that it produced with the verbs used in the sentence.<\\/p>\\r\\n\\r\\n<p>This is just common superficiality. Is thats whats so special about a woman? Superficiality with their face colours? It\'s good for everyone to understand that they are to love their enemies, simply because your enemies show you things about yourself you need to change. So in actuality enemies are friends in reverse.<\\/p>\",\"2\":\"\",\"3\":\"\"}}', '2016-08-22 02:56:10', '2016-08-22 02:56:10', '3319ffb6-4b3f-40c5-a165-857283e0cb10'),
 ('54', '3', '2', '1', 'en_us', '7', '', '{\"typeId\":\"9\",\"authorId\":\"1\",\"title\":\"Pleasure Post\",\"slug\":\"we-just-installed-craft\",\"postDate\":1449342720,\"expiryDate\":null,\"enabled\":1,\"parentId\":null,\"fields\":{\"12\":[\"27\"],\"13\":\"\",\"1\":\"<p>Craft is the CMS that\\u2019s powering Craft.jimchristie.me. It\\u2019s beautiful, powerful, flexible, and easy-to-use, and it\\u2019s made by Pixel & Tonic. We can\\u2019t wait to dive in and see what it\\u2019s capable of!<\\/p>\\r\\n\\r\\n<hr class=\\\"redactor_pagebreak\\\" style=\\\"display:none\\\" unselectable=\\\"on\\\" contenteditable=\\\"false\\\">\\r\\n\\r\\n\\r\\n\\r\\n\\r\\n\\r\\n\\r\\n\\r\\n\\r\\n\\r\\n\\r\\n\\r\\n\\r\\n\\r\\n<p>This is even more captivating content, which you couldn\\u2019t see on the News index page because it was entered after a Page Break, and the News index template only likes to show the content on the first page.<\\/p>\\r\\n\\r\\n\\r\\n\\r\\n\\r\\n\\r\\n\\r\\n\\r\\n\\r\\n\\r\\n\\r\\n\\r\\n\\r\\n\\r\\n<p>Craft: a nice alternative to Word, if you\\u2019re making a website.<\\/p>\",\"10\":\"1\",\"11\":\"<p>Go with the feeling of the nature. Take it easy. Know why you\'re here. And remeber to balance your internal energy with the environment. Did you feel that? Look at me - I\'m not out of breath anymore! Thats an advanced modern oxymoron. It was good, I like it and I beleived it. Man you got a way with using words. Thats like a lariat that does a snake whip on your back legs, I mean on the back of your legs - not that you have 4 legs - and pulls you this way, and thats what that line did to me and I believed every minute of it. Until I looked at the quadrangle that it produced with the verbs used in the sentence.<\\/p>\\r\\n\\r\\n<p>This is just common superficiality. Is thats whats so special about a woman? Superficiality with their face colours? It\'s good for everyone to understand that they are to love their enemies, simply because your enemies show you things about yourself you need to change. So in actuality enemies are friends in reverse.<\\/p>\",\"2\":\"\",\"3\":\"\"}}', '2016-08-22 02:57:34', '2016-08-22 02:57:34', '09f8f7b1-4431-43e2-814b-4968adc9aca7');



DROP TABLE IF EXISTS `craft_fieldgroups`;


--
-- Schema for table `craft_fieldgroups`
--
CREATE TABLE `craft_fieldgroups` (
  `id` int(11) NOT NULL AUTO_INCREMENT,
  `name` varchar(255) COLLATE utf8_unicode_ci NOT NULL,
  `dateCreated` datetime NOT NULL,
  `dateUpdated` datetime NOT NULL,
  `uid` char(36) COLLATE utf8_unicode_ci NOT NULL DEFAULT '0',
  PRIMARY KEY (`id`),
  UNIQUE KEY `craft_fieldgroups_name_unq_idx` (`name`)
) ENGINE=InnoDB AUTO_INCREMENT=6 DEFAULT CHARSET=utf8 COLLATE=utf8_unicode_ci;

--
-- Data for table `craft_fieldgroups`
--

INSERT INTO `craft_fieldgroups` (`id`, `name`, `dateCreated`, `dateUpdated`, `uid`) VALUES
 ('1', 'Blog', '2015-12-05 19:12:27', '2016-08-21 22:55:42', 'c0826702-39cb-4aa2-bf41-29df38abcbff'),
 ('3', 'Artwork Metadata', '2016-06-28 19:29:08', '2016-06-28 19:29:31', 'f04938a4-776a-486a-8730-73f334e8d286'),
 ('4', 'Artwork Display Settings', '2016-08-20 15:15:18', '2016-08-20 15:15:18', 'a6db787d-b77a-4a02-bbc1-5a5f13663c82'),
 ('5', 'Blog Display Settings', '2016-08-21 22:42:56', '2016-08-21 22:42:56', 'b1956940-ad2e-4e19-9770-ac5069547e21');



DROP TABLE IF EXISTS `craft_fieldlayoutfields`;


--
-- Schema for table `craft_fieldlayoutfields`
--
CREATE TABLE `craft_fieldlayoutfields` (
  `id` int(11) NOT NULL AUTO_INCREMENT,
  `layoutId` int(11) NOT NULL,
  `tabId` int(11) NOT NULL,
  `fieldId` int(11) NOT NULL,
  `required` tinyint(1) unsigned NOT NULL DEFAULT '0',
  `sortOrder` smallint(6) unsigned DEFAULT NULL,
  `dateCreated` datetime NOT NULL,
  `dateUpdated` datetime NOT NULL,
  `uid` char(36) COLLATE utf8_unicode_ci NOT NULL DEFAULT '0',
  PRIMARY KEY (`id`),
  UNIQUE KEY `craft_fieldlayoutfields_layoutId_fieldId_unq_idx` (`layoutId`,`fieldId`),
  KEY `craft_fieldlayoutfields_sortOrder_idx` (`sortOrder`),
  KEY `craft_fieldlayoutfields_tabId_fk` (`tabId`),
  KEY `craft_fieldlayoutfields_fieldId_fk` (`fieldId`)
) ENGINE=InnoDB AUTO_INCREMENT=115 DEFAULT CHARSET=utf8 COLLATE=utf8_unicode_ci;

--
-- Data for table `craft_fieldlayoutfields`
--

INSERT INTO `craft_fieldlayoutfields` (`id`, `layoutId`, `tabId`, `fieldId`, `required`, `sortOrder`, `dateCreated`, `dateUpdated`, `uid`) VALUES
 ('17', '53', '8', '1', '0', '1', '2016-07-07 00:01:31', '2016-07-07 00:01:31', '8e0b415d-6832-40a0-b213-2acb62c91f0e'),
 ('18', '53', '8', '2', '0', '2', '2016-07-07 00:01:31', '2016-07-07 00:01:31', 'abdabe41-7e2e-478a-9b47-a5b5a7bc1497'),
 ('19', '53', '8', '3', '0', '3', '2016-07-07 00:01:31', '2016-07-07 00:01:31', '096376bf-6398-4a9f-a2b4-34e95b17ac90'),
 ('55', '78', '20', '7', '0', '1', '2016-08-20 15:19:38', '2016-08-20 15:19:38', '72c68b8d-e202-4a57-af08-a04a735fc285'),
 ('56', '78', '20', '6', '0', '2', '2016-08-20 15:19:38', '2016-08-20 15:19:38', '5999ef8e-acf5-4558-9b25-577bef8ddd45'),
 ('57', '78', '20', '5', '0', '3', '2016-08-20 15:19:38', '2016-08-20 15:19:38', 'd66960c7-eb52-467d-8f49-429b9d03b28f'),
 ('58', '78', '20', '4', '0', '4', '2016-08-20 15:19:38', '2016-08-20 15:19:38', '85a059f6-ffb4-4a6a-8349-e2e8d1085ba2'),
 ('59', '78', '21', '8', '0', '1', '2016-08-20 15:19:38', '2016-08-20 15:19:38', '7c50cf2c-f576-47a0-af60-eeb9d4fd5653'),
 ('60', '78', '21', '9', '0', '2', '2016-08-20 15:19:38', '2016-08-20 15:19:38', 'f64572cc-df77-40c3-b060-0059222aeba7'),
 ('61', '79', '22', '7', '0', '1', '2016-08-20 15:19:47', '2016-08-20 15:19:47', 'f38be9b0-c474-4352-aa65-2feb29511bce'),
 ('62', '79', '22', '6', '0', '2', '2016-08-20 15:19:47', '2016-08-20 15:19:47', '8c49b8c6-ddb4-4b84-8ddd-ded6eb99c5da'),
 ('63', '79', '22', '5', '0', '3', '2016-08-20 15:19:47', '2016-08-20 15:19:47', '19d965dc-ac18-41a2-9692-0f3ae37588b9'),
 ('64', '79', '22', '4', '0', '4', '2016-08-20 15:19:47', '2016-08-20 15:19:47', 'bf78a887-1050-4551-93b0-8c0ba78db3e9'),
 ('65', '79', '23', '8', '0', '1', '2016-08-20 15:19:47', '2016-08-20 15:19:47', '87b2538b-36c2-4d84-bd4c-6fd4f3e7f03f'),
 ('66', '79', '23', '9', '0', '2', '2016-08-20 15:19:47', '2016-08-20 15:19:47', 'd53e0e13-22b8-4936-a877-90b3250d38a2'),
 ('101', '87', '38', '1', '0', '1', '2016-08-22 02:52:34', '2016-08-22 02:52:34', '39b02fe8-43d6-4f8c-9559-bd52344293e7'),
 ('102', '87', '38', '2', '0', '2', '2016-08-22 02:52:34', '2016-08-22 02:52:34', '8765f99a-5aeb-4ac1-98ff-f821d46a46b4'),
 ('103', '87', '38', '3', '0', '3', '2016-08-22 02:52:34', '2016-08-22 02:52:34', '9699c0ee-157d-4f23-94fc-4c04a64a4103'),
 ('104', '87', '38', '11', '0', '4', '2016-08-22 02:52:34', '2016-08-22 02:52:34', 'd98949f1-5418-4f91-ac89-81966d822ced'),
 ('105', '87', '38', '12', '0', '5', '2016-08-22 02:52:34', '2016-08-22 02:52:34', 'ebe8f04b-1c98-4824-80fd-6bebe1e0df89'),
 ('106', '87', '39', '10', '0', '1', '2016-08-22 02:52:34', '2016-08-22 02:52:34', 'efb4aaf5-9ba4-4576-951c-332fe7770911'),
 ('107', '87', '39', '13', '0', '2', '2016-08-22 02:52:34', '2016-08-22 02:52:34', '5317c695-61d4-44ad-a33b-62402e0f199c'),
 ('108', '88', '40', '1', '0', '1', '2016-08-22 02:52:43', '2016-08-22 02:52:43', 'ad7669c4-59a3-40ef-85dd-f111e569fb97'),
 ('109', '88', '40', '2', '0', '2', '2016-08-22 02:52:43', '2016-08-22 02:52:43', '2f011a32-ff06-4133-8a9d-4e69c01b3070'),
 ('110', '88', '40', '3', '0', '3', '2016-08-22 02:52:43', '2016-08-22 02:52:43', '3e91deb8-82b5-4623-a35f-de4e1f658a36'),
 ('111', '88', '40', '11', '0', '4', '2016-08-22 02:52:43', '2016-08-22 02:52:43', '71166eff-c434-476f-b7f0-dc57af4c78c5'),
 ('112', '88', '40', '12', '0', '5', '2016-08-22 02:52:43', '2016-08-22 02:52:43', '9de1a2c7-2671-4038-987e-4b3d8b335d53'),
 ('113', '88', '41', '10', '0', '1', '2016-08-22 02:52:43', '2016-08-22 02:52:43', '359b263b-9733-4805-a529-6f81faf54b60'),
 ('114', '88', '41', '13', '0', '2', '2016-08-22 02:52:43', '2016-08-22 02:52:43', '79b1c567-b838-4f49-babd-ca6fd89ea67d');



DROP TABLE IF EXISTS `craft_fieldlayouts`;


--
-- Schema for table `craft_fieldlayouts`
--
CREATE TABLE `craft_fieldlayouts` (
  `id` int(11) NOT NULL AUTO_INCREMENT,
  `type` varchar(150) COLLATE utf8_unicode_ci NOT NULL,
  `dateCreated` datetime NOT NULL,
  `dateUpdated` datetime NOT NULL,
  `uid` char(36) COLLATE utf8_unicode_ci NOT NULL DEFAULT '0',
  PRIMARY KEY (`id`),
  KEY `craft_fieldlayouts_type_idx` (`type`)
) ENGINE=InnoDB AUTO_INCREMENT=90 DEFAULT CHARSET=utf8 COLLATE=utf8_unicode_ci;

--
-- Data for table `craft_fieldlayouts`
--

INSERT INTO `craft_fieldlayouts` (`id`, `type`, `dateCreated`, `dateUpdated`, `uid`) VALUES
 ('1', 'Tag', '2015-12-05 19:12:27', '2015-12-05 19:12:27', '378b5887-7821-4f74-806a-07c7fd714db7'),
 ('22', 'Asset', '2016-01-18 23:01:19', '2016-01-18 23:01:19', 'ef8c01b6-8bc0-4e10-8881-65974204f6ec'),
 ('53', 'Entry', '2016-07-07 00:01:31', '2016-07-07 00:01:31', 'c16b059e-5880-44d8-b2a9-dd791d8be09f'),
 ('63', 'Entry', '2016-08-09 00:21:44', '2016-08-09 00:21:44', '1e895f8e-2258-41ac-9c1d-f6bc762aff35'),
 ('78', 'Entry', '2016-08-20 15:19:38', '2016-08-20 15:19:38', '972ef389-7eb8-4f08-8852-0ba762757752'),
 ('79', 'Entry', '2016-08-20 15:19:47', '2016-08-20 15:19:47', '781ef078-579d-478a-a012-aa25d15f0a45'),
 ('87', 'Entry', '2016-08-22 02:52:34', '2016-08-22 02:52:34', '5d8c9efc-744c-49ea-88d0-48fd05c33c4c'),
 ('88', 'Entry', '2016-08-22 02:52:43', '2016-08-22 02:52:43', 'dc9fc1e1-47af-41cf-bc50-dce10ef66523'),
 ('89', 'Asset', '2016-08-25 01:48:34', '2016-08-25 01:48:34', '94f5766c-1097-4415-955b-0b62eb9eb7bd');



DROP TABLE IF EXISTS `craft_fieldlayouttabs`;


--
-- Schema for table `craft_fieldlayouttabs`
--
CREATE TABLE `craft_fieldlayouttabs` (
  `id` int(11) NOT NULL AUTO_INCREMENT,
  `layoutId` int(11) NOT NULL,
  `name` varchar(255) COLLATE utf8_unicode_ci NOT NULL,
  `sortOrder` smallint(6) unsigned DEFAULT NULL,
  `dateCreated` datetime NOT NULL,
  `dateUpdated` datetime NOT NULL,
  `uid` char(36) COLLATE utf8_unicode_ci NOT NULL DEFAULT '0',
  PRIMARY KEY (`id`),
  KEY `craft_fieldlayouttabs_sortOrder_idx` (`sortOrder`),
  KEY `craft_fieldlayouttabs_layoutId_fk` (`layoutId`)
) ENGINE=InnoDB AUTO_INCREMENT=42 DEFAULT CHARSET=utf8 COLLATE=utf8_unicode_ci;

--
-- Data for table `craft_fieldlayouttabs`
--

INSERT INTO `craft_fieldlayouttabs` (`id`, `layoutId`, `name`, `sortOrder`, `dateCreated`, `dateUpdated`, `uid`) VALUES
 ('8', '53', 'Default', '1', '2016-07-07 00:01:31', '2016-07-07 00:01:31', 'b772ab28-d369-4afb-9597-51d9499bc8f6'),
 ('20', '78', 'Artwork Metadata', '1', '2016-08-20 15:19:38', '2016-08-20 15:19:38', '240c66d1-c107-43f7-a315-6fa6aff847a3'),
 ('21', '78', 'Artwork Display Settings', '2', '2016-08-20 15:19:38', '2016-08-20 15:19:38', 'e22c9af0-c656-4298-acfd-e9597c19598a'),
 ('22', '79', 'Artwork Metadata', '1', '2016-08-20 15:19:47', '2016-08-20 15:19:47', '7decc9ce-fca8-42e0-9f7c-440fd09f6192'),
 ('23', '79', 'Artwork Display Settings', '2', '2016-08-20 15:19:47', '2016-08-20 15:19:47', '9197167c-8194-4057-b701-57604bdaae9d'),
 ('38', '87', 'Blog', '1', '2016-08-22 02:52:34', '2016-08-22 02:52:34', '03b22704-3735-4342-bf37-1fc413bc2f31'),
 ('39', '87', 'Blog Display Settings', '2', '2016-08-22 02:52:34', '2016-08-22 02:52:34', 'd7db3a98-ee9d-48e3-a7ea-9659178ee5ab'),
 ('40', '88', 'Blog', '1', '2016-08-22 02:52:43', '2016-08-22 02:52:43', '3d79f19c-546f-47db-b56e-e26414e114c7'),
 ('41', '88', 'Blog Display Settings', '2', '2016-08-22 02:52:43', '2016-08-22 02:52:43', 'caad9d80-2d2a-4e03-bde0-476abde3005f');



DROP TABLE IF EXISTS `craft_fields`;


--
-- Schema for table `craft_fields`
--
CREATE TABLE `craft_fields` (
  `id` int(11) NOT NULL AUTO_INCREMENT,
  `groupId` int(11) DEFAULT NULL,
  `name` varchar(255) COLLATE utf8_unicode_ci NOT NULL,
  `handle` varchar(58) COLLATE utf8_unicode_ci NOT NULL,
  `context` varchar(255) COLLATE utf8_unicode_ci NOT NULL DEFAULT 'global',
  `instructions` text COLLATE utf8_unicode_ci,
  `translatable` tinyint(1) unsigned NOT NULL DEFAULT '0',
  `type` varchar(150) COLLATE utf8_unicode_ci NOT NULL,
  `settings` text COLLATE utf8_unicode_ci,
  `dateCreated` datetime NOT NULL,
  `dateUpdated` datetime NOT NULL,
  `uid` char(36) COLLATE utf8_unicode_ci NOT NULL DEFAULT '0',
  PRIMARY KEY (`id`),
  UNIQUE KEY `craft_fields_handle_context_unq_idx` (`handle`,`context`),
  KEY `craft_fields_context_idx` (`context`),
  KEY `craft_fields_groupId_fk` (`groupId`)
) ENGINE=InnoDB AUTO_INCREMENT=14 DEFAULT CHARSET=utf8 COLLATE=utf8_unicode_ci;

--
-- Data for table `craft_fields`
--

INSERT INTO `craft_fields` (`id`, `groupId`, `name`, `handle`, `context`, `instructions`, `translatable`, `type`, `settings`, `dateCreated`, `dateUpdated`, `uid`) VALUES
 ('1', '1', 'Body', 'body', 'global', NULL, '1', 'RichText', '{\"configFile\":\"Standard.json\",\"columnType\":\"text\"}', '2015-12-05 19:12:27', '2015-12-05 19:12:27', '76f3fba6-0355-45d6-b808-a02f81068ac3'),
 ('2', '1', 'Tags', 'tags', 'global', NULL, '0', 'Tags', '{\"source\":\"taggroup:1\"}', '2015-12-05 19:12:27', '2015-12-05 19:12:27', 'f4e70c99-d2ad-4acc-8c32-66583ca5ea04'),
 ('3', '1', 'Test Assets', 'testAssets', 'global', 'Upload an image?', '0', 'Assets', '{\"useSingleFolder\":\"1\",\"sources\":\"*\",\"defaultUploadLocationSource\":\"2\",\"defaultUploadLocationSubpath\":\"\",\"singleUploadLocationSource\":\"2\",\"singleUploadLocationSubpath\":\"\",\"restrictFiles\":\"1\",\"allowedKinds\":[\"image\"],\"limit\":\"\",\"viewMode\":\"list\",\"selectionLabel\":\"\"}', '2016-01-19 02:43:59', '2016-01-19 02:45:49', '075ca2fd-b74d-4fb3-bcd0-5f52518c7513'),
 ('4', '3', 'Title', 'artworkTitle', 'global', 'The title of the work', '0', 'RichText', '{\"configFile\":\"\",\"availableAssetSources\":\"*\",\"availableTransforms\":\"*\",\"cleanupHtml\":\"1\",\"purifyHtml\":\"1\",\"columnType\":\"text\"}', '2016-06-28 19:28:51', '2016-06-28 19:36:03', '4d3df312-25e9-46ce-aea5-009d79c18bbc'),
 ('5', '3', 'Media', 'media', 'global', 'The type of media used. E.g., acrylic on canvas, digital, etc.', '0', 'RichText', '{\"configFile\":\"\",\"availableAssetSources\":\"*\",\"availableTransforms\":\"*\",\"cleanupHtml\":\"1\",\"purifyHtml\":\"1\",\"columnType\":\"text\"}', '2016-06-28 19:30:08', '2016-06-28 19:35:48', '578acf51-6807-4e21-9052-712e291578a8'),
 ('6', '3', 'Artists&apos;s statement', 'artistStatement', 'global', 'Talk about the work here', '0', 'RichText', '{\"configFile\":\"\",\"availableAssetSources\":\"*\",\"availableTransforms\":\"*\",\"cleanupHtml\":\"1\",\"purifyHtml\":\"1\",\"columnType\":\"text\"}', '2016-06-28 19:31:17', '2016-06-28 19:35:55', 'fef42372-a843-441c-ad2c-d5035bd26983'),
 ('7', '3', 'Images', 'images', 'global', '', '0', 'Assets', '{\"useSingleFolder\":\"\",\"sources\":\"*\",\"defaultUploadLocationSource\":\"2\",\"defaultUploadLocationSubpath\":\"images\\/\",\"singleUploadLocationSource\":\"2\",\"singleUploadLocationSubpath\":\"\",\"restrictFiles\":\"\",\"limit\":\"\",\"viewMode\":\"list\",\"selectionLabel\":\"\"}', '2016-08-09 01:47:31', '2016-08-09 02:07:36', 'bfd063f8-20ab-4039-bb03-09be6f1d4a7f'),
 ('8', '4', 'Featured Art', 'featuredArt', 'global', 'Toggles whether or not the piece should be included on the home page', '0', 'Lightswitch', '{\"default\":\"1\"}', '2016-08-20 15:16:03', '2016-08-21 22:44:20', '68118c8d-7410-4a6e-9600-6094c14b8e9e'),
 ('9', '4', 'Art Image Focal point', 'artImageFocalPoint', 'global', 'Determines how the image will be positioned on the home page. Horizontal value first, vertical value second.', '0', 'PlainText', '{\"placeholder\":\"\\\"left top\\\" \\\"center center\\\" \\\"right bottom\\\"\",\"maxLength\":\"\",\"multiline\":\"\",\"initialRows\":\"4\"}', '2016-08-20 15:19:03', '2016-08-22 02:47:51', 'ced49efe-f35c-48f5-9e94-8a1615d3926f'),
 ('10', '5', 'Featured Post', 'featuredPost', 'global', 'Determines whether or not the blog post will show up on the home page.', '0', 'Lightswitch', '{\"default\":\"1\"}', '2016-08-21 22:44:48', '2016-08-21 22:49:54', '2f4a6a80-ce27-4eac-a867-fed7d2790e69'),
 ('11', '1', 'Homepage Snippet', 'homepageSnippet', 'global', 'This is the text that will display on the home page. Don\'t add too much!', '0', 'RichText', '{\"configFile\":\"\",\"availableAssetSources\":\"\",\"availableTransforms\":\"\",\"cleanupHtml\":\"1\",\"purifyHtml\":\"1\",\"columnType\":\"text\"}', '2016-08-21 22:58:39', '2016-08-21 22:58:39', 'e35146de-b876-4857-b7d4-aacc93ee2a41'),
 ('12', '1', 'Blog Featured Image', 'blogFeaturedImage', 'global', '', '0', 'Assets', '{\"useSingleFolder\":\"\",\"sources\":\"*\",\"defaultUploadLocationSource\":\"2\",\"defaultUploadLocationSubpath\":\"\",\"singleUploadLocationSource\":\"2\",\"singleUploadLocationSubpath\":\"\",\"restrictFiles\":\"\",\"limit\":\"\",\"viewMode\":\"list\",\"selectionLabel\":\"\"}', '2016-08-21 23:18:54', '2016-08-21 23:26:17', 'e430ee9b-fb6a-4a3e-a37e-e1fdb0cfe717'),
 ('13', '5', 'Blog Featured Image Focal Point', 'blogFeaturedImageFocalPoint', 'global', 'Add some CSS to position the image. Left/right first, top/bottom second. ', '0', 'PlainText', '{\"placeholder\":\"\",\"maxLength\":\"\",\"multiline\":\"\",\"initialRows\":\"4\"}', '2016-08-22 02:51:43', '2016-08-22 02:51:43', '303d5e33-48b2-43a3-bc18-e0086707c6f3');



DROP TABLE IF EXISTS `craft_globalsets`;


--
-- Schema for table `craft_globalsets`
--
CREATE TABLE `craft_globalsets` (
  `id` int(11) NOT NULL,
  `name` varchar(255) COLLATE utf8_unicode_ci NOT NULL,
  `handle` varchar(255) COLLATE utf8_unicode_ci NOT NULL,
  `fieldLayoutId` int(10) DEFAULT NULL,
  `dateCreated` datetime NOT NULL,
  `dateUpdated` datetime NOT NULL,
  `uid` char(36) COLLATE utf8_unicode_ci NOT NULL DEFAULT '0',
  PRIMARY KEY (`id`),
  UNIQUE KEY `craft_globalsets_name_unq_idx` (`name`),
  UNIQUE KEY `craft_globalsets_handle_unq_idx` (`handle`),
  KEY `craft_globalsets_fieldLayoutId_fk` (`fieldLayoutId`)
) ENGINE=InnoDB DEFAULT CHARSET=utf8 COLLATE=utf8_unicode_ci;

DROP TABLE IF EXISTS `craft_info`;


--
-- Schema for table `craft_info`
--
CREATE TABLE `craft_info` (
  `id` int(11) NOT NULL AUTO_INCREMENT,
  `version` varchar(15) COLLATE utf8_unicode_ci NOT NULL,
  `build` int(11) unsigned NOT NULL,
  `schemaVersion` varchar(15) COLLATE utf8_unicode_ci NOT NULL,
  `releaseDate` datetime NOT NULL,
  `edition` tinyint(1) unsigned NOT NULL DEFAULT '0',
  `siteName` varchar(100) COLLATE utf8_unicode_ci NOT NULL,
  `siteUrl` varchar(255) COLLATE utf8_unicode_ci NOT NULL,
  `timezone` varchar(30) COLLATE utf8_unicode_ci DEFAULT NULL,
  `on` tinyint(1) unsigned NOT NULL DEFAULT '0',
  `maintenance` tinyint(1) unsigned NOT NULL DEFAULT '0',
  `track` varchar(40) COLLATE utf8_unicode_ci NOT NULL,
  `dateCreated` datetime NOT NULL,
  `dateUpdated` datetime NOT NULL,
  `uid` char(36) COLLATE utf8_unicode_ci NOT NULL DEFAULT '0',
  PRIMARY KEY (`id`)
) ENGINE=InnoDB AUTO_INCREMENT=2 DEFAULT CHARSET=utf8 COLLATE=utf8_unicode_ci;

--
-- Data for table `craft_info`
--

INSERT INTO `craft_info` (`id`, `version`, `build`, `schemaVersion`, `releaseDate`, `edition`, `siteName`, `siteUrl`, `timezone`, `on`, `maintenance`, `track`, `dateCreated`, `dateUpdated`, `uid`) VALUES
 ('1', '2.6', '2911', '2.6.5', '2016-08-16 17:20:51', '0', 'Jim Christie', 'http://localhost/dev/www/', 'UTC', '1', '1', 'stable', '2015-12-05 19:12:26', '2016-08-26 01:16:42', '0c07b140-69e9-4bd3-be1b-ff617b9d94ed');



DROP TABLE IF EXISTS `craft_locales`;


--
-- Schema for table `craft_locales`
--
CREATE TABLE `craft_locales` (
  `locale` char(12) COLLATE utf8_unicode_ci NOT NULL,
  `sortOrder` smallint(6) unsigned DEFAULT NULL,
  `dateCreated` datetime NOT NULL,
  `dateUpdated` datetime NOT NULL,
  `uid` char(36) COLLATE utf8_unicode_ci NOT NULL DEFAULT '0',
  PRIMARY KEY (`locale`),
  KEY `craft_locales_sortOrder_idx` (`sortOrder`)
) ENGINE=InnoDB DEFAULT CHARSET=utf8 COLLATE=utf8_unicode_ci;

--
-- Data for table `craft_locales`
--

INSERT INTO `craft_locales` (`locale`, `sortOrder`, `dateCreated`, `dateUpdated`, `uid`) VALUES
 ('en_us', '1', '2015-12-05 19:12:26', '2015-12-05 19:12:26', '68cf1a3a-32a0-4024-90ce-5342d50f00dd');



DROP TABLE IF EXISTS `craft_matrixblocks`;


--
-- Schema for table `craft_matrixblocks`
--
CREATE TABLE `craft_matrixblocks` (
  `id` int(11) NOT NULL,
  `ownerId` int(11) NOT NULL,
  `fieldId` int(11) NOT NULL,
  `typeId` int(11) DEFAULT NULL,
  `sortOrder` smallint(6) unsigned DEFAULT NULL,
  `ownerLocale` char(12) COLLATE utf8_unicode_ci DEFAULT NULL,
  `dateCreated` datetime NOT NULL,
  `dateUpdated` datetime NOT NULL,
  `uid` char(36) COLLATE utf8_unicode_ci NOT NULL DEFAULT '0',
  PRIMARY KEY (`id`),
  KEY `craft_matrixblocks_ownerId_idx` (`ownerId`),
  KEY `craft_matrixblocks_fieldId_idx` (`fieldId`),
  KEY `craft_matrixblocks_typeId_idx` (`typeId`),
  KEY `craft_matrixblocks_sortOrder_idx` (`sortOrder`),
  KEY `craft_matrixblocks_ownerLocale_fk` (`ownerLocale`)
) ENGINE=InnoDB DEFAULT CHARSET=utf8 COLLATE=utf8_unicode_ci;

DROP TABLE IF EXISTS `craft_matrixblocktypes`;


--
-- Schema for table `craft_matrixblocktypes`
--
CREATE TABLE `craft_matrixblocktypes` (
  `id` int(11) NOT NULL AUTO_INCREMENT,
  `fieldId` int(11) NOT NULL,
  `fieldLayoutId` int(11) DEFAULT NULL,
  `name` varchar(255) COLLATE utf8_unicode_ci NOT NULL,
  `handle` varchar(255) COLLATE utf8_unicode_ci NOT NULL,
  `sortOrder` smallint(6) unsigned DEFAULT NULL,
  `dateCreated` datetime NOT NULL,
  `dateUpdated` datetime NOT NULL,
  `uid` char(36) COLLATE utf8_unicode_ci NOT NULL DEFAULT '0',
  PRIMARY KEY (`id`),
  UNIQUE KEY `craft_matrixblocktypes_name_fieldId_unq_idx` (`name`,`fieldId`),
  UNIQUE KEY `craft_matrixblocktypes_handle_fieldId_unq_idx` (`handle`,`fieldId`),
  KEY `craft_matrixblocktypes_fieldId_fk` (`fieldId`),
  KEY `craft_matrixblocktypes_fieldLayoutId_fk` (`fieldLayoutId`)
) ENGINE=InnoDB DEFAULT CHARSET=utf8 COLLATE=utf8_unicode_ci;

DROP TABLE IF EXISTS `craft_migrations`;


--
-- Schema for table `craft_migrations`
--
CREATE TABLE `craft_migrations` (
  `id` int(11) NOT NULL AUTO_INCREMENT,
  `pluginId` int(11) DEFAULT NULL,
  `version` varchar(255) COLLATE utf8_unicode_ci NOT NULL,
  `applyTime` datetime NOT NULL,
  `dateCreated` datetime NOT NULL,
  `dateUpdated` datetime NOT NULL,
  `uid` char(36) COLLATE utf8_unicode_ci NOT NULL DEFAULT '0',
  PRIMARY KEY (`id`),
  UNIQUE KEY `craft_migrations_version_unq_idx` (`version`),
  KEY `craft_migrations_pluginId_fk` (`pluginId`)
) ENGINE=InnoDB AUTO_INCREMENT=34 DEFAULT CHARSET=utf8 COLLATE=utf8_unicode_ci;

--
-- Data for table `craft_migrations`
--

INSERT INTO `craft_migrations` (`id`, `pluginId`, `version`, `applyTime`, `dateCreated`, `dateUpdated`, `uid`) VALUES
 ('1', NULL, 'm000000_000000_base', '2015-12-05 19:12:26', '2015-12-05 19:12:26', '2015-12-05 19:12:26', '2499e4ef-7867-413a-a882-779fc7e158c0'),
 ('2', NULL, 'm140730_000001_add_filename_and_format_to_transformindex', '2015-12-05 19:12:26', '2015-12-05 19:12:26', '2015-12-05 19:12:26', 'feaab15e-ec35-4dee-adda-c08fefc8d14f'),
 ('3', NULL, 'm140815_000001_add_format_to_transforms', '2015-12-05 19:12:26', '2015-12-05 19:12:26', '2015-12-05 19:12:26', 'df6661d7-cd87-426d-992c-23396adfcc14'),
 ('4', NULL, 'm140822_000001_allow_more_than_128_items_per_field', '2015-12-05 19:12:26', '2015-12-05 19:12:26', '2015-12-05 19:12:26', 'c9a798e6-bb23-4785-9b21-8323273a67e6'),
 ('5', NULL, 'm140829_000001_single_title_formats', '2015-12-05 19:12:26', '2015-12-05 19:12:26', '2015-12-05 19:12:26', '1d6cc2f3-3cb3-49d7-99bf-a2f317d53e6c'),
 ('6', NULL, 'm140831_000001_extended_cache_keys', '2015-12-05 19:12:26', '2015-12-05 19:12:26', '2015-12-05 19:12:26', '061d6306-f421-438d-9cf8-67244e9072d4'),
 ('7', NULL, 'm140922_000001_delete_orphaned_matrix_blocks', '2015-12-05 19:12:26', '2015-12-05 19:12:26', '2015-12-05 19:12:26', '9f42f27e-359a-40c6-b0e0-8aa0de2b3beb'),
 ('8', NULL, 'm141008_000001_elements_index_tune', '2015-12-05 19:12:26', '2015-12-05 19:12:26', '2015-12-05 19:12:26', '664f9157-dfcc-4a1c-8d08-2a71d74ddaab'),
 ('9', NULL, 'm141009_000001_assets_source_handle', '2015-12-05 19:12:26', '2015-12-05 19:12:26', '2015-12-05 19:12:26', 'ab7ce04c-5ee2-42e8-87f6-80117db9894d'),
 ('10', NULL, 'm141024_000001_field_layout_tabs', '2015-12-05 19:12:26', '2015-12-05 19:12:26', '2015-12-05 19:12:26', '0d4c1787-740b-4764-8720-072d69ae3401'),
 ('11', NULL, 'm141030_000000_plugin_schema_versions', '2015-12-05 19:12:26', '2015-12-05 19:12:26', '2015-12-05 19:12:26', 'cc7343b0-ace1-4c72-987b-a1dead3e6136'),
 ('12', NULL, 'm141030_000001_drop_structure_move_permission', '2015-12-05 19:12:26', '2015-12-05 19:12:26', '2015-12-05 19:12:26', '300bc5a4-7ce2-4590-9108-f34e10033698'),
 ('13', NULL, 'm141103_000001_tag_titles', '2015-12-05 19:12:26', '2015-12-05 19:12:26', '2015-12-05 19:12:26', '9690e2a1-5ba3-4d8a-a44c-4a42b78f9c6c'),
 ('14', NULL, 'm141109_000001_user_status_shuffle', '2015-12-05 19:12:26', '2015-12-05 19:12:26', '2015-12-05 19:12:26', 'db9f39e9-ba7c-4310-93e9-6cf5c40c34c9'),
 ('15', NULL, 'm141126_000001_user_week_start_day', '2015-12-05 19:12:26', '2015-12-05 19:12:26', '2015-12-05 19:12:26', '6789f62c-2ff5-40f9-b1b7-003876b960fd'),
 ('16', NULL, 'm150210_000001_adjust_user_photo_size', '2015-12-05 19:12:26', '2015-12-05 19:12:26', '2015-12-05 19:12:26', '8c1f1e05-009c-4c00-b846-a2ac40d56629'),
 ('17', NULL, 'm150724_000001_adjust_quality_settings', '2015-12-05 19:12:26', '2015-12-05 19:12:26', '2015-12-05 19:12:26', '9a7def1b-7eae-4f27-bed0-2b5ea8c214c8'),
 ('18', NULL, 'm150827_000000_element_index_settings', '2015-12-05 19:12:26', '2015-12-05 19:12:26', '2015-12-05 19:12:26', 'e07221be-7751-43b3-b842-32e21d7d4c7e'),
 ('19', NULL, 'm150918_000001_add_colspan_to_widgets', '2015-12-05 19:12:26', '2015-12-05 19:12:26', '2015-12-05 19:12:26', '965091ed-f034-45ee-aa6d-18a954dc7ae6'),
 ('20', NULL, 'm151007_000000_clear_asset_caches', '2015-12-05 19:12:26', '2015-12-05 19:12:26', '2015-12-05 19:12:26', '03eb7414-77b3-4843-aa80-6d7c53ca6a0f'),
 ('21', NULL, 'm151109_000000_text_url_formats', '2015-12-05 19:12:26', '2015-12-05 19:12:26', '2015-12-05 19:12:26', 'd68a1014-1edd-43b3-9d81-b86fc78c6101'),
 ('22', NULL, 'm151110_000000_move_logo', '2015-12-05 19:12:26', '2015-12-05 19:12:26', '2015-12-05 19:12:26', '931e5cea-2eb4-407e-b423-9d83c6c6f232'),
 ('23', NULL, 'm151117_000000_adjust_image_widthheight', '2015-12-05 19:12:26', '2015-12-05 19:12:26', '2015-12-05 19:12:26', 'f82520d9-6f88-4704-90f1-5eed242a3df5'),
 ('24', NULL, 'm151127_000000_clear_license_key_status', '2015-12-05 19:12:26', '2015-12-05 19:12:26', '2015-12-05 19:12:26', '92488b46-b4e5-4082-8649-99ea00fd5e6b'),
 ('25', NULL, 'm151127_000000_plugin_license_keys', '2015-12-05 19:12:26', '2015-12-05 19:12:26', '2015-12-05 19:12:26', '38617039-3a0f-40a9-856a-73e7e1e906cb'),
 ('26', NULL, 'm151130_000000_update_pt_widget_feeds', '2015-12-05 19:12:26', '2015-12-05 19:12:26', '2015-12-05 19:12:26', '1f0b9ed8-7215-4fb5-b318-99936a6c81fd'),
 ('27', NULL, 'm160114_000000_asset_sources_public_url_default_true', '2016-06-28 12:49:53', '2016-06-28 12:49:53', '2016-06-28 12:49:53', 'a5c7eaca-45e2-441c-989b-365f6d0e6db1'),
 ('28', NULL, 'm160223_000000_sortorder_to_smallint', '2016-06-28 12:49:53', '2016-06-28 12:49:53', '2016-06-28 12:49:53', '3c888c26-796d-44ec-b184-afdeb741b62c'),
 ('29', NULL, 'm160229_000000_set_default_entry_statuses', '2016-06-28 12:49:53', '2016-06-28 12:49:53', '2016-06-28 12:49:53', '6072c428-4b64-4c07-8b99-008c6a9764b0'),
 ('30', NULL, 'm160304_000000_client_permissions', '2016-06-28 12:49:53', '2016-06-28 12:49:53', '2016-06-28 12:49:53', '96ceb985-ed28-4415-87bb-6b0f3ee8264c'),
 ('31', NULL, 'm160322_000000_asset_filesize', '2016-06-28 12:49:53', '2016-06-28 12:49:53', '2016-06-28 12:49:53', 'd9600031-7d42-4b57-82c6-1679726c1221'),
 ('32', NULL, 'm160503_000000_orphaned_fieldlayouts', '2016-06-28 12:49:53', '2016-06-28 12:49:53', '2016-06-28 12:49:53', '9789b35b-ef35-4544-80ee-9768ab640706'),
 ('33', NULL, 'm160510_000000_tasksettings', '2016-06-28 12:49:53', '2016-06-28 12:49:53', '2016-06-28 12:49:53', '9e384d9e-c6ef-4b99-a40c-c31979c5a6d2');



DROP TABLE IF EXISTS `craft_plugins`;


--
-- Schema for table `craft_plugins`
--
CREATE TABLE `craft_plugins` (
  `id` int(11) NOT NULL AUTO_INCREMENT,
  `class` varchar(150) COLLATE utf8_unicode_ci NOT NULL,
  `version` varchar(15) COLLATE utf8_unicode_ci NOT NULL,
  `schemaVersion` varchar(15) COLLATE utf8_unicode_ci DEFAULT NULL,
  `licenseKey` char(24) COLLATE utf8_unicode_ci DEFAULT NULL,
  `licenseKeyStatus` enum('valid','invalid','mismatched','unknown') COLLATE utf8_unicode_ci NOT NULL DEFAULT 'unknown',
  `enabled` tinyint(1) unsigned NOT NULL DEFAULT '0',
  `settings` text COLLATE utf8_unicode_ci,
  `installDate` datetime NOT NULL,
  `dateCreated` datetime NOT NULL,
  `dateUpdated` datetime NOT NULL,
  `uid` char(36) COLLATE utf8_unicode_ci NOT NULL DEFAULT '0',
  PRIMARY KEY (`id`)
) ENGINE=InnoDB DEFAULT CHARSET=utf8 COLLATE=utf8_unicode_ci;

DROP TABLE IF EXISTS `craft_rackspaceaccess`;


--
-- Schema for table `craft_rackspaceaccess`
--
CREATE TABLE `craft_rackspaceaccess` (
  `id` int(11) NOT NULL AUTO_INCREMENT,
  `connectionKey` varchar(255) COLLATE utf8_unicode_ci NOT NULL,
  `token` varchar(255) COLLATE utf8_unicode_ci NOT NULL,
  `storageUrl` varchar(255) COLLATE utf8_unicode_ci NOT NULL,
  `cdnUrl` varchar(255) COLLATE utf8_unicode_ci NOT NULL,
  `dateCreated` datetime NOT NULL,
  `dateUpdated` datetime NOT NULL,
  `uid` char(36) COLLATE utf8_unicode_ci NOT NULL DEFAULT '0',
  PRIMARY KEY (`id`),
  UNIQUE KEY `craft_rackspaceaccess_connectionKey_unq_idx` (`connectionKey`)
) ENGINE=InnoDB DEFAULT CHARSET=utf8 COLLATE=utf8_unicode_ci;

DROP TABLE IF EXISTS `craft_relations`;


--
-- Schema for table `craft_relations`
--
CREATE TABLE `craft_relations` (
  `id` int(11) NOT NULL AUTO_INCREMENT,
  `fieldId` int(11) NOT NULL,
  `sourceId` int(11) NOT NULL,
  `sourceLocale` char(12) COLLATE utf8_unicode_ci DEFAULT NULL,
  `targetId` int(11) NOT NULL,
  `sortOrder` smallint(6) DEFAULT NULL,
  `dateCreated` datetime NOT NULL,
  `dateUpdated` datetime NOT NULL,
  `uid` char(36) COLLATE utf8_unicode_ci NOT NULL DEFAULT '0',
  PRIMARY KEY (`id`),
  UNIQUE KEY `craft_relations_fieldId_sourceId_sourceLocale_targetId_unq_idx` (`fieldId`,`sourceId`,`sourceLocale`,`targetId`),
  KEY `craft_relations_sourceId_fk` (`sourceId`),
  KEY `craft_relations_sourceLocale_fk` (`sourceLocale`),
  KEY `craft_relations_targetId_fk` (`targetId`)
) ENGINE=InnoDB AUTO_INCREMENT=55 DEFAULT CHARSET=utf8 COLLATE=utf8_unicode_ci;

--
-- Data for table `craft_relations`
--

INSERT INTO `craft_relations` (`id`, `fieldId`, `sourceId`, `sourceLocale`, `targetId`, `sortOrder`, `dateCreated`, `dateUpdated`, `uid`) VALUES
 ('23', '7', '17', NULL, '19', '1', '2016-08-20 15:22:11', '2016-08-20 15:22:11', '2c27ad22-63b7-4594-ba9e-4b69b0e6d4fd'),
 ('24', '7', '21', NULL, '20', '1', '2016-08-20 15:22:22', '2016-08-20 15:22:22', '3a7ece22-9c39-499a-a667-ae1bc906dcbc'),
 ('34', '7', '23', NULL, '22', '1', '2016-08-20 15:37:33', '2016-08-20 15:37:33', '68b649da-bb33-4fb8-9ac3-87cf1c21dc0d'),
 ('39', '7', '25', NULL, '24', '1', '2016-08-21 22:20:13', '2016-08-21 22:20:13', '2e06e0f3-8c33-442b-9134-27f15d04a7ef'),
 ('48', '3', '4', NULL, '9', '1', '2016-08-21 23:21:19', '2016-08-21 23:21:19', 'c1e858ab-8124-4a8a-9d86-d9d6614f877f'),
 ('49', '3', '4', NULL, '11', '2', '2016-08-21 23:21:19', '2016-08-21 23:21:19', '51a9493a-9f40-4320-b36f-5ad2bac842ef'),
 ('50', '12', '4', NULL, '9', '1', '2016-08-21 23:21:19', '2016-08-21 23:21:19', '450d0674-d4be-46f1-a0f2-cc4ac7f439ef'),
 ('54', '12', '3', NULL, '27', '1', '2016-08-22 02:57:34', '2016-08-22 02:57:34', '3615764c-f1c4-4131-8c79-5c2476e7d8e8');



DROP TABLE IF EXISTS `craft_routes`;


--
-- Schema for table `craft_routes`
--
CREATE TABLE `craft_routes` (
  `id` int(11) NOT NULL AUTO_INCREMENT,
  `locale` char(12) COLLATE utf8_unicode_ci DEFAULT NULL,
  `urlParts` varchar(255) COLLATE utf8_unicode_ci NOT NULL,
  `urlPattern` varchar(255) COLLATE utf8_unicode_ci NOT NULL,
  `template` varchar(255) COLLATE utf8_unicode_ci NOT NULL,
  `sortOrder` smallint(6) unsigned DEFAULT NULL,
  `dateCreated` datetime NOT NULL,
  `dateUpdated` datetime NOT NULL,
  `uid` char(36) COLLATE utf8_unicode_ci NOT NULL DEFAULT '0',
  PRIMARY KEY (`id`),
  UNIQUE KEY `craft_routes_urlPattern_unq_idx` (`urlPattern`),
  KEY `craft_routes_locale_idx` (`locale`)
) ENGINE=InnoDB DEFAULT CHARSET=utf8 COLLATE=utf8_unicode_ci;

DROP TABLE IF EXISTS `craft_searchindex`;


--
-- Schema for table `craft_searchindex`
--
CREATE TABLE `craft_searchindex` (
  `elementId` int(11) NOT NULL,
  `attribute` varchar(25) COLLATE utf8_unicode_ci NOT NULL,
  `fieldId` int(11) NOT NULL,
  `locale` char(12) COLLATE utf8_unicode_ci NOT NULL,
  `keywords` text COLLATE utf8_unicode_ci NOT NULL,
  PRIMARY KEY (`elementId`,`attribute`,`fieldId`,`locale`),
  FULLTEXT KEY `craft_searchindex_keywords_idx` (`keywords`)
) ENGINE=MyISAM DEFAULT CHARSET=utf8 COLLATE=utf8_unicode_ci;

--
-- Data for table `craft_searchindex`
--

INSERT INTO `craft_searchindex` (`elementId`, `attribute`, `fieldId`, `locale`, `keywords`) VALUES
 ('9', 'filename', '0', 'en_us', ' 1st floor data closet jpg '),
 ('9', 'extension', '0', 'en_us', ' jpg '),
 ('9', 'kind', '0', 'en_us', ' image '),
 ('9', 'slug', '0', 'en_us', ' 1st floor data closet '),
 ('9', 'title', '0', 'en_us', ' 1st floor data closet '),
 ('11', 'filename', '0', 'en_us', ' 2nd floor data closet messy jpg '),
 ('11', 'extension', '0', 'en_us', ' jpg '),
 ('11', 'kind', '0', 'en_us', ' image '),
 ('11', 'slug', '0', 'en_us', ' 2nd floor data closet messy '),
 ('11', 'title', '0', 'en_us', ' 2nd floor data closet messy '),
 ('20', 'filename', '0', 'en_us', ' puella jpg '),
 ('20', 'extension', '0', 'en_us', ' jpg '),
 ('20', 'kind', '0', 'en_us', ' image '),
 ('20', 'slug', '0', 'en_us', ' puella '),
 ('20', 'title', '0', 'en_us', ' puella '),
 ('19', 'filename', '0', 'en_us', ' masterpiece_500x399 png '),
 ('19', 'extension', '0', 'en_us', ' png '),
 ('19', 'kind', '0', 'en_us', ' image '),
 ('19', 'slug', '0', 'en_us', ' masterpiece 500x399 '),
 ('19', 'title', '0', 'en_us', ' masterpiece 500x399 '),
 ('22', 'filename', '0', 'en_us', ' puer jpg '),
 ('22', 'extension', '0', 'en_us', ' jpg '),
 ('22', 'kind', '0', 'en_us', ' image '),
 ('22', 'slug', '0', 'en_us', ' puer '),
 ('22', 'title', '0', 'en_us', ' puer '),
 ('24', 'filename', '0', 'en_us', ' meanddadbluecar jpg '),
 ('24', 'extension', '0', 'en_us', ' jpg '),
 ('24', 'kind', '0', 'en_us', ' image '),
 ('24', 'slug', '0', 'en_us', ' me and dad blue car '),
 ('24', 'title', '0', 'en_us', ' me and dad blue car '),
 ('26', 'filename', '0', 'en_us', ' me jpg '),
 ('26', 'extension', '0', 'en_us', ' jpg '),
 ('26', 'kind', '0', 'en_us', ' image '),
 ('26', 'slug', '0', 'en_us', ' me '),
 ('26', 'title', '0', 'en_us', ' me '),
 ('27', 'filename', '0', 'en_us', ' bacardi jpg '),
 ('27', 'extension', '0', 'en_us', ' jpg '),
 ('27', 'kind', '0', 'en_us', ' image '),
 ('27', 'slug', '0', 'en_us', ' bacardi '),
 ('27', 'title', '0', 'en_us', ' bacardi '),
 ('2', 'slug', '0', 'en_us', ' homepage '),
 ('2', 'title', '0', 'en_us', ' hello '),
 ('2', 'field', '1', 'en_us', ' i m jim christie i m a web devoloper an agile coach a cyclist and sometimes an artist as anyone who works on the internet should i love cats i have over five years of web development experience i lean strongly toward back end functionality of websites i can do design but i don t love it and consequently i m not the best at it i ve become a strong supporter of agile methodologies '),
 ('2', 'field', '2', 'en_us', ''),
 ('2', 'field', '3', 'en_us', ''),
 ('4', 'slug', '0', 'en_us', ' new test entry '),
 ('4', 'title', '0', 'en_us', ' it s business time '),
 ('4', 'field', '1', 'en_us', ' i m just checking out craft i can t figure out how to add an image to my post paragraph 2 '),
 ('4', 'field', '2', 'en_us', ''),
 ('4', 'field', '3', 'en_us', ' 1st floor data closet 2nd floor data closet messy '),
 ('4', 'field', '11', 'en_us', ' the magic indian is a mysterious spiritual force and we re going to cathedral rock and that s the vortex of the heart i wrestled a bear once a 750lbs black bear i wrestled a bear once a 750lbs black bear i wrestled a bear once a 750lbs black bear listen to the silence and when the silence is deafening you re in the center of your own universe go with the feeling of the nature take it easy know why you re here and remeber to balance your internal energy with the environment '),
 ('4', 'field', '12', 'en_us', ' 1st floor data closet '),
 ('4', 'field', '10', 'en_us', ' 1 '),
 ('4', 'field', '13', 'en_us', ''),
 ('3', 'slug', '0', 'en_us', ' we just installed craft '),
 ('3', 'title', '0', 'en_us', ' pleasure post '),
 ('3', 'field', '1', 'en_us', ' craft is the cms that s powering craft jimchristie me it s beautiful powerful flexible and easy to use and it s made by pixel tonic we can t wait to dive in and see what it s capable of this is even more captivating content which you couldn t see on the news index page because it was entered after a page break and the news index template only likes to show the content on the first page craft a nice alternative to word if you re making a website '),
 ('3', 'field', '2', 'en_us', ''),
 ('3', 'field', '3', 'en_us', ''),
 ('3', 'field', '11', 'en_us', ' go with the feeling of the nature take it easy know why you re here and remeber to balance your internal energy with the environment did you feel that look at me i m not out of breath anymore thats an advanced modern oxymoron it was good i like it and i beleived it man you got a way with using words thats like a lariat that does a snake whip on your back legs i mean on the back of your legs not that you have 4 legs and pulls you this way and thats what that line did to me and i believed every minute of it until i looked at the quadrangle that it produced with the verbs used in the sentence this is just common superficiality is thats whats so special about a woman superficiality with their face colours it s good for everyone to understand that they are to love their enemies simply because your enemies show you things about yourself you need to change so in actuality enemies are friends in reverse '),
 ('3', 'field', '12', 'en_us', ' bacardi '),
 ('3', 'field', '10', 'en_us', ' 1 '),
 ('3', 'field', '13', 'en_us', ''),
 ('17', 'slug', '0', 'en_us', ' untitled '),
 ('17', 'title', '0', 'en_us', ' untitled '),
 ('17', 'field', '7', 'en_us', ' masterpiece 500x399 '),
 ('17', 'field', '6', 'en_us', ' this was a project in a painting class in college the assignment was to create a painting by pouring paint on the canvas this was the second iteration of this assignment the first was criticized by the professor as being too layered my professor didn t like that he cold tell the order that the paint was poured onto the canvas though i disagreed however in the interest of getting a good grade i pushed my painting as far from that criticism as i could this was the result which i have been incredibly pleased with '),
 ('17', 'field', '5', 'en_us', ' acrylic on canvas applied by mixing paint with water and pouring it onto the canvas i then manipulated the canvas to force the paint to flow in different directions '),
 ('17', 'field', '4', 'en_us', ''),
 ('17', 'field', '8', 'en_us', ' 1 '),
 ('17', 'field', '9', 'en_us', ' center top '),
 ('21', 'slug', '0', 'en_us', ' puella '),
 ('21', 'title', '0', 'en_us', ' puella '),
 ('21', 'field', '7', 'en_us', ' puella '),
 ('21', 'field', '6', 'en_us', ' this is one of my cats she s the best and the worst '),
 ('21', 'field', '5', 'en_us', ' digital created with autodesk sketchbook on a samsung note pro '),
 ('21', 'field', '4', 'en_us', ''),
 ('21', 'field', '8', 'en_us', ' 1 '),
 ('21', 'field', '9', 'en_us', ' center center '),
 ('23', 'slug', '0', 'en_us', ' puer '),
 ('23', 'title', '0', 'en_us', ' puer '),
 ('23', 'field', '7', 'en_us', ' puer '),
 ('23', 'field', '6', 'en_us', ' one of my cats he loves having his armpits scratched '),
 ('23', 'field', '5', 'en_us', ' digital i experimented quite a bit with this one i started out using artflow on a samsung note 8 0 but finished it in autodesk sketchbook on a samsung note pro '),
 ('23', 'field', '4', 'en_us', ''),
 ('23', 'field', '8', 'en_us', ' 1 '),
 ('23', 'field', '9', 'en_us', ' right center '),
 ('25', 'slug', '0', 'en_us', ' blue car '),
 ('25', 'title', '0', 'en_us', ' blue car '),
 ('25', 'field', '7', 'en_us', ' me and dad blue car '),
 ('25', 'field', '6', 'en_us', ' this was a 3x5 photo of me and my dad the photo was grainy in addition to being small making the painting incredibly difficult it took me almost two years to complete but i was incredibly pleased with the results '),
 ('25', 'field', '5', 'en_us', ' digital primarily done on a samsung note pro with the autodesk sketchbook app however i tinkered with other programs as well '),
 ('25', 'field', '4', 'en_us', ''),
 ('25', 'field', '8', 'en_us', ' 1 '),
 ('25', 'field', '9', 'en_us', ' 30% center '),
 ('1', 'username', '0', 'en_us', ' jimirings '),
 ('1', 'firstname', '0', 'en_us', ''),
 ('1', 'lastname', '0', 'en_us', ''),
 ('1', 'fullname', '0', 'en_us', ''),
 ('1', 'email', '0', 'en_us', ' jimirings gmail com ');
INSERT INTO `craft_searchindex` (`elementId`, `attribute`, `fieldId`, `locale`, `keywords`) VALUES
 ('1', 'slug', '0', 'en_us', '');



DROP TABLE IF EXISTS `craft_sections`;


--
-- Schema for table `craft_sections`
--
CREATE TABLE `craft_sections` (
  `id` int(11) NOT NULL AUTO_INCREMENT,
  `structureId` int(11) DEFAULT NULL,
  `name` varchar(255) COLLATE utf8_unicode_ci NOT NULL,
  `handle` varchar(255) COLLATE utf8_unicode_ci NOT NULL,
  `type` enum('single','channel','structure') COLLATE utf8_unicode_ci NOT NULL DEFAULT 'channel',
  `hasUrls` tinyint(1) unsigned NOT NULL DEFAULT '1',
  `template` varchar(500) COLLATE utf8_unicode_ci DEFAULT NULL,
  `enableVersioning` tinyint(1) unsigned NOT NULL DEFAULT '0',
  `dateCreated` datetime NOT NULL,
  `dateUpdated` datetime NOT NULL,
  `uid` char(36) COLLATE utf8_unicode_ci NOT NULL DEFAULT '0',
  PRIMARY KEY (`id`),
  UNIQUE KEY `craft_sections_name_unq_idx` (`name`),
  UNIQUE KEY `craft_sections_handle_unq_idx` (`handle`),
  KEY `craft_sections_structureId_fk` (`structureId`)
) ENGINE=InnoDB AUTO_INCREMENT=6 DEFAULT CHARSET=utf8 COLLATE=utf8_unicode_ci;

--
-- Data for table `craft_sections`
--

INSERT INTO `craft_sections` (`id`, `structureId`, `name`, `handle`, `type`, `hasUrls`, `template`, `enableVersioning`, `dateCreated`, `dateUpdated`, `uid`) VALUES
 ('1', NULL, 'Homepage', 'homepage', 'single', '1', 'index', '1', '2015-12-05 19:12:27', '2016-01-19 02:46:36', '793a11d6-1a67-40a1-91a8-915891a4ea69'),
 ('2', NULL, 'Blog', 'blog', 'channel', '1', 'blog/_entry', '1', '2015-12-05 19:12:27', '2016-08-06 23:35:30', 'b015b92b-84d2-42ef-a3ad-1e7f5330a50c'),
 ('4', NULL, 'Web Development', 'webDevelopment', 'channel', '1', 'web-development/_entry', '1', '2016-08-09 00:21:44', '2016-08-09 00:21:44', '20f97d4b-4d93-4364-a882-8fbaf58a0032'),
 ('5', NULL, 'Art', 'art', 'channel', '1', 'art/_entry', '1', '2016-08-09 00:24:12', '2016-08-09 00:24:12', '3bd81052-205d-466b-9cd3-1c4f23f4b64c');



DROP TABLE IF EXISTS `craft_sections_i18n`;


--
-- Schema for table `craft_sections_i18n`
--
CREATE TABLE `craft_sections_i18n` (
  `id` int(11) NOT NULL AUTO_INCREMENT,
  `sectionId` int(11) NOT NULL,
  `locale` char(12) COLLATE utf8_unicode_ci NOT NULL,
  `enabledByDefault` tinyint(1) unsigned NOT NULL DEFAULT '1',
  `urlFormat` text COLLATE utf8_unicode_ci,
  `nestedUrlFormat` text COLLATE utf8_unicode_ci,
  `dateCreated` datetime NOT NULL,
  `dateUpdated` datetime NOT NULL,
  `uid` char(36) COLLATE utf8_unicode_ci NOT NULL DEFAULT '0',
  PRIMARY KEY (`id`),
  UNIQUE KEY `craft_sections_i18n_sectionId_locale_unq_idx` (`sectionId`,`locale`),
  KEY `craft_sections_i18n_locale_fk` (`locale`)
) ENGINE=InnoDB AUTO_INCREMENT=6 DEFAULT CHARSET=utf8 COLLATE=utf8_unicode_ci;

--
-- Data for table `craft_sections_i18n`
--

INSERT INTO `craft_sections_i18n` (`id`, `sectionId`, `locale`, `enabledByDefault`, `urlFormat`, `nestedUrlFormat`, `dateCreated`, `dateUpdated`, `uid`) VALUES
 ('1', '1', 'en_us', '1', '__home__', NULL, '2015-12-05 19:12:27', '2016-06-28 12:49:53', '64a332fd-33b4-4a07-902e-61f6fa32892b'),
 ('2', '2', 'en_us', '1', 'blog/{slug}', NULL, '2015-12-05 19:12:27', '2016-08-06 23:35:30', '03f22932-6d49-498f-b0fc-950110263bf8'),
 ('4', '4', 'en_us', '1', 'web-development/{slug}', NULL, '2016-08-09 00:21:44', '2016-08-09 00:21:44', 'bdb27790-abdb-4f0d-b22b-c8f26286f988'),
 ('5', '5', 'en_us', '1', 'art/{slug}', NULL, '2016-08-09 00:24:12', '2016-08-09 00:24:12', 'df49d7e2-a64d-48ac-b682-004fe5f927f4');



DROP TABLE IF EXISTS `craft_sessions`;


--
-- Schema for table `craft_sessions`
--
CREATE TABLE `craft_sessions` (
  `id` int(11) NOT NULL AUTO_INCREMENT,
  `userId` int(11) NOT NULL,
  `token` char(100) COLLATE utf8_unicode_ci NOT NULL,
  `dateCreated` datetime NOT NULL,
  `dateUpdated` datetime NOT NULL,
  `uid` char(36) COLLATE utf8_unicode_ci NOT NULL DEFAULT '0',
  PRIMARY KEY (`id`),
  KEY `craft_sessions_uid_idx` (`uid`),
  KEY `craft_sessions_token_idx` (`token`),
  KEY `craft_sessions_dateUpdated_idx` (`dateUpdated`),
  KEY `craft_sessions_userId_fk` (`userId`)
) ENGINE=InnoDB AUTO_INCREMENT=23 DEFAULT CHARSET=utf8 COLLATE=utf8_unicode_ci;

--
-- Data for table `craft_sessions`
--

INSERT INTO `craft_sessions` (`id`, `userId`, `token`, `dateCreated`, `dateUpdated`, `uid`) VALUES
 ('1', '1', 'cf6bafc1f748c60e80d53af86a474b55c0717255czozMjoiVTJiVjJzTml5bVRmNmdLYWRSaUtZUm5TWGtKbFRvTmciOw==', '2015-12-05 19:12:27', '2015-12-05 19:12:27', '8c9a8fff-891d-4c40-a72f-2b851b00e27a'),
 ('2', '1', '564b388dbc7fdce1baf020ecdaa2434e3301238fczozMjoiaHJWYXJzVU1lT1A5dXMybG1jZnl+b2JQQ0p1dmZwTksiOw==', '2016-01-18 20:28:55', '2016-01-18 20:28:55', '0165ca27-c33e-4467-a03e-428780b286e5'),
 ('3', '1', 'edea34ff871becb2251787cd2ff69c98bccd8cd8czozMjoiQWtVNDRLfmxHcHRDRVhHTFl6X2N0NUhtSmZ2NG1SU2giOw==', '2016-01-19 01:34:09', '2016-01-19 01:34:09', 'fa2f30f6-2d63-46f9-acd1-261445db9dd0'),
 ('4', '1', '77ef13e54446e8cee5e218f95f5a2ce11b12e72cczozMjoiUlJZVThnZkFJdnlQSTNIcmVRZU9jX0pqRmV5WTBQVUgiOw==', '2016-01-22 21:06:40', '2016-01-22 21:06:40', '719d265b-a478-47b7-9f8e-1c12b992b8d8'),
 ('5', '1', '2431859f49c2488291dea10104e779f942f40b9fczozMjoia2NCNzU2b2FfYTQwcWZ6Y1pHY2Z4akJEfmhKRXl3d0UiOw==', '2016-01-23 02:36:24', '2016-01-23 02:36:24', 'fc52e89e-d608-47cc-9d53-b2ab4aed050e'),
 ('7', '1', '05f69a618ca9c1487d943fc4315a983a6b017105czozMjoiSVVnWkdjb0RzVGttME9lZTJIYlZkR3dZY0NQdDg2SGIiOw==', '2016-06-28 18:04:18', '2016-06-28 18:04:18', 'a9085ebc-c527-4ca8-ae4f-857f8503056b'),
 ('8', '1', 'a2398cbfd144a8bb98af6fc1c59c20c50dc6566eczozMjoielMyT2k1ZF9wdjVsV1dIbWQ2WlYzd1h0djJ0RU1yV2UiOw==', '2016-07-06 00:03:06', '2016-07-06 00:03:06', 'feb80c29-7437-4878-a9f1-efbf8f25553e'),
 ('9', '1', '799d5407317df849107bef31571715a1e827f257czozMjoiMm52dUVMcGxNUnlJN3E5cTRldDltMGRQfklwd0FDeVIiOw==', '2016-07-06 23:34:12', '2016-07-06 23:34:12', '0f175bca-f488-45a0-a322-89ae8844652c'),
 ('10', '1', 'ace72ee8d8b1da52a5e09b5fe10d35c8113efa58czozMjoiZlZiN1VKWTlaNkFTWE9rODRTbm1nUGRnMUhqVzAyOEQiOw==', '2016-08-02 23:51:17', '2016-08-02 23:51:17', '8951209c-42ac-476a-9251-a366ad6d6a4b'),
 ('11', '1', '3bb17805d41116454ec59f183820e4ea6a8aa14aczozMjoiVHlJQzliVHVRZENwQlVjNWtVbjM4c3pha1RZUEIxdnIiOw==', '2016-08-04 15:08:32', '2016-08-04 15:08:32', '49521bbf-d17d-4f09-8e2b-bd11a6370bae'),
 ('12', '1', '8352eac1ba9c4c381b75d600f555f6d184cb332fczozMjoiclVpRDNFdFdFQ0tZb3VCfmJIb0lsNWgxa3hBQVFVbjgiOw==', '2016-08-05 22:43:57', '2016-08-05 22:43:57', 'c312ca82-d5a4-4343-a836-0351e0d4bfa5'),
 ('13', '1', '12c7650a3efa5874d43c7b39d0d9e1fec145fd97czozMjoiM2VNTXFKQk1ndVZkRmxvNGI2T3JRMXFHSVVhUDIwNU8iOw==', '2016-08-06 23:30:02', '2016-08-06 23:30:02', 'd921c677-4079-408e-8db2-01507e6d7139'),
 ('15', '1', '003e84ad450b7c3d0763b2ee612f05d0f5bb10b8czozMjoiU1NfRVhPZmt0cHBXUU9zVUVwSTBQemszc01NUFVmS1giOw==', '2016-08-21 01:12:49', '2016-08-21 01:12:49', '26168acd-b648-4235-985c-ece9538d87de'),
 ('16', '1', 'b995a3dd93b5a99a9b7ee53a63b12c0ee76083ddczozMjoidzlxeldRM3paTjVJSVhfcVIyV3cxUlBrdjhTQXBzTFciOw==', '2016-08-21 18:56:21', '2016-08-21 18:56:21', 'e70637cc-26a9-445a-aa5c-4f4f6831937a'),
 ('17', '1', '696cdac142f8d004e3f45bc7619813eccba8c0cdczozMjoiS0V2Q0JqVzJNbXBJdW9DVUU5N0FuRXhzbHhtTjludmkiOw==', '2016-08-21 22:08:39', '2016-08-21 22:08:39', 'f593042d-5565-4991-9252-34eb1973ab42'),
 ('18', '1', 'd053f20766836c5085448d93b26df5770d2aa69fczozMjoiWEhFMHFNUVFTT21CQkE1VVRzUVE5SlFjREx4bnd1NEwiOw==', '2016-08-22 02:47:03', '2016-08-22 02:47:03', 'c6fdbec6-02bb-4831-b533-580d3a27b911'),
 ('20', '1', 'f16a5a79ba4ae3d98614810d28f76f37ceefca48czozMjoidHFJYUpHaXB+d355aFJmSno3VjJJflV0RUJRTXJVU2UiOw==', '2016-08-25 00:48:25', '2016-08-25 00:48:25', '9cbdadfa-5460-486e-a2fe-5e654db229cf'),
 ('21', '1', '5021f5066b324d959e1d05be169e3e168fe92eb0czozMjoiZX45V1pEUjc4aVppdXlPQXFTT1VVa091dTZ1fmtqSVAiOw==', '2016-08-25 01:43:04', '2016-08-25 01:43:04', '1fdf4e90-8fcb-4e52-bada-ff3527e89d0f'),
 ('22', '1', '172afa58f53adaf1cbe00331596a096a2dd2da98czozMjoifmNWSWdsWXNxQWZqMFdOcnc0bTBvMFl1MGJrR0NJT0oiOw==', '2016-08-26 00:43:27', '2016-08-26 00:43:27', 'ce5b0e5b-bd93-424c-b566-d68365a608db');



DROP TABLE IF EXISTS `craft_shunnedmessages`;


--
-- Schema for table `craft_shunnedmessages`
--
CREATE TABLE `craft_shunnedmessages` (
  `id` int(11) NOT NULL AUTO_INCREMENT,
  `userId` int(11) NOT NULL,
  `message` varchar(255) COLLATE utf8_unicode_ci NOT NULL,
  `expiryDate` datetime DEFAULT NULL,
  `dateCreated` datetime NOT NULL,
  `dateUpdated` datetime NOT NULL,
  `uid` char(36) COLLATE utf8_unicode_ci NOT NULL DEFAULT '0',
  PRIMARY KEY (`id`),
  UNIQUE KEY `craft_shunnedmessages_userId_message_unq_idx` (`userId`,`message`)
) ENGINE=InnoDB DEFAULT CHARSET=utf8 COLLATE=utf8_unicode_ci;

DROP TABLE IF EXISTS `craft_structureelements`;


--
-- Schema for table `craft_structureelements`
--
CREATE TABLE `craft_structureelements` (
  `id` int(11) NOT NULL AUTO_INCREMENT,
  `structureId` int(11) NOT NULL,
  `elementId` int(11) DEFAULT NULL,
  `root` int(11) unsigned DEFAULT NULL,
  `lft` int(11) unsigned NOT NULL,
  `rgt` int(11) unsigned NOT NULL,
  `level` smallint(6) unsigned NOT NULL,
  `dateCreated` datetime NOT NULL,
  `dateUpdated` datetime NOT NULL,
  `uid` char(36) COLLATE utf8_unicode_ci NOT NULL DEFAULT '0',
  PRIMARY KEY (`id`),
  UNIQUE KEY `craft_structureelements_structureId_elementId_unq_idx` (`structureId`,`elementId`),
  KEY `craft_structureelements_root_idx` (`root`),
  KEY `craft_structureelements_lft_idx` (`lft`),
  KEY `craft_structureelements_rgt_idx` (`rgt`),
  KEY `craft_structureelements_level_idx` (`level`),
  KEY `craft_structureelements_elementId_fk` (`elementId`)
) ENGINE=InnoDB AUTO_INCREMENT=2 DEFAULT CHARSET=utf8 COLLATE=utf8_unicode_ci;

--
-- Data for table `craft_structureelements`
--

INSERT INTO `craft_structureelements` (`id`, `structureId`, `elementId`, `root`, `lft`, `rgt`, `level`, `dateCreated`, `dateUpdated`, `uid`) VALUES
 ('1', '1', NULL, '1', '1', '2', '0', '2016-06-28 19:16:53', '2016-06-28 19:16:53', '1327d3b0-ade1-481f-9b25-475d8738c97b');



DROP TABLE IF EXISTS `craft_structures`;


--
-- Schema for table `craft_structures`
--
CREATE TABLE `craft_structures` (
  `id` int(11) NOT NULL AUTO_INCREMENT,
  `maxLevels` smallint(6) unsigned DEFAULT NULL,
  `dateCreated` datetime NOT NULL,
  `dateUpdated` datetime NOT NULL,
  `uid` char(36) COLLATE utf8_unicode_ci NOT NULL DEFAULT '0',
  PRIMARY KEY (`id`)
) ENGINE=InnoDB AUTO_INCREMENT=4 DEFAULT CHARSET=utf8 COLLATE=utf8_unicode_ci;

--
-- Data for table `craft_structures`
--

INSERT INTO `craft_structures` (`id`, `maxLevels`, `dateCreated`, `dateUpdated`, `uid`) VALUES
 ('1', NULL, '2016-06-28 19:13:15', '2016-08-07 00:15:10', '58009acc-a10d-45c0-9366-17a055236dee'),
 ('2', NULL, '2016-06-28 19:14:00', '2016-06-28 19:15:11', '2c80a1f4-3032-4abc-8467-d97eb3b3d56b'),
 ('3', NULL, '2016-08-06 23:50:45', '2016-08-07 00:15:02', '78c73bc1-8ead-4ff1-98bb-cec08efb0d9d');



DROP TABLE IF EXISTS `craft_systemsettings`;


--
-- Schema for table `craft_systemsettings`
--
CREATE TABLE `craft_systemsettings` (
  `id` int(11) NOT NULL AUTO_INCREMENT,
  `category` varchar(15) COLLATE utf8_unicode_ci NOT NULL,
  `settings` text COLLATE utf8_unicode_ci,
  `dateCreated` datetime NOT NULL,
  `dateUpdated` datetime NOT NULL,
  `uid` char(36) COLLATE utf8_unicode_ci NOT NULL DEFAULT '0',
  PRIMARY KEY (`id`),
  UNIQUE KEY `craft_systemsettings_category_unq_idx` (`category`)
) ENGINE=InnoDB AUTO_INCREMENT=2 DEFAULT CHARSET=utf8 COLLATE=utf8_unicode_ci;

--
-- Data for table `craft_systemsettings`
--

INSERT INTO `craft_systemsettings` (`id`, `category`, `settings`, `dateCreated`, `dateUpdated`, `uid`) VALUES
 ('1', 'email', '{\"protocol\":\"php\",\"emailAddress\":\"jimirings@gmail.com\",\"senderName\":\"Jim Christie Craft Dev\"}', '2015-12-05 19:12:27', '2015-12-05 19:12:27', '7b442633-3f0d-42df-88a9-bab5c2cfe1bf');



DROP TABLE IF EXISTS `craft_taggroups`;


--
-- Schema for table `craft_taggroups`
--
CREATE TABLE `craft_taggroups` (
  `id` int(11) NOT NULL AUTO_INCREMENT,
  `name` varchar(255) COLLATE utf8_unicode_ci NOT NULL,
  `handle` varchar(255) COLLATE utf8_unicode_ci NOT NULL,
  `fieldLayoutId` int(10) DEFAULT NULL,
  `dateCreated` datetime NOT NULL,
  `dateUpdated` datetime NOT NULL,
  `uid` char(36) COLLATE utf8_unicode_ci NOT NULL DEFAULT '0',
  PRIMARY KEY (`id`),
  UNIQUE KEY `craft_taggroups_name_unq_idx` (`name`),
  UNIQUE KEY `craft_taggroups_handle_unq_idx` (`handle`),
  KEY `craft_taggroups_fieldLayoutId_fk` (`fieldLayoutId`)
) ENGINE=InnoDB AUTO_INCREMENT=2 DEFAULT CHARSET=utf8 COLLATE=utf8_unicode_ci;

--
-- Data for table `craft_taggroups`
--

INSERT INTO `craft_taggroups` (`id`, `name`, `handle`, `fieldLayoutId`, `dateCreated`, `dateUpdated`, `uid`) VALUES
 ('1', 'Default', 'default', '1', '2015-12-05 19:12:27', '2015-12-05 19:12:27', '9b00a185-b2e5-4c10-8b30-ee52d66ad4e7');



DROP TABLE IF EXISTS `craft_tags`;


--
-- Schema for table `craft_tags`
--
CREATE TABLE `craft_tags` (
  `id` int(11) NOT NULL,
  `groupId` int(11) NOT NULL,
  `dateCreated` datetime NOT NULL,
  `dateUpdated` datetime NOT NULL,
  `uid` char(36) COLLATE utf8_unicode_ci NOT NULL DEFAULT '0',
  PRIMARY KEY (`id`),
  KEY `craft_tags_groupId_fk` (`groupId`)
) ENGINE=InnoDB DEFAULT CHARSET=utf8 COLLATE=utf8_unicode_ci;

DROP TABLE IF EXISTS `craft_tasks`;


--
-- Schema for table `craft_tasks`
--
CREATE TABLE `craft_tasks` (
  `id` int(11) NOT NULL AUTO_INCREMENT,
  `root` int(11) unsigned DEFAULT NULL,
  `lft` int(11) unsigned NOT NULL,
  `rgt` int(11) unsigned NOT NULL,
  `level` smallint(6) unsigned NOT NULL,
  `currentStep` int(11) unsigned DEFAULT NULL,
  `totalSteps` int(11) unsigned DEFAULT NULL,
  `status` enum('pending','error','running') COLLATE utf8_unicode_ci DEFAULT NULL,
  `type` varchar(150) COLLATE utf8_unicode_ci NOT NULL,
  `description` varchar(255) COLLATE utf8_unicode_ci DEFAULT NULL,
  `settings` mediumtext COLLATE utf8_unicode_ci,
  `dateCreated` datetime NOT NULL,
  `dateUpdated` datetime NOT NULL,
  `uid` char(36) COLLATE utf8_unicode_ci NOT NULL DEFAULT '0',
  PRIMARY KEY (`id`),
  KEY `craft_tasks_root_idx` (`root`),
  KEY `craft_tasks_lft_idx` (`lft`),
  KEY `craft_tasks_rgt_idx` (`rgt`),
  KEY `craft_tasks_level_idx` (`level`)
) ENGINE=InnoDB AUTO_INCREMENT=7 DEFAULT CHARSET=utf8 COLLATE=utf8_unicode_ci;

DROP TABLE IF EXISTS `craft_templatecachecriteria`;


--
-- Schema for table `craft_templatecachecriteria`
--
CREATE TABLE `craft_templatecachecriteria` (
  `id` int(11) NOT NULL AUTO_INCREMENT,
  `cacheId` int(11) NOT NULL,
  `type` varchar(150) COLLATE utf8_unicode_ci NOT NULL,
  `criteria` text COLLATE utf8_unicode_ci NOT NULL,
  PRIMARY KEY (`id`),
  KEY `craft_templatecachecriteria_cacheId_fk` (`cacheId`),
  KEY `craft_templatecachecriteria_type_idx` (`type`)
) ENGINE=InnoDB DEFAULT CHARSET=utf8 COLLATE=utf8_unicode_ci;

DROP TABLE IF EXISTS `craft_templatecacheelements`;


--
-- Schema for table `craft_templatecacheelements`
--
CREATE TABLE `craft_templatecacheelements` (
  `cacheId` int(11) NOT NULL,
  `elementId` int(11) NOT NULL,
  KEY `craft_templatecacheelements_cacheId_fk` (`cacheId`),
  KEY `craft_templatecacheelements_elementId_fk` (`elementId`)
) ENGINE=InnoDB DEFAULT CHARSET=utf8 COLLATE=utf8_unicode_ci;

DROP TABLE IF EXISTS `craft_templatecaches`;


--
-- Schema for table `craft_templatecaches`
--
CREATE TABLE `craft_templatecaches` (
  `id` int(11) NOT NULL AUTO_INCREMENT,
  `cacheKey` varchar(255) COLLATE utf8_unicode_ci NOT NULL,
  `locale` char(12) COLLATE utf8_unicode_ci NOT NULL,
  `path` varchar(255) COLLATE utf8_unicode_ci DEFAULT NULL,
  `expiryDate` datetime NOT NULL,
  `body` mediumtext COLLATE utf8_unicode_ci NOT NULL,
  PRIMARY KEY (`id`),
  KEY `craft_templatecaches_expiryDate_cacheKey_locale_path_idx` (`expiryDate`,`cacheKey`,`locale`,`path`),
  KEY `craft_templatecaches_locale_fk` (`locale`)
) ENGINE=InnoDB DEFAULT CHARSET=utf8 COLLATE=utf8_unicode_ci;

DROP TABLE IF EXISTS `craft_tokens`;


--
-- Schema for table `craft_tokens`
--
CREATE TABLE `craft_tokens` (
  `id` int(11) NOT NULL AUTO_INCREMENT,
  `token` char(32) COLLATE utf8_unicode_ci NOT NULL,
  `route` text COLLATE utf8_unicode_ci,
  `usageLimit` tinyint(3) unsigned DEFAULT NULL,
  `usageCount` tinyint(3) unsigned DEFAULT NULL,
  `expiryDate` datetime NOT NULL,
  `dateCreated` datetime NOT NULL,
  `dateUpdated` datetime NOT NULL,
  `uid` char(36) COLLATE utf8_unicode_ci NOT NULL DEFAULT '0',
  PRIMARY KEY (`id`),
  UNIQUE KEY `craft_tokens_token_unq_idx` (`token`),
  KEY `craft_tokens_expiryDate_idx` (`expiryDate`)
) ENGINE=InnoDB DEFAULT CHARSET=utf8 COLLATE=utf8_unicode_ci;

DROP TABLE IF EXISTS `craft_usergroups`;


--
-- Schema for table `craft_usergroups`
--
CREATE TABLE `craft_usergroups` (
  `id` int(11) NOT NULL AUTO_INCREMENT,
  `name` varchar(255) COLLATE utf8_unicode_ci NOT NULL,
  `handle` varchar(255) COLLATE utf8_unicode_ci NOT NULL,
  `dateCreated` datetime NOT NULL,
  `dateUpdated` datetime NOT NULL,
  `uid` char(36) COLLATE utf8_unicode_ci NOT NULL DEFAULT '0',
  PRIMARY KEY (`id`)
) ENGINE=InnoDB DEFAULT CHARSET=utf8 COLLATE=utf8_unicode_ci;

DROP TABLE IF EXISTS `craft_usergroups_users`;


--
-- Schema for table `craft_usergroups_users`
--
CREATE TABLE `craft_usergroups_users` (
  `id` int(11) NOT NULL AUTO_INCREMENT,
  `groupId` int(11) NOT NULL,
  `userId` int(11) NOT NULL,
  `dateCreated` datetime NOT NULL,
  `dateUpdated` datetime NOT NULL,
  `uid` char(36) COLLATE utf8_unicode_ci NOT NULL DEFAULT '0',
  PRIMARY KEY (`id`),
  UNIQUE KEY `craft_usergroups_users_groupId_userId_unq_idx` (`groupId`,`userId`),
  KEY `craft_usergroups_users_userId_fk` (`userId`)
) ENGINE=InnoDB DEFAULT CHARSET=utf8 COLLATE=utf8_unicode_ci;

DROP TABLE IF EXISTS `craft_userpermissions`;


--
-- Schema for table `craft_userpermissions`
--
CREATE TABLE `craft_userpermissions` (
  `id` int(11) NOT NULL AUTO_INCREMENT,
  `name` varchar(255) COLLATE utf8_unicode_ci NOT NULL,
  `dateCreated` datetime NOT NULL,
  `dateUpdated` datetime NOT NULL,
  `uid` char(36) COLLATE utf8_unicode_ci NOT NULL DEFAULT '0',
  PRIMARY KEY (`id`),
  UNIQUE KEY `craft_userpermissions_name_unq_idx` (`name`)
) ENGINE=InnoDB DEFAULT CHARSET=utf8 COLLATE=utf8_unicode_ci;

DROP TABLE IF EXISTS `craft_userpermissions_usergroups`;


--
-- Schema for table `craft_userpermissions_usergroups`
--
CREATE TABLE `craft_userpermissions_usergroups` (
  `id` int(11) NOT NULL AUTO_INCREMENT,
  `permissionId` int(11) NOT NULL,
  `groupId` int(11) NOT NULL,
  `dateCreated` datetime NOT NULL,
  `dateUpdated` datetime NOT NULL,
  `uid` char(36) COLLATE utf8_unicode_ci NOT NULL DEFAULT '0',
  PRIMARY KEY (`id`),
  UNIQUE KEY `craft_userpermissions_usergroups_permissionId_groupId_unq_idx` (`permissionId`,`groupId`),
  KEY `craft_userpermissions_usergroups_groupId_fk` (`groupId`)
) ENGINE=InnoDB DEFAULT CHARSET=utf8 COLLATE=utf8_unicode_ci;

DROP TABLE IF EXISTS `craft_userpermissions_users`;


--
-- Schema for table `craft_userpermissions_users`
--
CREATE TABLE `craft_userpermissions_users` (
  `id` int(11) NOT NULL AUTO_INCREMENT,
  `permissionId` int(11) NOT NULL,
  `userId` int(11) NOT NULL,
  `dateCreated` datetime NOT NULL,
  `dateUpdated` datetime NOT NULL,
  `uid` char(36) COLLATE utf8_unicode_ci NOT NULL DEFAULT '0',
  PRIMARY KEY (`id`),
  UNIQUE KEY `craft_userpermissions_users_permissionId_userId_unq_idx` (`permissionId`,`userId`),
  KEY `craft_userpermissions_users_userId_fk` (`userId`)
) ENGINE=InnoDB DEFAULT CHARSET=utf8 COLLATE=utf8_unicode_ci;

DROP TABLE IF EXISTS `craft_users`;


--
-- Schema for table `craft_users`
--
CREATE TABLE `craft_users` (
  `id` int(11) NOT NULL,
  `username` varchar(100) COLLATE utf8_unicode_ci NOT NULL,
  `photo` varchar(100) COLLATE utf8_unicode_ci DEFAULT NULL,
  `firstName` varchar(100) COLLATE utf8_unicode_ci DEFAULT NULL,
  `lastName` varchar(100) COLLATE utf8_unicode_ci DEFAULT NULL,
  `email` varchar(255) COLLATE utf8_unicode_ci NOT NULL,
  `password` char(255) COLLATE utf8_unicode_ci DEFAULT NULL,
  `preferredLocale` char(12) COLLATE utf8_unicode_ci DEFAULT NULL,
  `weekStartDay` tinyint(1) unsigned NOT NULL DEFAULT '0',
  `admin` tinyint(1) unsigned NOT NULL DEFAULT '0',
  `client` tinyint(1) unsigned NOT NULL DEFAULT '0',
  `locked` tinyint(1) unsigned NOT NULL DEFAULT '0',
  `suspended` tinyint(1) unsigned NOT NULL DEFAULT '0',
  `pending` tinyint(1) unsigned NOT NULL DEFAULT '0',
  `archived` tinyint(1) unsigned NOT NULL DEFAULT '0',
  `lastLoginDate` datetime DEFAULT NULL,
  `lastLoginAttemptIPAddress` varchar(45) COLLATE utf8_unicode_ci DEFAULT NULL,
  `invalidLoginWindowStart` datetime DEFAULT NULL,
  `invalidLoginCount` tinyint(4) unsigned DEFAULT NULL,
  `lastInvalidLoginDate` datetime DEFAULT NULL,
  `lockoutDate` datetime DEFAULT NULL,
  `verificationCode` char(100) COLLATE utf8_unicode_ci DEFAULT NULL,
  `verificationCodeIssuedDate` datetime DEFAULT NULL,
  `unverifiedEmail` varchar(255) COLLATE utf8_unicode_ci DEFAULT NULL,
  `passwordResetRequired` tinyint(1) unsigned NOT NULL DEFAULT '0',
  `lastPasswordChangeDate` datetime DEFAULT NULL,
  `dateCreated` datetime NOT NULL,
  `dateUpdated` datetime NOT NULL,
  `uid` char(36) COLLATE utf8_unicode_ci NOT NULL DEFAULT '0',
  PRIMARY KEY (`id`),
  UNIQUE KEY `craft_users_username_unq_idx` (`username`),
  UNIQUE KEY `craft_users_email_unq_idx` (`email`),
  KEY `craft_users_verificationCode_idx` (`verificationCode`),
  KEY `craft_users_uid_idx` (`uid`),
  KEY `craft_users_preferredLocale_fk` (`preferredLocale`)
) ENGINE=InnoDB DEFAULT CHARSET=utf8 COLLATE=utf8_unicode_ci;

--
-- Data for table `craft_users`
--

INSERT INTO `craft_users` (`id`, `username`, `photo`, `firstName`, `lastName`, `email`, `password`, `preferredLocale`, `weekStartDay`, `admin`, `client`, `locked`, `suspended`, `pending`, `archived`, `lastLoginDate`, `lastLoginAttemptIPAddress`, `invalidLoginWindowStart`, `invalidLoginCount`, `lastInvalidLoginDate`, `lockoutDate`, `verificationCode`, `verificationCodeIssuedDate`, `unverifiedEmail`, `passwordResetRequired`, `lastPasswordChangeDate`, `dateCreated`, `dateUpdated`, `uid`) VALUES
 ('1', 'jimirings', NULL, NULL, NULL, 'jimirings@gmail.com', '$2y$13$yvgV.Qm0zSnASIO3JgJY0uibB5Mm0Ae0hYC7WuxTbJQdJbzvgenkC', NULL, '0', '1', '0', '0', '0', '0', '0', '2016-08-26 00:43:27', '127.0.0.1', NULL, NULL, '2016-08-25 00:39:50', NULL, NULL, NULL, NULL, '0', '2015-12-05 19:12:26', '2015-12-05 19:12:26', '2016-08-26 00:43:27', '6b327ccb-2612-44c1-b03b-17f44b224906');



DROP TABLE IF EXISTS `craft_widgets`;


--
-- Schema for table `craft_widgets`
--
CREATE TABLE `craft_widgets` (
  `id` int(11) NOT NULL AUTO_INCREMENT,
  `userId` int(11) NOT NULL,
  `type` varchar(150) COLLATE utf8_unicode_ci NOT NULL,
  `sortOrder` smallint(6) unsigned DEFAULT NULL,
  `colspan` tinyint(4) unsigned DEFAULT NULL,
  `settings` text COLLATE utf8_unicode_ci,
  `enabled` tinyint(1) unsigned NOT NULL DEFAULT '1',
  `dateCreated` datetime NOT NULL,
  `dateUpdated` datetime NOT NULL,
  `uid` char(36) COLLATE utf8_unicode_ci NOT NULL DEFAULT '0',
  PRIMARY KEY (`id`),
  KEY `craft_widgets_userId_fk` (`userId`)
) ENGINE=InnoDB AUTO_INCREMENT=5 DEFAULT CHARSET=utf8 COLLATE=utf8_unicode_ci;

--
-- Data for table `craft_widgets`
--

INSERT INTO `craft_widgets` (`id`, `userId`, `type`, `sortOrder`, `colspan`, `settings`, `enabled`, `dateCreated`, `dateUpdated`, `uid`) VALUES
 ('1', '1', 'RecentEntries', '1', NULL, NULL, '1', '2015-12-05 19:12:30', '2015-12-05 19:12:30', '7e02adb4-5db5-45bc-88ee-f68e32613683'),
 ('2', '1', 'GetHelp', '2', NULL, NULL, '1', '2015-12-05 19:12:30', '2015-12-05 19:12:30', '22c7d5bb-4eb0-473b-a754-6afd17ee6cf8'),
 ('3', '1', 'Updates', '3', NULL, NULL, '1', '2015-12-05 19:12:30', '2015-12-05 19:12:30', 'b9253e1b-72cc-4256-96d7-c7f6b7c45aef'),
 ('4', '1', 'Feed', '4', NULL, '{\"url\":\"https:\\/\\/craftcms.com\\/news.rss\",\"title\":\"Craft News\"}', '1', '2015-12-05 19:12:30', '2015-12-05 19:12:30', 'e03ae70c-6e46-4bd4-950a-497b4aaf14e1');


--
-- Constraints for tables
--


--
-- Constraints for table `craft_assetfiles`
--
ALTER TABLE `craft_assetfiles`
	ADD CONSTRAINT `craft_assetfiles_folderId_fk` FOREIGN KEY (`folderId`) REFERENCES `craft_assetfolders` (`id`) ON DELETE CASCADE,
	ADD CONSTRAINT `craft_assetfiles_id_fk` FOREIGN KEY (`id`) REFERENCES `craft_elements` (`id`) ON DELETE CASCADE,
	ADD CONSTRAINT `craft_assetfiles_sourceId_fk` FOREIGN KEY (`sourceId`) REFERENCES `craft_assetsources` (`id`) ON DELETE CASCADE;

--
-- Constraints for table `craft_assetfolders`
--
ALTER TABLE `craft_assetfolders`
	ADD CONSTRAINT `craft_assetfolders_parentId_fk` FOREIGN KEY (`parentId`) REFERENCES `craft_assetfolders` (`id`) ON DELETE CASCADE,
	ADD CONSTRAINT `craft_assetfolders_sourceId_fk` FOREIGN KEY (`sourceId`) REFERENCES `craft_assetsources` (`id`) ON DELETE CASCADE;

--
-- Constraints for table `craft_assetindexdata`
--
ALTER TABLE `craft_assetindexdata`
	ADD CONSTRAINT `craft_assetindexdata_sourceId_fk` FOREIGN KEY (`sourceId`) REFERENCES `craft_assetsources` (`id`) ON DELETE CASCADE;

--
-- Constraints for table `craft_assetsources`
--
ALTER TABLE `craft_assetsources`
	ADD CONSTRAINT `craft_assetsources_fieldLayoutId_fk` FOREIGN KEY (`fieldLayoutId`) REFERENCES `craft_fieldlayouts` (`id`) ON DELETE SET NULL;

--
-- Constraints for table `craft_categories`
--
ALTER TABLE `craft_categories`
	ADD CONSTRAINT `craft_categories_groupId_fk` FOREIGN KEY (`groupId`) REFERENCES `craft_categorygroups` (`id`) ON DELETE CASCADE,
	ADD CONSTRAINT `craft_categories_id_fk` FOREIGN KEY (`id`) REFERENCES `craft_elements` (`id`) ON DELETE CASCADE;

--
-- Constraints for table `craft_categorygroups`
--
ALTER TABLE `craft_categorygroups`
	ADD CONSTRAINT `craft_categorygroups_fieldLayoutId_fk` FOREIGN KEY (`fieldLayoutId`) REFERENCES `craft_fieldlayouts` (`id`) ON DELETE SET NULL,
	ADD CONSTRAINT `craft_categorygroups_structureId_fk` FOREIGN KEY (`structureId`) REFERENCES `craft_structures` (`id`) ON DELETE CASCADE;

--
-- Constraints for table `craft_categorygroups_i18n`
--
ALTER TABLE `craft_categorygroups_i18n`
	ADD CONSTRAINT `craft_categorygroups_i18n_groupId_fk` FOREIGN KEY (`groupId`) REFERENCES `craft_categorygroups` (`id`) ON DELETE CASCADE,
	ADD CONSTRAINT `craft_categorygroups_i18n_locale_fk` FOREIGN KEY (`locale`) REFERENCES `craft_locales` (`locale`) ON DELETE CASCADE ON UPDATE CASCADE;

--
-- Constraints for table `craft_content`
--
ALTER TABLE `craft_content`
	ADD CONSTRAINT `craft_content_elementId_fk` FOREIGN KEY (`elementId`) REFERENCES `craft_elements` (`id`) ON DELETE CASCADE,
	ADD CONSTRAINT `craft_content_locale_fk` FOREIGN KEY (`locale`) REFERENCES `craft_locales` (`locale`) ON DELETE CASCADE ON UPDATE CASCADE;

--
-- Constraints for table `craft_elements_i18n`
--
ALTER TABLE `craft_elements_i18n`
	ADD CONSTRAINT `craft_elements_i18n_elementId_fk` FOREIGN KEY (`elementId`) REFERENCES `craft_elements` (`id`) ON DELETE CASCADE,
	ADD CONSTRAINT `craft_elements_i18n_locale_fk` FOREIGN KEY (`locale`) REFERENCES `craft_locales` (`locale`) ON DELETE CASCADE ON UPDATE CASCADE;

--
-- Constraints for table `craft_emailmessages`
--
ALTER TABLE `craft_emailmessages`
	ADD CONSTRAINT `craft_emailmessages_locale_fk` FOREIGN KEY (`locale`) REFERENCES `craft_locales` (`locale`) ON DELETE CASCADE ON UPDATE CASCADE;

--
-- Constraints for table `craft_entries`
--
ALTER TABLE `craft_entries`
	ADD CONSTRAINT `craft_entries_authorId_fk` FOREIGN KEY (`authorId`) REFERENCES `craft_users` (`id`) ON DELETE CASCADE,
	ADD CONSTRAINT `craft_entries_id_fk` FOREIGN KEY (`id`) REFERENCES `craft_elements` (`id`) ON DELETE CASCADE,
	ADD CONSTRAINT `craft_entries_sectionId_fk` FOREIGN KEY (`sectionId`) REFERENCES `craft_sections` (`id`) ON DELETE CASCADE,
	ADD CONSTRAINT `craft_entries_typeId_fk` FOREIGN KEY (`typeId`) REFERENCES `craft_entrytypes` (`id`) ON DELETE CASCADE;

--
-- Constraints for table `craft_entrydrafts`
--
ALTER TABLE `craft_entrydrafts`
	ADD CONSTRAINT `craft_entrydrafts_creatorId_fk` FOREIGN KEY (`creatorId`) REFERENCES `craft_users` (`id`) ON DELETE CASCADE,
	ADD CONSTRAINT `craft_entrydrafts_entryId_fk` FOREIGN KEY (`entryId`) REFERENCES `craft_entries` (`id`) ON DELETE CASCADE,
	ADD CONSTRAINT `craft_entrydrafts_locale_fk` FOREIGN KEY (`locale`) REFERENCES `craft_locales` (`locale`) ON DELETE CASCADE ON UPDATE CASCADE,
	ADD CONSTRAINT `craft_entrydrafts_sectionId_fk` FOREIGN KEY (`sectionId`) REFERENCES `craft_sections` (`id`) ON DELETE CASCADE;

--
-- Constraints for table `craft_entrytypes`
--
ALTER TABLE `craft_entrytypes`
	ADD CONSTRAINT `craft_entrytypes_fieldLayoutId_fk` FOREIGN KEY (`fieldLayoutId`) REFERENCES `craft_fieldlayouts` (`id`) ON DELETE SET NULL,
	ADD CONSTRAINT `craft_entrytypes_sectionId_fk` FOREIGN KEY (`sectionId`) REFERENCES `craft_sections` (`id`) ON DELETE CASCADE;

--
-- Constraints for table `craft_entryversions`
--
ALTER TABLE `craft_entryversions`
	ADD CONSTRAINT `craft_entryversions_creatorId_fk` FOREIGN KEY (`creatorId`) REFERENCES `craft_users` (`id`) ON DELETE SET NULL,
	ADD CONSTRAINT `craft_entryversions_entryId_fk` FOREIGN KEY (`entryId`) REFERENCES `craft_entries` (`id`) ON DELETE CASCADE,
	ADD CONSTRAINT `craft_entryversions_locale_fk` FOREIGN KEY (`locale`) REFERENCES `craft_locales` (`locale`) ON DELETE CASCADE ON UPDATE CASCADE,
	ADD CONSTRAINT `craft_entryversions_sectionId_fk` FOREIGN KEY (`sectionId`) REFERENCES `craft_sections` (`id`) ON DELETE CASCADE;

--
-- Constraints for table `craft_fieldlayoutfields`
--
ALTER TABLE `craft_fieldlayoutfields`
	ADD CONSTRAINT `craft_fieldlayoutfields_fieldId_fk` FOREIGN KEY (`fieldId`) REFERENCES `craft_fields` (`id`) ON DELETE CASCADE,
	ADD CONSTRAINT `craft_fieldlayoutfields_layoutId_fk` FOREIGN KEY (`layoutId`) REFERENCES `craft_fieldlayouts` (`id`) ON DELETE CASCADE,
	ADD CONSTRAINT `craft_fieldlayoutfields_tabId_fk` FOREIGN KEY (`tabId`) REFERENCES `craft_fieldlayouttabs` (`id`) ON DELETE CASCADE;

--
-- Constraints for table `craft_fieldlayouttabs`
--
ALTER TABLE `craft_fieldlayouttabs`
	ADD CONSTRAINT `craft_fieldlayouttabs_layoutId_fk` FOREIGN KEY (`layoutId`) REFERENCES `craft_fieldlayouts` (`id`) ON DELETE CASCADE;

--
-- Constraints for table `craft_fields`
--
ALTER TABLE `craft_fields`
	ADD CONSTRAINT `craft_fields_groupId_fk` FOREIGN KEY (`groupId`) REFERENCES `craft_fieldgroups` (`id`) ON DELETE CASCADE;

--
-- Constraints for table `craft_globalsets`
--
ALTER TABLE `craft_globalsets`
	ADD CONSTRAINT `craft_globalsets_fieldLayoutId_fk` FOREIGN KEY (`fieldLayoutId`) REFERENCES `craft_fieldlayouts` (`id`) ON DELETE SET NULL,
	ADD CONSTRAINT `craft_globalsets_id_fk` FOREIGN KEY (`id`) REFERENCES `craft_elements` (`id`) ON DELETE CASCADE;

--
-- Constraints for table `craft_matrixblocks`
--
ALTER TABLE `craft_matrixblocks`
	ADD CONSTRAINT `craft_matrixblocks_fieldId_fk` FOREIGN KEY (`fieldId`) REFERENCES `craft_fields` (`id`) ON DELETE CASCADE,
	ADD CONSTRAINT `craft_matrixblocks_id_fk` FOREIGN KEY (`id`) REFERENCES `craft_elements` (`id`) ON DELETE CASCADE,
	ADD CONSTRAINT `craft_matrixblocks_ownerId_fk` FOREIGN KEY (`ownerId`) REFERENCES `craft_elements` (`id`) ON DELETE CASCADE,
	ADD CONSTRAINT `craft_matrixblocks_ownerLocale_fk` FOREIGN KEY (`ownerLocale`) REFERENCES `craft_locales` (`locale`) ON DELETE CASCADE ON UPDATE CASCADE,
	ADD CONSTRAINT `craft_matrixblocks_typeId_fk` FOREIGN KEY (`typeId`) REFERENCES `craft_matrixblocktypes` (`id`) ON DELETE CASCADE;

--
-- Constraints for table `craft_matrixblocktypes`
--
ALTER TABLE `craft_matrixblocktypes`
	ADD CONSTRAINT `craft_matrixblocktypes_fieldId_fk` FOREIGN KEY (`fieldId`) REFERENCES `craft_fields` (`id`) ON DELETE CASCADE,
	ADD CONSTRAINT `craft_matrixblocktypes_fieldLayoutId_fk` FOREIGN KEY (`fieldLayoutId`) REFERENCES `craft_fieldlayouts` (`id`) ON DELETE SET NULL;

--
-- Constraints for table `craft_migrations`
--
ALTER TABLE `craft_migrations`
	ADD CONSTRAINT `craft_migrations_pluginId_fk` FOREIGN KEY (`pluginId`) REFERENCES `craft_plugins` (`id`) ON DELETE CASCADE;

--
-- Constraints for table `craft_relations`
--
ALTER TABLE `craft_relations`
	ADD CONSTRAINT `craft_relations_fieldId_fk` FOREIGN KEY (`fieldId`) REFERENCES `craft_fields` (`id`) ON DELETE CASCADE,
	ADD CONSTRAINT `craft_relations_sourceId_fk` FOREIGN KEY (`sourceId`) REFERENCES `craft_elements` (`id`) ON DELETE CASCADE,
	ADD CONSTRAINT `craft_relations_sourceLocale_fk` FOREIGN KEY (`sourceLocale`) REFERENCES `craft_locales` (`locale`) ON DELETE CASCADE ON UPDATE CASCADE,
	ADD CONSTRAINT `craft_relations_targetId_fk` FOREIGN KEY (`targetId`) REFERENCES `craft_elements` (`id`) ON DELETE CASCADE;

--
-- Constraints for table `craft_routes`
--
ALTER TABLE `craft_routes`
	ADD CONSTRAINT `craft_routes_locale_fk` FOREIGN KEY (`locale`) REFERENCES `craft_locales` (`locale`) ON DELETE CASCADE ON UPDATE CASCADE;

--
-- Constraints for table `craft_sections`
--
ALTER TABLE `craft_sections`
	ADD CONSTRAINT `craft_sections_structureId_fk` FOREIGN KEY (`structureId`) REFERENCES `craft_structures` (`id`) ON DELETE SET NULL;

--
-- Constraints for table `craft_sections_i18n`
--
ALTER TABLE `craft_sections_i18n`
	ADD CONSTRAINT `craft_sections_i18n_locale_fk` FOREIGN KEY (`locale`) REFERENCES `craft_locales` (`locale`) ON DELETE CASCADE ON UPDATE CASCADE,
	ADD CONSTRAINT `craft_sections_i18n_sectionId_fk` FOREIGN KEY (`sectionId`) REFERENCES `craft_sections` (`id`) ON DELETE CASCADE;

--
-- Constraints for table `craft_sessions`
--
ALTER TABLE `craft_sessions`
	ADD CONSTRAINT `craft_sessions_userId_fk` FOREIGN KEY (`userId`) REFERENCES `craft_users` (`id`) ON DELETE CASCADE;

--
-- Constraints for table `craft_shunnedmessages`
--
ALTER TABLE `craft_shunnedmessages`
	ADD CONSTRAINT `craft_shunnedmessages_userId_fk` FOREIGN KEY (`userId`) REFERENCES `craft_users` (`id`) ON DELETE CASCADE;

--
-- Constraints for table `craft_structureelements`
--
ALTER TABLE `craft_structureelements`
	ADD CONSTRAINT `craft_structureelements_elementId_fk` FOREIGN KEY (`elementId`) REFERENCES `craft_elements` (`id`) ON DELETE CASCADE,
	ADD CONSTRAINT `craft_structureelements_structureId_fk` FOREIGN KEY (`structureId`) REFERENCES `craft_structures` (`id`) ON DELETE CASCADE;

--
-- Constraints for table `craft_taggroups`
--
ALTER TABLE `craft_taggroups`
	ADD CONSTRAINT `craft_taggroups_fieldLayoutId_fk` FOREIGN KEY (`fieldLayoutId`) REFERENCES `craft_fieldlayouts` (`id`) ON DELETE SET NULL;

--
-- Constraints for table `craft_tags`
--
ALTER TABLE `craft_tags`
	ADD CONSTRAINT `craft_tags_groupId_fk` FOREIGN KEY (`groupId`) REFERENCES `craft_taggroups` (`id`) ON DELETE CASCADE,
	ADD CONSTRAINT `craft_tags_id_fk` FOREIGN KEY (`id`) REFERENCES `craft_elements` (`id`) ON DELETE CASCADE;

--
-- Constraints for table `craft_templatecachecriteria`
--
ALTER TABLE `craft_templatecachecriteria`
	ADD CONSTRAINT `craft_templatecachecriteria_cacheId_fk` FOREIGN KEY (`cacheId`) REFERENCES `craft_templatecaches` (`id`) ON DELETE CASCADE;

--
-- Constraints for table `craft_templatecacheelements`
--
ALTER TABLE `craft_templatecacheelements`
	ADD CONSTRAINT `craft_templatecacheelements_cacheId_fk` FOREIGN KEY (`cacheId`) REFERENCES `craft_templatecaches` (`id`) ON DELETE CASCADE,
	ADD CONSTRAINT `craft_templatecacheelements_elementId_fk` FOREIGN KEY (`elementId`) REFERENCES `craft_elements` (`id`) ON DELETE CASCADE;

--
-- Constraints for table `craft_templatecaches`
--
ALTER TABLE `craft_templatecaches`
	ADD CONSTRAINT `craft_templatecaches_locale_fk` FOREIGN KEY (`locale`) REFERENCES `craft_locales` (`locale`) ON DELETE CASCADE ON UPDATE CASCADE;

--
-- Constraints for table `craft_usergroups_users`
--
ALTER TABLE `craft_usergroups_users`
	ADD CONSTRAINT `craft_usergroups_users_groupId_fk` FOREIGN KEY (`groupId`) REFERENCES `craft_usergroups` (`id`) ON DELETE CASCADE,
	ADD CONSTRAINT `craft_usergroups_users_userId_fk` FOREIGN KEY (`userId`) REFERENCES `craft_users` (`id`) ON DELETE CASCADE;

--
-- Constraints for table `craft_userpermissions_usergroups`
--
ALTER TABLE `craft_userpermissions_usergroups`
	ADD CONSTRAINT `craft_userpermissions_usergroups_groupId_fk` FOREIGN KEY (`groupId`) REFERENCES `craft_usergroups` (`id`) ON DELETE CASCADE,
	ADD CONSTRAINT `craft_userpermissions_usergroups_permissionId_fk` FOREIGN KEY (`permissionId`) REFERENCES `craft_userpermissions` (`id`) ON DELETE CASCADE;

--
-- Constraints for table `craft_userpermissions_users`
--
ALTER TABLE `craft_userpermissions_users`
	ADD CONSTRAINT `craft_userpermissions_users_permissionId_fk` FOREIGN KEY (`permissionId`) REFERENCES `craft_userpermissions` (`id`) ON DELETE CASCADE,
	ADD CONSTRAINT `craft_userpermissions_users_userId_fk` FOREIGN KEY (`userId`) REFERENCES `craft_users` (`id`) ON DELETE CASCADE;

--
-- Constraints for table `craft_users`
--
ALTER TABLE `craft_users`
	ADD CONSTRAINT `craft_users_id_fk` FOREIGN KEY (`id`) REFERENCES `craft_elements` (`id`) ON DELETE CASCADE,
	ADD CONSTRAINT `craft_users_preferredLocale_fk` FOREIGN KEY (`preferredLocale`) REFERENCES `craft_locales` (`locale`) ON DELETE SET NULL ON UPDATE CASCADE;

--
-- Constraints for table `craft_widgets`
--
ALTER TABLE `craft_widgets`
	ADD CONSTRAINT `craft_widgets_userId_fk` FOREIGN KEY (`userId`) REFERENCES `craft_users` (`id`) ON DELETE CASCADE;

SET FOREIGN_KEY_CHECKS = 1;
