-- Generated by Craft v2.6.2916 on Sep 5, 2016, 10:15:58 PM.

--
-- Disable foreign key checks and autocommit.
--

SET FOREIGN_KEY_CHECKS = 0;
SET SQL_MODE = "NO_AUTO_VALUE_ON_ZERO";
SET AUTOCOMMIT = 0;
SET NAMES utf8;


DROP TABLE IF EXISTS `craft_assetfiles`;


--
-- Schema for table `craft_assetfiles`
--
CREATE TABLE `craft_assetfiles` (
  `id` int(11) NOT NULL,
  `sourceId` int(11) DEFAULT NULL,
  `folderId` int(11) NOT NULL,
  `filename` varchar(255) COLLATE utf8_unicode_ci NOT NULL,
  `kind` varchar(50) COLLATE utf8_unicode_ci NOT NULL DEFAULT 'unknown',
  `width` int(11) unsigned DEFAULT NULL,
  `height` int(11) unsigned DEFAULT NULL,
  `size` bigint(20) unsigned DEFAULT NULL,
  `dateModified` datetime DEFAULT NULL,
  `dateCreated` datetime NOT NULL,
  `dateUpdated` datetime NOT NULL,
  `uid` char(36) COLLATE utf8_unicode_ci NOT NULL DEFAULT '0',
  PRIMARY KEY (`id`),
  UNIQUE KEY `craft_assetfiles_filename_folderId_unq_idx` (`filename`,`folderId`),
  KEY `craft_assetfiles_sourceId_fk` (`sourceId`),
  KEY `craft_assetfiles_folderId_fk` (`folderId`)
) ENGINE=InnoDB DEFAULT CHARSET=utf8 COLLATE=utf8_unicode_ci;

--
-- Data for table `craft_assetfiles`
--

INSERT INTO `craft_assetfiles` (`id`, `sourceId`, `folderId`, `filename`, `kind`, `width`, `height`, `size`, `dateModified`, `dateCreated`, `dateUpdated`, `uid`) VALUES
 ('9', '2', '3', '1st-Floor-Data-Closet.jpg', 'image', '3264', '2448', '2453393', '2016-07-06 00:04:00', '2016-01-19 01:38:49', '2016-08-25 01:48:06', '736520ed-ce8c-451f-9257-a2db7e1c507d'),
 ('11', '2', '3', '2nd-Floor-Data-Closet-messy.jpg', 'image', '2448', '3264', '2776379', '2016-07-06 00:04:00', '2016-01-19 02:54:23', '2016-08-25 01:48:06', '83a7ab04-937b-4350-aa2a-9117c1896f37'),
 ('19', '2', '3', 'Masterpiece_500x399.png', 'image', '399', '500', '483561', '2016-08-09 02:07:50', '2016-08-09 02:07:50', '2016-08-25 01:48:07', 'def1b85d-2793-4a19-8d18-49504f578101'),
 ('20', '2', '3', 'Puella.jpg', 'image', '2303', '1810', '2607778', '2016-08-18 02:02:38', '2016-08-18 02:02:38', '2016-08-25 01:48:07', '4f8a4812-23cc-4c96-97d8-7c5bfda03ea3'),
 ('22', '2', '3', 'Puer.jpg', 'image', '2575', '1721', '1833159', '2016-08-18 02:45:17', '2016-08-18 02:45:17', '2016-08-25 01:48:07', '6113210b-183c-4ab6-872b-2b118f874d1c'),
 ('24', '2', '3', 'MeAndDadBlueCar.jpg', 'image', '2658', '1329', '2270911', '2016-08-19 02:14:04', '2016-08-19 02:14:04', '2016-08-25 01:48:07', 'fa088e50-b48e-460c-8004-8a98531a098a'),
 ('26', '2', '3', 'Me.jpg', 'image', '257', '300', '25255', '2016-08-21 01:36:17', '2016-08-21 01:36:17', '2016-08-25 01:48:07', '67dc1532-bdfe-4cd5-936e-e546ef363dfa'),
 ('27', '2', '3', 'bacardi.jpg', 'image', '1536', '2048', '403685', '2016-08-21 23:23:57', '2016-08-21 23:23:57', '2016-08-25 01:48:08', '2c342fc1-0f30-4989-972b-0252baf428e3'),
 ('39', '2', '3', 'SayInsurance.png', 'image', '1903', '962', '1666727', '2016-08-30 01:36:46', '2016-08-30 01:36:46', '2016-08-30 01:36:46', 'd13bf3bf-125f-4115-a17c-2c46083b3950'),
 ('55', '2', '3', 'DBRL.png', 'image', '1070', '953', '311057', '2016-09-03 07:52:54', '2016-09-03 07:52:55', '2016-09-03 07:52:55', '7301d367-ae1f-4d6e-8c7a-088932eacfdf');



DROP TABLE IF EXISTS `craft_assetfolders`;


--
-- Schema for table `craft_assetfolders`
--
CREATE TABLE `craft_assetfolders` (
  `id` int(11) NOT NULL AUTO_INCREMENT,
  `parentId` int(11) DEFAULT NULL,
  `sourceId` int(11) DEFAULT NULL,
  `name` varchar(255) COLLATE utf8_unicode_ci NOT NULL,
  `path` varchar(255) COLLATE utf8_unicode_ci DEFAULT NULL,
  `dateCreated` datetime NOT NULL,
  `dateUpdated` datetime NOT NULL,
  `uid` char(36) COLLATE utf8_unicode_ci NOT NULL DEFAULT '0',
  PRIMARY KEY (`id`),
  UNIQUE KEY `craft_assetfolders_name_parentId_sourceId_unq_idx` (`name`,`parentId`,`sourceId`),
  KEY `craft_assetfolders_parentId_fk` (`parentId`),
  KEY `craft_assetfolders_sourceId_fk` (`sourceId`)
) ENGINE=InnoDB AUTO_INCREMENT=7 DEFAULT CHARSET=utf8 COLLATE=utf8_unicode_ci;

--
-- Data for table `craft_assetfolders`
--

INSERT INTO `craft_assetfolders` (`id`, `parentId`, `sourceId`, `name`, `path`, `dateCreated`, `dateUpdated`, `uid`) VALUES
 ('3', NULL, '2', 'Images', '', '2016-01-18 23:05:00', '2016-01-18 23:05:00', '32cacf12-8ffb-4674-8066-ca53cee249de'),
 ('4', NULL, NULL, 'Temporary source', NULL, '2016-08-30 00:14:35', '2016-08-30 00:14:35', 'e59a29fc-039f-41f0-b072-26997131108c'),
 ('5', '4', NULL, 'user_1', NULL, '2016-08-30 00:14:35', '2016-08-30 00:14:35', 'e38c8dd1-e987-4af8-83ce-85a05a9a1a52'),
 ('6', '5', NULL, 'field_7', 'field_7/', '2016-08-30 00:14:35', '2016-08-30 00:14:35', '08725df8-cc42-4a2d-a23c-70dcfbc1506a');



DROP TABLE IF EXISTS `craft_assetindexdata`;


--
-- Schema for table `craft_assetindexdata`
--
CREATE TABLE `craft_assetindexdata` (
  `id` int(11) NOT NULL AUTO_INCREMENT,
  `sessionId` varchar(36) COLLATE utf8_unicode_ci NOT NULL DEFAULT '',
  `sourceId` int(10) NOT NULL,
  `offset` int(10) NOT NULL,
  `uri` varchar(255) COLLATE utf8_unicode_ci DEFAULT NULL,
  `size` bigint(20) unsigned DEFAULT NULL,
  `recordId` int(10) DEFAULT NULL,
  `dateCreated` datetime NOT NULL,
  `dateUpdated` datetime NOT NULL,
  `uid` char(36) COLLATE utf8_unicode_ci NOT NULL DEFAULT '0',
  PRIMARY KEY (`id`),
  UNIQUE KEY `craft_assetindexdata_sessionId_sourceId_offset_unq_idx` (`sessionId`,`sourceId`,`offset`),
  KEY `craft_assetindexdata_sourceId_fk` (`sourceId`)
) ENGINE=InnoDB DEFAULT CHARSET=utf8 COLLATE=utf8_unicode_ci;

DROP TABLE IF EXISTS `craft_assetsources`;


--
-- Schema for table `craft_assetsources`
--
CREATE TABLE `craft_assetsources` (
  `id` int(11) NOT NULL AUTO_INCREMENT,
  `name` varchar(255) COLLATE utf8_unicode_ci NOT NULL,
  `handle` varchar(255) COLLATE utf8_unicode_ci NOT NULL,
  `type` varchar(150) COLLATE utf8_unicode_ci NOT NULL,
  `settings` text COLLATE utf8_unicode_ci,
  `sortOrder` smallint(6) unsigned DEFAULT NULL,
  `fieldLayoutId` int(10) DEFAULT NULL,
  `dateCreated` datetime NOT NULL,
  `dateUpdated` datetime NOT NULL,
  `uid` char(36) COLLATE utf8_unicode_ci NOT NULL DEFAULT '0',
  PRIMARY KEY (`id`),
  UNIQUE KEY `craft_assetsources_name_unq_idx` (`name`),
  UNIQUE KEY `craft_assetsources_handle_unq_idx` (`handle`),
  KEY `craft_assetsources_fieldLayoutId_fk` (`fieldLayoutId`)
) ENGINE=InnoDB AUTO_INCREMENT=3 DEFAULT CHARSET=utf8 COLLATE=utf8_unicode_ci;

--
-- Data for table `craft_assetsources`
--

INSERT INTO `craft_assetsources` (`id`, `name`, `handle`, `type`, `settings`, `sortOrder`, `fieldLayoutId`, `dateCreated`, `dateUpdated`, `uid`) VALUES
 ('2', 'Images', 'images', 'Local', '{\"path\":\"assets\\/images\\/\",\"publicURLs\":\"1\",\"url\":\"\\/\\/localhost\\/dev\\/www\\/assets\\/images\\/\"}', '1', '89', '2016-01-18 23:05:00', '2016-08-25 01:48:34', '2ea7182d-e1de-4b53-9e40-3b33dcb93941');



DROP TABLE IF EXISTS `craft_assettransformindex`;


--
-- Schema for table `craft_assettransformindex`
--
CREATE TABLE `craft_assettransformindex` (
  `id` int(11) NOT NULL AUTO_INCREMENT,
  `fileId` int(11) NOT NULL,
  `filename` varchar(255) COLLATE utf8_unicode_ci DEFAULT NULL,
  `format` varchar(255) COLLATE utf8_unicode_ci DEFAULT NULL,
  `location` varchar(255) COLLATE utf8_unicode_ci NOT NULL,
  `sourceId` int(11) DEFAULT NULL,
  `fileExists` tinyint(1) DEFAULT NULL,
  `inProgress` tinyint(1) DEFAULT NULL,
  `dateIndexed` datetime DEFAULT NULL,
  `dateCreated` datetime NOT NULL,
  `dateUpdated` datetime NOT NULL,
  `uid` char(36) COLLATE utf8_unicode_ci NOT NULL DEFAULT '0',
  PRIMARY KEY (`id`),
  KEY `craft_assettransformindex_sourceId_fileId_location_idx` (`sourceId`,`fileId`,`location`)
) ENGINE=InnoDB DEFAULT CHARSET=utf8 COLLATE=utf8_unicode_ci;

DROP TABLE IF EXISTS `craft_assettransforms`;


--
-- Schema for table `craft_assettransforms`
--
CREATE TABLE `craft_assettransforms` (
  `id` int(11) NOT NULL AUTO_INCREMENT,
  `name` varchar(255) COLLATE utf8_unicode_ci NOT NULL,
  `handle` varchar(255) COLLATE utf8_unicode_ci NOT NULL,
  `mode` enum('stretch','fit','crop') COLLATE utf8_unicode_ci NOT NULL DEFAULT 'crop',
  `position` enum('top-left','top-center','top-right','center-left','center-center','center-right','bottom-left','bottom-center','bottom-right') COLLATE utf8_unicode_ci NOT NULL DEFAULT 'center-center',
  `height` int(10) DEFAULT NULL,
  `width` int(10) DEFAULT NULL,
  `format` varchar(255) COLLATE utf8_unicode_ci DEFAULT NULL,
  `quality` int(10) DEFAULT NULL,
  `dimensionChangeTime` datetime DEFAULT NULL,
  `dateCreated` datetime NOT NULL,
  `dateUpdated` datetime NOT NULL,
  `uid` char(36) COLLATE utf8_unicode_ci NOT NULL DEFAULT '0',
  PRIMARY KEY (`id`),
  UNIQUE KEY `craft_assettransforms_name_unq_idx` (`name`),
  UNIQUE KEY `craft_assettransforms_handle_unq_idx` (`handle`)
) ENGINE=InnoDB DEFAULT CHARSET=utf8 COLLATE=utf8_unicode_ci;

DROP TABLE IF EXISTS `craft_categories`;


--
-- Schema for table `craft_categories`
--
CREATE TABLE `craft_categories` (
  `id` int(11) NOT NULL,
  `groupId` int(11) NOT NULL,
  `dateCreated` datetime NOT NULL,
  `dateUpdated` datetime NOT NULL,
  `uid` char(36) COLLATE utf8_unicode_ci NOT NULL DEFAULT '0',
  PRIMARY KEY (`id`),
  KEY `craft_categories_groupId_fk` (`groupId`)
) ENGINE=InnoDB DEFAULT CHARSET=utf8 COLLATE=utf8_unicode_ci;

DROP TABLE IF EXISTS `craft_categorygroups`;


--
-- Schema for table `craft_categorygroups`
--
CREATE TABLE `craft_categorygroups` (
  `id` int(11) NOT NULL AUTO_INCREMENT,
  `structureId` int(11) NOT NULL,
  `fieldLayoutId` int(11) DEFAULT NULL,
  `name` varchar(255) COLLATE utf8_unicode_ci NOT NULL,
  `handle` varchar(255) COLLATE utf8_unicode_ci NOT NULL,
  `hasUrls` tinyint(1) unsigned NOT NULL DEFAULT '1',
  `template` varchar(500) COLLATE utf8_unicode_ci DEFAULT NULL,
  `dateCreated` datetime NOT NULL,
  `dateUpdated` datetime NOT NULL,
  `uid` char(36) COLLATE utf8_unicode_ci NOT NULL DEFAULT '0',
  PRIMARY KEY (`id`),
  UNIQUE KEY `craft_categorygroups_name_unq_idx` (`name`),
  UNIQUE KEY `craft_categorygroups_handle_unq_idx` (`handle`),
  KEY `craft_categorygroups_structureId_fk` (`structureId`),
  KEY `craft_categorygroups_fieldLayoutId_fk` (`fieldLayoutId`)
) ENGINE=InnoDB DEFAULT CHARSET=utf8 COLLATE=utf8_unicode_ci;

DROP TABLE IF EXISTS `craft_categorygroups_i18n`;


--
-- Schema for table `craft_categorygroups_i18n`
--
CREATE TABLE `craft_categorygroups_i18n` (
  `id` int(11) NOT NULL AUTO_INCREMENT,
  `groupId` int(11) NOT NULL,
  `locale` char(12) COLLATE utf8_unicode_ci NOT NULL,
  `urlFormat` text COLLATE utf8_unicode_ci,
  `nestedUrlFormat` text COLLATE utf8_unicode_ci,
  `dateCreated` datetime NOT NULL,
  `dateUpdated` datetime NOT NULL,
  `uid` char(36) COLLATE utf8_unicode_ci NOT NULL DEFAULT '0',
  PRIMARY KEY (`id`),
  UNIQUE KEY `craft_categorygroups_i18n_groupId_locale_unq_idx` (`groupId`,`locale`),
  KEY `craft_categorygroups_i18n_locale_fk` (`locale`)
) ENGINE=InnoDB DEFAULT CHARSET=utf8 COLLATE=utf8_unicode_ci;

DROP TABLE IF EXISTS `craft_content`;


--
-- Schema for table `craft_content`
--
CREATE TABLE `craft_content` (
  `id` int(11) NOT NULL AUTO_INCREMENT,
  `elementId` int(11) NOT NULL,
  `locale` char(12) COLLATE utf8_unicode_ci NOT NULL,
  `title` varchar(255) COLLATE utf8_unicode_ci DEFAULT NULL,
  `field_body` text COLLATE utf8_unicode_ci,
  `field_artworkTitle` text COLLATE utf8_unicode_ci,
  `field_media` text COLLATE utf8_unicode_ci,
  `field_artistStatement` text COLLATE utf8_unicode_ci,
  `field_homepageSnippet` text COLLATE utf8_unicode_ci,
  `field_focalPoint` text COLLATE utf8_unicode_ci,
  `field_featured` tinyint(1) unsigned NOT NULL DEFAULT '0',
  `field_webLink` text COLLATE utf8_unicode_ci,
  `field_webPrefix` varchar(255) COLLATE utf8_unicode_ci DEFAULT 'http://',
  `field_startDate` datetime DEFAULT NULL,
  `field_endDate` datetime DEFAULT NULL,
  `field_indexSnippet` text COLLATE utf8_unicode_ci,
  `field_orientation` varchar(255) COLLATE utf8_unicode_ci DEFAULT 'landscape',
  `field_certificationAuthority` text COLLATE utf8_unicode_ci,
  `field_certificationDate` datetime DEFAULT NULL,
  `field_expirationDate` datetime DEFAULT NULL,
  `field_date` datetime DEFAULT NULL,
  `field_strength` tinyint(1) unsigned DEFAULT '0',
  `dateCreated` datetime NOT NULL,
  `dateUpdated` datetime NOT NULL,
  `uid` char(36) COLLATE utf8_unicode_ci NOT NULL DEFAULT '0',
  PRIMARY KEY (`id`),
  UNIQUE KEY `craft_content_elementId_locale_unq_idx` (`elementId`,`locale`),
  KEY `craft_content_title_idx` (`title`),
  KEY `craft_content_locale_fk` (`locale`)
) ENGINE=InnoDB AUTO_INCREMENT=56 DEFAULT CHARSET=utf8 COLLATE=utf8_unicode_ci;

--
-- Data for table `craft_content`
--

INSERT INTO `craft_content` (`id`, `elementId`, `locale`, `title`, `field_body`, `field_artworkTitle`, `field_media`, `field_artistStatement`, `field_homepageSnippet`, `field_focalPoint`, `field_featured`, `field_webLink`, `field_webPrefix`, `field_startDate`, `field_endDate`, `field_indexSnippet`, `field_orientation`, `field_certificationAuthority`, `field_certificationDate`, `field_expirationDate`, `field_date`, `field_strength`, `dateCreated`, `dateUpdated`, `uid`) VALUES
 ('1', '1', 'en_us', NULL, NULL, NULL, NULL, NULL, NULL, NULL, '0', NULL, 'http', NULL, NULL, NULL, 'landscape', NULL, NULL, NULL, NULL, '0', '2015-12-05 19:12:26', '2015-12-05 19:12:26', '9e6bc84d-010c-4d90-b9d4-d1964baaeff8'),
 ('2', '2', 'en_us', 'Hello', '<p>I\'m Jim Christie. I\'m a web devoloper, an agile coach, a cyclist, and sometimes, an artist. As anyone who works on the internet should, I love cats.</p>\n\n<p>I have over five years of web development experience. I lean strongly toward back end functionality of websites. I can do design, but I don\'t love it and, consequently, I\'m not the best at it.</p>\n\n\n\n\n\n\n\n\n\n<p>I\'ve become a strong supporter of agile methodologies.</p>', NULL, NULL, NULL, NULL, NULL, '0', NULL, 'http', NULL, NULL, NULL, 'landscape', NULL, NULL, NULL, NULL, '0', '2015-12-05 19:12:27', '2016-09-02 00:14:24', 'ad805d74-7431-4b98-8cc8-05f13b05fe0b'),
 ('3', '3', 'en_us', 'Pleasure Post', '<p>Craft is the CMS that’s powering Craft.jimchristie.me. It’s beautiful, powerful, flexible, and easy-to-use, and it’s made by Pixel &amp; Tonic. We can’t wait to dive in and see what it’s capable of!</p>\n\n<!--pagebreak-->\n\n\n\n\n\n\n\n\n\n\n\n\n\n\n\n<p>This is even more captivating content, which you couldn’t see on the News index page because it was entered after a Page Break, and the News index template only likes to show the content on the first page.</p>\n\n\n\n\n\n\n\n\n\n\n\n\n\n\n\n<p>Craft: a nice alternative to Word, if you’re making a website.</p>', NULL, NULL, NULL, '<p>Go with the feeling of the nature. Take it easy. Know why you\'re here. And remeber to balance your internal energy with the environment. Did you feel that? Look at me - I\'m not out of breath anymore! Thats an advanced modern oxymoron. It was good, I like it and I beleived it. Man you got a way with using words. Thats like a lariat that does a snake whip on your back legs, I mean on the back of your legs - not that you have 4 legs - and pulls you this way, and thats what that line did to me and I believed every minute of it. Until I looked at the quadrangle that it produced with the verbs used in the sentence.</p>\n\n<p>This is just common superficiality. Is thats whats so special about a woman? Superficiality with their face colours? It\'s good for everyone to understand that they are to love their enemies, simply because your enemies show you things about yourself you need to change. So in actuality enemies are friends in reverse.</p>', '', '1', NULL, 'http', NULL, NULL, NULL, 'landscape', NULL, NULL, NULL, NULL, '0', '2015-12-05 19:12:27', '2016-08-30 00:14:30', '8545036a-1e5e-42c2-b710-63b45fbe77d0'),
 ('4', '4', 'en_us', 'It\'s Business Time', '<p>I\'m just checking out craft. I can\'t figure out how to add an image to my post.</p>\n\n<p>Paragraph 2</p>\n\n\n\n\n\n\n\n\n\n\n\n\n\n\n\n\n\n<p><br /></p>\n\n\n\n\n\n\n\n\n\n\n\n\n\n\n\n\n\n<p><br /></p>', NULL, NULL, NULL, '<p>The magic Indian is a mysterious spiritual force, and we\'re going to Cathedral Rock, and that\'s the vortex of the heart. I wrestled a bear once. A 750lbs black bear. I wrestled a bear once. A 750lbs black bear.</p>\n\n<p>I wrestled a bear once. A 750lbs black bear. Listen to the silence. And when the silence is deafening, you\'re in the center of your own universe. Go with the feeling of the nature. Take it easy. Know why you\'re here. And remeber to balance your internal energy with the environment.</p>', '', '1', NULL, 'http', NULL, NULL, NULL, 'landscape', NULL, NULL, NULL, NULL, '0', '2016-01-18 20:38:12', '2016-09-05 01:34:05', '04596cac-bbdc-425c-a2a9-2f0961ad6e8b'),
 ('9', '9', 'en_us', '1St Floor Data Closet', NULL, NULL, NULL, NULL, NULL, NULL, '0', NULL, 'http', NULL, NULL, NULL, 'landscape', NULL, NULL, NULL, NULL, '0', '2016-01-19 01:38:49', '2016-08-25 01:48:06', 'b74eb8f8-9204-493d-8113-f9c0011f0b3c'),
 ('11', '11', 'en_us', '2Nd Floor Data Closet Messy', NULL, NULL, NULL, NULL, NULL, NULL, '0', NULL, 'http', NULL, NULL, NULL, 'landscape', NULL, NULL, NULL, NULL, '0', '2016-01-19 02:54:23', '2016-08-25 01:48:06', '13c3cf9f-dd3a-4044-9d96-3615de70f8f5'),
 ('17', '17', 'en_us', 'Untitled', NULL, '', '<p>Acrylic on canvas.</p>\n\n<p>Applied by mixing paint with water and pouring it onto the canvas. I then manipulated the canvas to force the paint to flow in different directions.</p>', '<p>This was a project in a painting class in college. The assignment was to create a painting by pouring paint on the canvas. This was the second iteration of this assignment. The first was criticized by the professor as being too layered. My professor didn\'t like that he cold tell the order that the paint was poured onto the canvas, though I disagreed. However, in the interest of getting a good grade, I pushed my painting as far from that criticism as I could. This was the result, which I have been incredibly pleased with.</p>', NULL, 'center top', '1', NULL, 'http', NULL, NULL, NULL, 'portrait', NULL, NULL, NULL, NULL, '0', '2016-08-09 01:41:51', '2016-09-01 02:15:20', '77736112-9283-45f7-b591-50431b81caf1'),
 ('19', '19', 'en_us', 'Masterpiece 500X399', NULL, NULL, NULL, NULL, NULL, NULL, '0', NULL, 'http', NULL, NULL, NULL, 'landscape', NULL, NULL, NULL, NULL, '0', '2016-08-09 02:07:50', '2016-08-25 01:48:07', '4c049231-17b6-43fd-af6f-e7384d2ac3fe'),
 ('20', '20', 'en_us', 'Puella', NULL, NULL, NULL, NULL, NULL, NULL, '0', NULL, 'http', NULL, NULL, NULL, 'landscape', NULL, NULL, NULL, NULL, '0', '2016-08-18 02:02:38', '2016-08-25 01:48:07', '99d0139a-e4da-4deb-b214-fa04f545aa4c'),
 ('21', '21', 'en_us', 'Puella', NULL, '', '<p>Digital. Created with AutoDesk Sketchbook on a Samsung Note Pro.</p>', '<p>This is one of my cats. She\'s the best. And the worst.</p>', NULL, 'center center', '1', NULL, 'http', NULL, NULL, NULL, 'landscape', NULL, NULL, NULL, NULL, '0', '2016-08-18 02:03:40', '2016-08-30 00:15:21', 'ef42d5d5-f057-4666-9b0a-9aceadffb9f9'),
 ('22', '22', 'en_us', 'Puer', NULL, NULL, NULL, NULL, NULL, NULL, '0', NULL, 'http', NULL, NULL, NULL, 'landscape', NULL, NULL, NULL, NULL, '0', '2016-08-18 02:45:17', '2016-08-25 01:48:07', '86a8bc07-747a-4308-a2d5-a00ec5eb7176'),
 ('23', '23', 'en_us', 'Puer', NULL, '', '<p>Digital. I experimented quite a bit with this one. I started out using Artflow on a Samsung Note 8.0, but finished it in AutoDesk SketchBook on a Samsung Note Pro.</p>', '<p>One of my cats. He loves having his armpits scratched. </p>', NULL, 'right center', '1', NULL, 'http', NULL, NULL, NULL, 'landscape', NULL, NULL, NULL, NULL, '0', '2016-08-18 02:47:07', '2016-08-30 00:15:06', '0b5c2dc9-1626-4d27-88d4-09cd6e33acc3'),
 ('24', '24', 'en_us', 'Me And Dad Blue Car', NULL, NULL, NULL, NULL, NULL, NULL, '0', NULL, 'http', NULL, NULL, NULL, 'landscape', NULL, NULL, NULL, NULL, '0', '2016-08-19 02:14:04', '2016-08-25 01:48:07', '5735b82c-2197-4c96-b5b8-65ecc6f279e9'),
 ('25', '25', 'en_us', 'Blue Car', NULL, '', '<p>Digital. Primarily done on a Samsung Note Pro with the AutoDesk SketchBook app. However, I tinkered with other programs as well.</p>', '<p>This was a 3x5 photo of me and my dad. The photo was grainy in addition to being small, making the painting incredibly difficult. It took me almost two years to complete, but I was incredibly pleased with the results. </p>', NULL, '30% center', '1', NULL, 'http', NULL, NULL, NULL, 'landscape', NULL, NULL, NULL, NULL, '0', '2016-08-19 02:17:03', '2016-09-01 02:20:42', '028fc19c-10cf-41dd-95ee-6b65a37873bc'),
 ('26', '26', 'en_us', 'Me', NULL, NULL, NULL, NULL, NULL, NULL, '0', NULL, 'http', NULL, NULL, NULL, 'landscape', NULL, NULL, NULL, NULL, '0', '2016-08-21 01:36:17', '2016-08-25 01:48:07', 'c67e4634-83c6-4df9-a941-2fc5cd599f88'),
 ('27', '27', 'en_us', 'Bacardi', NULL, NULL, NULL, NULL, NULL, NULL, '0', NULL, 'http', NULL, NULL, NULL, 'landscape', NULL, NULL, NULL, NULL, '0', '2016-08-21 23:23:57', '2016-08-25 01:48:08', '93c73887-30a4-49af-98cd-b58ece043184'),
 ('28', '28', 'en_us', 'Contact', NULL, NULL, NULL, NULL, NULL, NULL, '0', NULL, 'http', NULL, NULL, NULL, 'landscape', NULL, NULL, NULL, NULL, '0', '2016-08-27 16:38:52', '2016-08-28 01:59:12', '76ffc048-7e1b-4183-981b-8c54bae3f1a3'),
 ('29', '29', 'en_us', 'Thanks', NULL, NULL, NULL, NULL, NULL, NULL, '0', NULL, 'http', NULL, NULL, NULL, 'landscape', NULL, NULL, NULL, NULL, '0', '2016-08-28 02:00:15', '2016-08-28 02:01:24', 'b68067b4-9794-4706-8cdd-ddb26688f9fd'),
 ('30', '30', 'en_us', 'Say Insurance', '<p>This project was an initiative to launch a new, web-based subsidiary of a larger insurance company.</p>\n\n<p>The company used this initiative to experiment with new technologies and workflow methodologies. Among these new technologies and methodologies are:</p>\n\n\n\n\n\n\n\n\n\n\n\n\n\n\n\n\n\n<p>New to me:</p>\n\n\n\n\n\n\n\n\n\n\n\n\n\n\n\n\n\n<ul><li>PHPUnit</li><li>Jasmine unit testing framework</li></ul><p>New to the company:</p>\n\n\n\n\n\n\n\n\n\n\n\n\n\n\n\n\n\n<ul><li>Linux</li><li>MySQL</li><li>PHP</li></ul><p>New to everyone involved:</p>\n\n\n\n\n\n\n\n\n\n\n\n\n\n\n\n\n\n<ul><li>Agile, specifically Scrum</li><li>Craft CMS</li><li>Amazon Web Services</li><li>Angular</li></ul><p>As a result of these experiments, I have grown as a developer and a coworker in leaps and bounds. Most notably, I discovered agile methodologies. Upon discovering Scrum, I quickly began to read everything I could find on agile and Scrum. I went to <a href=\"https://adcwest.techwell.com/\" target=\"_blank\">Agile Dev West</a> and <a href=\"http://agilegravyinc.com/\" target=\"_blank\">Agile Gravy</a>, became a <a href=\"https://www.scrumalliance.org/certifications/practitioners/cspo-certification\" target=\"_blank\">Certified Scrum Product Owner</a> and <a href=\"https://www.scrumalliance.org/certifications/practitioners/certified-scrummaster-csm\" target=\"_blank\">Certified ScrumMaster<sup>®</sup></a> through <a href=\"https://www.scrumalliance.org/\" target=\"_blank\">Scrum Alliance</a>, and joined a local agile users\' group.I quickly began to advise my team on how to better apply these methodologies, and to the organization at large through feedback to the agile coaches guiding the organizational agile transformation.</p>\n\n\n\n\n\n\n\n\n\n<p>From a technical perspective, I grew in several ways. Though the site utilized the <a href=\"https://craftcms.com/\">Craft CMS</a> to a degree, much of the initial development we were doing did not utilize the CMS. The lion\'s share of the initial work involved building a custom plugin for generating insurance quotes via calls to APIs built by other teams within the organization. This work afforded me the opportunity to use PHP in ways that I had not known it was capable, specifically using it as a middle layer between an Angular front end and the APIs.</p>\n\n\n\n\n\n\n\n\n\n<p>As this initial setup tapered off, we began to tie the content of our site into Craft. As we did so, I developed a great appreciation for Craft. We utilized every feature of Craft <br /></p>', '', NULL, NULL, '<p>This project was an initiative to launch a new, web-based subsidiary of a larger insurance company. </p>', '', '1', 'www.sayinsurance.com', 'https://', '2015-06-15 00:00:00', NULL, '<p>This project was an initiative to launch a new, web-based subsidiary of a larger insurance company.</p>', 'landscape', NULL, NULL, NULL, NULL, '0', '2016-08-30 00:35:42', '2016-09-03 03:40:51', 'a2aa9844-4098-40fd-acf7-67ce4c82588b'),
 ('31', '31', 'en_us', 'PHP', NULL, NULL, NULL, NULL, NULL, NULL, '0', NULL, 'http', NULL, NULL, NULL, 'landscape', NULL, NULL, NULL, NULL, '0', '2016-08-30 01:21:51', '2016-08-30 01:21:51', '8584b892-5137-41bd-ab24-f1a8a7470ee2'),
 ('32', '32', 'en_us', 'JavaScript', NULL, NULL, NULL, NULL, NULL, NULL, '0', NULL, 'http', NULL, NULL, NULL, 'landscape', NULL, NULL, NULL, NULL, '0', '2016-08-30 01:21:56', '2016-08-30 01:21:56', '97fb765a-c54c-48de-b780-8b5730630b94'),
 ('33', '33', 'en_us', 'Scrum', NULL, NULL, NULL, NULL, NULL, NULL, '0', NULL, 'http', NULL, NULL, NULL, 'landscape', NULL, NULL, NULL, NULL, '0', '2016-08-30 01:22:04', '2016-08-30 01:22:04', '60faeb27-f97b-4eb3-a94e-a12700e2fb73'),
 ('34', '34', 'en_us', 'Agile', NULL, NULL, NULL, NULL, NULL, NULL, '0', NULL, 'http', NULL, NULL, NULL, 'landscape', NULL, NULL, NULL, NULL, '0', '2016-08-30 01:22:12', '2016-08-30 01:22:12', 'c39fe10a-b45a-4706-83c7-140d06858265'),
 ('35', '35', 'en_us', 'API', NULL, NULL, NULL, NULL, NULL, NULL, '0', NULL, 'http', NULL, NULL, NULL, 'landscape', NULL, NULL, NULL, NULL, '0', '2016-08-30 01:22:29', '2016-08-30 01:22:29', 'ee95db3a-4b05-48d7-864d-a19e6f5377eb'),
 ('36', '36', 'en_us', 'Angular', NULL, NULL, NULL, NULL, NULL, NULL, '0', NULL, 'http', NULL, NULL, NULL, 'landscape', NULL, NULL, NULL, NULL, '0', '2016-08-30 01:22:47', '2016-08-30 01:22:47', 'cd29f126-f4c1-49f4-8343-82fd96ab1d6f'),
 ('37', '37', 'en_us', 'LAMP', NULL, NULL, NULL, NULL, NULL, NULL, '0', NULL, 'http', NULL, NULL, NULL, 'landscape', NULL, NULL, NULL, NULL, '0', '2016-08-30 01:22:51', '2016-08-30 01:22:51', 'b9355a2f-c8d5-4d4d-b57f-354d04adef9f'),
 ('38', '38', 'en_us', 'Craft CMS', NULL, NULL, NULL, NULL, NULL, NULL, '0', NULL, 'http', NULL, NULL, NULL, 'landscape', NULL, NULL, NULL, NULL, '0', '2016-08-30 01:22:55', '2016-08-30 01:22:55', '52548771-b460-4f3c-8170-e04eedada42b'),
 ('39', '39', 'en_us', 'Say Insurance', NULL, NULL, NULL, NULL, NULL, NULL, '0', NULL, 'http', NULL, NULL, NULL, 'landscape', NULL, NULL, NULL, NULL, '0', '2016-08-30 01:36:46', '2016-08-30 01:36:46', 'df407c12-fd88-4a5f-b99b-f2b06f22f47a'),
 ('40', '40', 'en_us', 'Drupal', NULL, NULL, NULL, NULL, NULL, NULL, '0', NULL, 'http://', NULL, NULL, NULL, 'landscape', NULL, NULL, NULL, NULL, '0', '2016-09-01 03:35:39', '2016-09-01 03:35:39', '92ea7f13-fabd-464f-b144-42cc4c1c1618'),
 ('41', '41', 'en_us', 'Wordpress', NULL, NULL, NULL, NULL, NULL, NULL, '0', NULL, 'http://', NULL, NULL, NULL, 'landscape', NULL, NULL, NULL, NULL, '0', '2016-09-01 03:35:44', '2016-09-01 03:35:44', '2d27729f-71be-4627-a119-a0bbd1bc9169'),
 ('42', '42', 'en_us', 'jQuery', NULL, NULL, NULL, NULL, NULL, NULL, '0', NULL, 'http://', NULL, NULL, NULL, 'landscape', NULL, NULL, NULL, NULL, '0', '2016-09-01 03:35:52', '2016-09-01 03:35:52', '9751f7ca-f5fa-4e7c-8402-8f884c6b453e'),
 ('43', '43', 'en_us', 'Daniel Boone Regional Library', '<p>Stuff</p>', NULL, NULL, NULL, '', 'up down', '1', 'www.dbrl.org', 'http://', '2013-08-01 00:00:00', '2015-06-15 00:00:00', '<p>Yada, yada.</p>', 'landscape', NULL, NULL, NULL, NULL, '0', '2016-09-01 03:36:37', '2016-09-03 07:53:03', '050cb24b-343b-4d79-9ed1-4f686b9fd103'),
 ('44', '44', 'en_us', 'Certified ScrumMaster', NULL, NULL, NULL, NULL, NULL, NULL, '0', 'www.scrumalliance.org', 'https://', NULL, NULL, NULL, 'landscape', 'Scrum Alliance', '2016-06-03 00:00:00', '2018-06-03 00:00:00', NULL, '0', '2016-09-01 22:24:35', '2016-09-01 22:33:47', 'a05e0ddb-98a7-42bc-b011-c664451c417a'),
 ('45', '45', 'en_us', 'Certified Product Owner', NULL, NULL, NULL, NULL, NULL, NULL, '0', 'www.scrumalliance.org', 'https://', NULL, NULL, NULL, 'landscape', 'Scrum Alliance', '2016-06-10 00:00:00', '2018-06-10 00:00:00', NULL, '0', '2016-09-01 22:25:23', '2016-09-01 22:33:47', '649170d7-5744-461c-b701-30d03226b21c'),
 ('46', '53', 'en_us', 'Agile Dev West', NULL, NULL, NULL, NULL, NULL, NULL, '0', 'adcwest.techwell.com', 'https://', NULL, NULL, NULL, 'landscape', NULL, NULL, NULL, '2016-06-04 00:00:00', '0', '2016-09-02 00:36:46', '2016-09-02 00:36:46', 'f43afed4-84e7-4ad4-b86f-47ab32b1cd12'),
 ('47', '54', 'en_us', 'Agile Gravy', NULL, NULL, NULL, NULL, NULL, NULL, '0', 'http://agilegravyinc.com/', 'http://', NULL, NULL, NULL, 'landscape', NULL, NULL, NULL, '2016-09-29 00:00:00', '0', '2016-09-02 00:37:40', '2016-09-02 00:37:40', '8a0d2e65-9e12-4286-aad4-ea78e41d267d'),
 ('48', '55', 'en_us', 'Dbrl', NULL, NULL, NULL, NULL, NULL, NULL, '0', NULL, 'http://', NULL, NULL, NULL, 'landscape', NULL, NULL, NULL, NULL, '0', '2016-09-03 07:52:54', '2016-09-03 07:52:54', '5371bb8a-a15d-413a-b7c4-1f14930a031f'),
 ('49', '56', 'en_us', 'Angular', NULL, NULL, NULL, NULL, NULL, NULL, '0', NULL, 'http://', '2015-06-06 00:00:00', NULL, NULL, 'landscape', NULL, NULL, NULL, NULL, '3', '2016-09-05 03:00:56', '2016-09-05 03:06:54', '4657b753-1c6f-4071-a88c-97427bcead67'),
 ('50', '57', 'en_us', 'JavaScript', NULL, NULL, NULL, NULL, NULL, NULL, '0', NULL, 'http://', '2014-06-01 00:00:00', NULL, NULL, 'landscape', NULL, NULL, NULL, NULL, '5', '2016-09-05 03:01:43', '2016-09-05 03:02:59', '46bcb128-101d-4e4c-bbec-980f37e8f10b'),
 ('51', '58', 'en_us', 'jQuery', NULL, NULL, NULL, NULL, NULL, NULL, '0', NULL, 'http://', '2012-06-01 00:00:00', NULL, NULL, 'landscape', NULL, NULL, NULL, NULL, '5', '2016-09-05 03:02:35', '2016-09-05 03:02:35', '7b40e88e-ae1f-4d2d-b99d-781631d6de9e'),
 ('52', '59', 'en_us', 'PHP', NULL, NULL, NULL, NULL, NULL, NULL, '0', NULL, 'http://', '2015-01-01 00:00:00', NULL, NULL, 'landscape', NULL, NULL, NULL, NULL, '4', '2016-09-05 03:02:53', '2016-09-05 03:02:53', 'bf614cd3-81dd-43c1-9603-eba04a8d47d3'),
 ('53', '60', 'en_us', 'Scrum', NULL, NULL, NULL, NULL, NULL, NULL, '0', NULL, 'http://', '2015-06-01 00:00:00', NULL, NULL, 'landscape', NULL, NULL, NULL, NULL, '4', '2016-09-05 03:03:21', '2016-09-05 03:03:21', 'b193ade8-baeb-4774-8335-b9335d0b5651'),
 ('54', '61', 'en_us', 'Kanban', NULL, NULL, NULL, NULL, NULL, NULL, '0', NULL, 'http://', '2015-09-01 00:00:00', NULL, NULL, 'landscape', NULL, NULL, NULL, NULL, '3', '2016-09-05 03:04:11', '2016-09-05 03:04:21', 'dc1574c3-8766-4b7c-baad-0deaa63de046'),
 ('55', '62', 'en_us', 'XP', NULL, NULL, NULL, NULL, NULL, NULL, '0', NULL, 'http://', '2016-06-01 00:00:00', NULL, NULL, 'landscape', NULL, NULL, NULL, NULL, '2', '2016-09-05 03:04:56', '2016-09-05 03:04:56', '49606f30-e52b-4ea9-8a2b-261c6e395c6e');



DROP TABLE IF EXISTS `craft_deprecationerrors`;


--
-- Schema for table `craft_deprecationerrors`
--
CREATE TABLE `craft_deprecationerrors` (
  `id` int(11) NOT NULL AUTO_INCREMENT,
  `key` varchar(255) COLLATE utf8_unicode_ci NOT NULL,
  `fingerprint` varchar(255) COLLATE utf8_unicode_ci NOT NULL,
  `lastOccurrence` datetime NOT NULL,
  `file` varchar(255) COLLATE utf8_unicode_ci NOT NULL,
  `line` smallint(6) unsigned NOT NULL,
  `class` varchar(255) COLLATE utf8_unicode_ci DEFAULT NULL,
  `method` varchar(255) COLLATE utf8_unicode_ci DEFAULT NULL,
  `template` varchar(255) COLLATE utf8_unicode_ci DEFAULT NULL,
  `templateLine` smallint(6) unsigned DEFAULT NULL,
  `message` varchar(255) COLLATE utf8_unicode_ci DEFAULT NULL,
  `traces` text COLLATE utf8_unicode_ci,
  `dateCreated` datetime NOT NULL,
  `dateUpdated` datetime NOT NULL,
  `uid` char(36) COLLATE utf8_unicode_ci NOT NULL DEFAULT '0',
  PRIMARY KEY (`id`),
  UNIQUE KEY `craft_deprecationerrors_key_fingerprint_unq_idx` (`key`,`fingerprint`)
) ENGINE=InnoDB DEFAULT CHARSET=utf8 COLLATE=utf8_unicode_ci;

DROP TABLE IF EXISTS `craft_elementindexsettings`;


--
-- Schema for table `craft_elementindexsettings`
--
CREATE TABLE `craft_elementindexsettings` (
  `id` int(11) NOT NULL AUTO_INCREMENT,
  `type` varchar(150) COLLATE utf8_unicode_ci NOT NULL,
  `settings` text COLLATE utf8_unicode_ci,
  `dateCreated` datetime NOT NULL,
  `dateUpdated` datetime NOT NULL,
  `uid` char(36) COLLATE utf8_unicode_ci NOT NULL DEFAULT '0',
  PRIMARY KEY (`id`),
  UNIQUE KEY `craft_elementindexsettings_type_unq_idx` (`type`)
) ENGINE=InnoDB DEFAULT CHARSET=utf8 COLLATE=utf8_unicode_ci;

DROP TABLE IF EXISTS `craft_elements`;


--
-- Schema for table `craft_elements`
--
CREATE TABLE `craft_elements` (
  `id` int(11) NOT NULL AUTO_INCREMENT,
  `type` varchar(150) COLLATE utf8_unicode_ci NOT NULL,
  `enabled` tinyint(1) unsigned NOT NULL DEFAULT '1',
  `archived` tinyint(1) unsigned NOT NULL DEFAULT '0',
  `dateCreated` datetime NOT NULL,
  `dateUpdated` datetime NOT NULL,
  `uid` char(36) COLLATE utf8_unicode_ci NOT NULL DEFAULT '0',
  PRIMARY KEY (`id`),
  KEY `craft_elements_type_idx` (`type`),
  KEY `craft_elements_enabled_idx` (`enabled`),
  KEY `craft_elements_archived_dateCreated_idx` (`archived`,`dateCreated`)
) ENGINE=InnoDB AUTO_INCREMENT=63 DEFAULT CHARSET=utf8 COLLATE=utf8_unicode_ci;

--
-- Data for table `craft_elements`
--

INSERT INTO `craft_elements` (`id`, `type`, `enabled`, `archived`, `dateCreated`, `dateUpdated`, `uid`) VALUES
 ('1', 'User', '1', '0', '2015-12-05 19:12:26', '2015-12-05 19:12:26', '66db0885-8e19-4792-9a3b-2a917532629e'),
 ('2', 'Entry', '1', '0', '2015-12-05 19:12:27', '2016-09-02 00:14:24', '92d5764d-8d22-4ffb-ac85-76658cf2fe4b'),
 ('3', 'Entry', '1', '0', '2015-12-05 19:12:27', '2016-08-30 00:14:30', '2cae9e5f-e3df-4e69-b00d-5f1e967e1997'),
 ('4', 'Entry', '1', '0', '2016-01-18 20:38:12', '2016-09-05 01:34:05', '87c354b4-1b9b-4bb1-8a7e-c4dfdc921cca'),
 ('9', 'Asset', '1', '0', '2016-01-19 01:38:49', '2016-08-25 01:48:06', '3d4aca20-f9a8-496a-a7cf-b9b2cf6d88dc'),
 ('11', 'Asset', '1', '0', '2016-01-19 02:54:23', '2016-08-25 01:48:06', 'd4b14122-4609-4e18-974d-584374c25473'),
 ('17', 'Entry', '1', '0', '2016-08-09 01:41:50', '2016-09-01 02:15:20', '99e1733b-d45b-4f9e-a97f-25b8cf64b09e'),
 ('19', 'Asset', '1', '0', '2016-08-09 02:07:50', '2016-08-25 01:48:07', '4ca844a1-bebc-4742-a27a-c84af8530b99'),
 ('20', 'Asset', '1', '0', '2016-08-18 02:02:38', '2016-08-25 01:48:07', '14413445-aa4d-4102-a339-6b2b183e2c30'),
 ('21', 'Entry', '1', '0', '2016-08-18 02:03:40', '2016-08-30 00:15:21', '11835dd8-59fa-4ba9-8d77-6755c58d72e7'),
 ('22', 'Asset', '1', '0', '2016-08-18 02:45:17', '2016-08-25 01:48:07', '98580831-e042-47c3-b5ca-7887b0051e7a'),
 ('23', 'Entry', '1', '0', '2016-08-18 02:47:07', '2016-08-30 00:15:06', '8b65e1c2-24fc-4f28-941a-0c4743d0b7a4'),
 ('24', 'Asset', '1', '0', '2016-08-19 02:14:04', '2016-08-25 01:48:07', 'ef5e7f99-a040-42a4-81c0-68efbbaf3251'),
 ('25', 'Entry', '1', '0', '2016-08-19 02:17:03', '2016-09-01 02:20:42', 'de5253ed-94e0-46e3-a23b-f13121f6c678'),
 ('26', 'Asset', '1', '0', '2016-08-21 01:36:17', '2016-08-25 01:48:07', 'cbe174ce-563c-4357-ad54-9585679d026d'),
 ('27', 'Asset', '1', '0', '2016-08-21 23:23:57', '2016-08-25 01:48:08', '3ea03ab9-64e0-4b9e-903e-afa173dd8b6b'),
 ('28', 'Entry', '1', '0', '2016-08-27 16:38:52', '2016-08-28 01:59:12', '3a6b6ee2-ec01-4ce5-9ea6-df51377cf3cb'),
 ('29', 'Entry', '1', '0', '2016-08-28 02:00:15', '2016-08-28 02:01:24', 'b7261c32-b2ff-4bcb-87dc-02cde7049322'),
 ('30', 'Entry', '1', '0', '2016-08-30 00:35:42', '2016-09-03 03:40:51', 'abdd964a-6733-40f8-a29c-a012b1ea034a'),
 ('31', 'Tag', '1', '0', '2016-08-30 01:21:51', '2016-08-30 01:21:51', '89607397-be44-4a57-83a1-a0343c5e3041'),
 ('32', 'Tag', '1', '0', '2016-08-30 01:21:56', '2016-08-30 01:21:56', '59e63063-3041-48cf-a443-8363e7d6e274'),
 ('33', 'Tag', '1', '0', '2016-08-30 01:22:04', '2016-08-30 01:22:04', 'f0eb4cbc-32f9-43c8-a738-573fd17fc4c5'),
 ('34', 'Tag', '1', '0', '2016-08-30 01:22:12', '2016-08-30 01:22:12', 'c86ca619-858d-4eca-8710-1094eca1b8d9'),
 ('35', 'Tag', '1', '0', '2016-08-30 01:22:29', '2016-08-30 01:22:29', '64968e85-d022-49ae-908d-53a7a4413680'),
 ('36', 'Tag', '1', '0', '2016-08-30 01:22:47', '2016-08-30 01:22:47', '2d7db73e-8fee-456b-ae8b-42505ae73de3'),
 ('37', 'Tag', '1', '0', '2016-08-30 01:22:51', '2016-08-30 01:22:51', '968842b7-4e12-49e4-9436-def6aab6f5ac'),
 ('38', 'Tag', '1', '0', '2016-08-30 01:22:55', '2016-08-30 01:22:55', '32af297c-e5d6-472c-a47b-63820e8e5e2e'),
 ('39', 'Asset', '1', '0', '2016-08-30 01:36:46', '2016-08-30 01:36:46', '9284254c-ce85-4bb3-95c7-8dff526ab29f'),
 ('40', 'Tag', '1', '0', '2016-09-01 03:35:39', '2016-09-01 03:35:39', 'c5206cd5-7428-4683-ad59-54cf57a3d2b8'),
 ('41', 'Tag', '1', '0', '2016-09-01 03:35:44', '2016-09-01 03:35:44', 'b0ee56b3-1973-42a3-809e-f5fe3284b1e2'),
 ('42', 'Tag', '1', '0', '2016-09-01 03:35:52', '2016-09-01 03:35:52', '8f55bc30-36fe-413a-8a49-a73033582f4d'),
 ('43', 'Entry', '1', '0', '2016-09-01 03:36:37', '2016-09-03 07:53:03', 'eaee5557-5390-4f90-b93f-cdfbff549e9c'),
 ('44', 'Entry', '1', '0', '2016-09-01 22:24:35', '2016-09-01 22:33:47', '6eb426ef-2f44-403d-a91b-6b7622c1f775'),
 ('45', 'Entry', '1', '0', '2016-09-01 22:25:23', '2016-09-01 22:33:47', '3693c59e-814c-4ac7-8691-4f8d44396621'),
 ('46', 'MatrixBlock', '1', '0', '2016-09-01 23:28:21', '2016-09-02 00:14:24', 'af68600b-7f07-441a-b00f-4edf8f6d3c09'),
 ('47', 'MatrixBlock', '1', '0', '2016-09-01 23:28:22', '2016-09-02 00:14:24', '2f8115bb-f344-4cb3-9448-d804669ed66f'),
 ('48', 'MatrixBlock', '1', '0', '2016-09-01 23:28:22', '2016-09-02 00:14:24', '2fde5af4-c703-4723-a2a5-239015185928'),
 ('49', 'MatrixBlock', '1', '0', '2016-09-02 00:08:56', '2016-09-02 00:14:24', '6b811f4a-b821-48b9-af91-e53dbcffef4f'),
 ('50', 'MatrixBlock', '1', '0', '2016-09-02 00:12:17', '2016-09-02 00:14:24', '76d9a4a2-d99f-4667-931d-02413ebc8983'),
 ('51', 'MatrixBlock', '1', '0', '2016-09-02 00:12:17', '2016-09-02 00:14:24', 'd09afc08-72dd-465b-8a88-ee1b2ddd4c6f'),
 ('52', 'MatrixBlock', '1', '0', '2016-09-02 00:14:24', '2016-09-02 00:14:24', 'dd1d4ef8-3e11-47a2-bad4-d4f577251064'),
 ('53', 'Entry', '1', '0', '2016-09-02 00:36:46', '2016-09-02 00:36:46', 'c094fe72-f37c-4763-9502-65a6c329d2ca'),
 ('54', 'Entry', '1', '0', '2016-09-02 00:37:40', '2016-09-02 00:37:40', '54cd1adf-63a0-48dc-abd1-df1905741309'),
 ('55', 'Asset', '1', '0', '2016-09-03 07:52:54', '2016-09-03 07:52:54', 'cdb74f4f-8fa6-4637-81a0-41f351d53ab0'),
 ('56', 'Entry', '1', '0', '2016-09-05 03:00:56', '2016-09-05 03:06:54', '619dd4f9-ff04-4a68-a68b-f6dc158f66e7'),
 ('57', 'Entry', '1', '0', '2016-09-05 03:01:43', '2016-09-05 03:02:59', '277b9706-544a-4b4a-8234-e7027d5e5280'),
 ('58', 'Entry', '1', '0', '2016-09-05 03:02:35', '2016-09-05 03:02:35', 'd6e44914-7bea-4740-9d67-c44f55056ad7'),
 ('59', 'Entry', '1', '0', '2016-09-05 03:02:53', '2016-09-05 03:02:53', 'a6c0812d-6c55-4fb2-bcc4-9039a58177d7'),
 ('60', 'Entry', '1', '0', '2016-09-05 03:03:21', '2016-09-05 03:03:21', '4da2dbad-13e7-4063-a9aa-e4f343a61711'),
 ('61', 'Entry', '1', '0', '2016-09-05 03:04:11', '2016-09-05 03:04:21', '02a369c7-1ad6-45d2-b652-5637bca400ae'),
 ('62', 'Entry', '1', '0', '2016-09-05 03:04:56', '2016-09-05 03:04:56', '587713d5-5a03-4aff-b431-d6ca04d66d65');



DROP TABLE IF EXISTS `craft_elements_i18n`;


--
-- Schema for table `craft_elements_i18n`
--
CREATE TABLE `craft_elements_i18n` (
  `id` int(11) NOT NULL AUTO_INCREMENT,
  `elementId` int(11) NOT NULL,
  `locale` char(12) COLLATE utf8_unicode_ci NOT NULL,
  `slug` varchar(255) COLLATE utf8_unicode_ci DEFAULT NULL,
  `uri` varchar(255) COLLATE utf8_unicode_ci DEFAULT NULL,
  `enabled` tinyint(1) unsigned NOT NULL DEFAULT '1',
  `dateCreated` datetime NOT NULL,
  `dateUpdated` datetime NOT NULL,
  `uid` char(36) COLLATE utf8_unicode_ci NOT NULL DEFAULT '0',
  PRIMARY KEY (`id`),
  UNIQUE KEY `craft_elements_i18n_elementId_locale_unq_idx` (`elementId`,`locale`),
  UNIQUE KEY `craft_elements_i18n_uri_locale_unq_idx` (`uri`,`locale`),
  KEY `craft_elements_i18n_slug_locale_idx` (`slug`,`locale`),
  KEY `craft_elements_i18n_enabled_idx` (`enabled`),
  KEY `craft_elements_i18n_locale_fk` (`locale`)
) ENGINE=InnoDB AUTO_INCREMENT=63 DEFAULT CHARSET=utf8 COLLATE=utf8_unicode_ci;

--
-- Data for table `craft_elements_i18n`
--

INSERT INTO `craft_elements_i18n` (`id`, `elementId`, `locale`, `slug`, `uri`, `enabled`, `dateCreated`, `dateUpdated`, `uid`) VALUES
 ('1', '1', 'en_us', '', NULL, '1', '2015-12-05 19:12:26', '2015-12-05 19:12:26', '3baf7b87-0edf-4772-9bab-90663d86122c'),
 ('2', '2', 'en_us', 'homepage', '__home__', '1', '2015-12-05 19:12:27', '2016-09-02 00:14:24', '7274b213-1bed-40db-abec-7a406bae9b49'),
 ('3', '3', 'en_us', 'we-just-installed-craft', 'blog/we-just-installed-craft', '1', '2015-12-05 19:12:27', '2016-08-30 00:14:30', '688ef9a1-ab76-400a-80b6-b17e29faaec2'),
 ('4', '4', 'en_us', 'new-test-entry', 'blog/new-test-entry', '1', '2016-01-18 20:38:12', '2016-09-05 01:34:05', '7ed2543a-284f-4687-82d1-9cd0994a6d37'),
 ('9', '9', 'en_us', '1st-floor-data-closet', NULL, '1', '2016-01-19 01:38:49', '2016-08-25 01:48:06', '3e20bd03-a2f4-4917-b71c-bc0021b9fb99'),
 ('11', '11', 'en_us', '2nd-floor-data-closet-messy', NULL, '1', '2016-01-19 02:54:23', '2016-08-25 01:48:06', '10769fef-508e-421e-a610-e05c37a94e31'),
 ('17', '17', 'en_us', 'untitled', 'art/untitled', '1', '2016-08-09 01:41:51', '2016-09-01 02:15:20', '18f0682c-a157-43fc-9b38-a0ab74513cc7'),
 ('19', '19', 'en_us', 'masterpiece-500x399', NULL, '1', '2016-08-09 02:07:50', '2016-08-25 01:48:07', '4a42b933-6536-4b80-a00b-ca90b101723a'),
 ('20', '20', 'en_us', 'puella', NULL, '1', '2016-08-18 02:02:38', '2016-08-25 01:48:07', 'a8023304-7cf9-413a-8d7e-44d17c931665'),
 ('21', '21', 'en_us', 'puella', 'art/puella', '1', '2016-08-18 02:03:40', '2016-08-30 00:15:21', '65a9e673-828d-4a0a-80ef-83bf2348c703'),
 ('22', '22', 'en_us', 'puer', NULL, '1', '2016-08-18 02:45:17', '2016-08-25 01:48:07', '56f9853d-1ef2-4bd2-aa61-bc711d57e3c5'),
 ('23', '23', 'en_us', 'puer', 'art/puer', '1', '2016-08-18 02:47:07', '2016-08-30 00:15:06', '2c51c7bd-a669-4e77-9650-9634072fe2d2'),
 ('24', '24', 'en_us', 'me-and-dad-blue-car', NULL, '1', '2016-08-19 02:14:04', '2016-08-25 01:48:07', '491217e1-5f06-4e45-b8c6-fb3d7e2deccb'),
 ('25', '25', 'en_us', 'blue-car', 'art/blue-car', '1', '2016-08-19 02:17:03', '2016-09-01 02:20:42', 'e83c8f99-0c72-4485-a84f-c21c830de1d6'),
 ('26', '26', 'en_us', 'me', NULL, '1', '2016-08-21 01:36:17', '2016-08-25 01:48:07', 'e799ea9c-2b4a-4b56-ad4e-a0ee76dd0561'),
 ('27', '27', 'en_us', 'bacardi', NULL, '1', '2016-08-21 23:23:57', '2016-08-25 01:48:08', 'b700916b-7f8c-467f-99f3-c683c6d6ffea'),
 ('28', '28', 'en_us', 'contact', 'contact', '1', '2016-08-27 16:38:52', '2016-08-28 01:59:12', '706572ce-ae15-461d-a5f4-7ab34a463747'),
 ('29', '29', 'en_us', 'thanks', 'contact/thanks', '1', '2016-08-28 02:00:15', '2016-08-28 02:01:24', '0233fedb-1df7-434c-85a8-4fa089ef7eb6'),
 ('30', '30', 'en_us', 'say-insurance', 'web-development/say-insurance', '1', '2016-08-30 00:35:42', '2016-09-03 03:40:51', '2a638b0a-55e3-4f2c-90b8-d83c66b648e9'),
 ('31', '31', 'en_us', 'php', NULL, '1', '2016-08-30 01:21:51', '2016-08-30 01:21:51', '928c1865-187f-4820-8b12-e8ce4edc9b9b'),
 ('32', '32', 'en_us', 'javascript', NULL, '1', '2016-08-30 01:21:56', '2016-08-30 01:21:56', 'd89ccb1f-4ab0-4ba1-8654-6a89242e3ce8'),
 ('33', '33', 'en_us', 'scrum', NULL, '1', '2016-08-30 01:22:04', '2016-08-30 01:22:04', 'bfdc525e-792e-4d54-a1ea-516becec98ec'),
 ('34', '34', 'en_us', 'agile', NULL, '1', '2016-08-30 01:22:12', '2016-08-30 01:22:12', '18792d01-a932-4b5f-818d-37a32fece4c0'),
 ('35', '35', 'en_us', 'api', NULL, '1', '2016-08-30 01:22:29', '2016-08-30 01:22:29', '0c7aa16b-1694-4450-942c-a8e17ac2e1d4'),
 ('36', '36', 'en_us', 'angular', NULL, '1', '2016-08-30 01:22:47', '2016-08-30 01:22:47', '924a8393-401d-4797-8418-988a87fd7f1b'),
 ('37', '37', 'en_us', 'lamp', NULL, '1', '2016-08-30 01:22:51', '2016-08-30 01:22:51', '8015b18f-a00c-4572-b39f-87d1aa120016'),
 ('38', '38', 'en_us', 'craft-cms', NULL, '1', '2016-08-30 01:22:55', '2016-08-30 01:22:55', '76b8933d-c8db-441b-aceb-1f7be97dbc90'),
 ('39', '39', 'en_us', 'say-insurance', NULL, '1', '2016-08-30 01:36:46', '2016-08-30 01:36:46', '13c19644-2800-4bff-b6e3-bb05e9997453'),
 ('40', '40', 'en_us', 'drupal', NULL, '1', '2016-09-01 03:35:39', '2016-09-01 03:35:39', 'bf99f3d0-0df5-4f92-87b3-5f11e7540ada'),
 ('41', '41', 'en_us', 'wordpress', NULL, '1', '2016-09-01 03:35:44', '2016-09-01 03:35:44', 'd8294122-9b66-4b92-af31-66a37d5602c0'),
 ('42', '42', 'en_us', 'jquery', NULL, '1', '2016-09-01 03:35:52', '2016-09-01 03:35:52', '6634d368-1be2-499e-a573-f4674b5e137b'),
 ('43', '43', 'en_us', 'daniel-boone-regional-library', 'web-development/daniel-boone-regional-library', '1', '2016-09-01 03:36:37', '2016-09-03 07:53:03', '1231b255-4eda-4ca9-846d-583fc4225edb'),
 ('44', '44', 'en_us', 'certified-scrummaster', NULL, '1', '2016-09-01 22:24:35', '2016-09-01 22:33:47', 'f98c493f-bea8-408f-8ef6-f7c6736cf208'),
 ('45', '45', 'en_us', 'certified-product-owner', NULL, '1', '2016-09-01 22:25:23', '2016-09-01 22:33:47', '7d5f82bb-aeda-4ebe-be4f-239cb9a356e4'),
 ('46', '46', 'en_us', '', NULL, '1', '2016-09-01 23:28:21', '2016-09-02 00:14:24', '749943d9-60cf-42b4-a3b7-fcd655898f65'),
 ('47', '47', 'en_us', '', NULL, '1', '2016-09-01 23:28:22', '2016-09-02 00:14:24', '1ce8f26c-c857-44d9-962d-d1c55037e2e0'),
 ('48', '48', 'en_us', '', NULL, '1', '2016-09-01 23:28:22', '2016-09-02 00:14:24', '20c57f92-7b7c-4001-b118-4e57c9402b61'),
 ('49', '49', 'en_us', '', NULL, '1', '2016-09-02 00:08:56', '2016-09-02 00:14:24', 'b864fd22-1327-4477-9983-2d0d394d4b72'),
 ('50', '50', 'en_us', '', NULL, '1', '2016-09-02 00:12:17', '2016-09-02 00:14:24', '30d600e1-9bf3-4148-907f-4d03b0b8ed72'),
 ('51', '51', 'en_us', '', NULL, '1', '2016-09-02 00:12:17', '2016-09-02 00:14:24', 'c0a40d0b-33f5-4122-b173-24e7c983c131'),
 ('52', '52', 'en_us', '', NULL, '1', '2016-09-02 00:14:24', '2016-09-02 00:14:24', 'b1311e61-749f-4ef0-aec0-30801a6aa070'),
 ('53', '53', 'en_us', 'agile-dev-west', NULL, '1', '2016-09-02 00:36:46', '2016-09-02 00:36:46', '0f68718f-8025-4fb3-b806-d67609bcd67c'),
 ('54', '54', 'en_us', 'agile-gravy', NULL, '1', '2016-09-02 00:37:40', '2016-09-02 00:37:40', 'b1fbaca8-d8bb-4d9a-b29b-4be5d5ba8f7c'),
 ('55', '55', 'en_us', 'dbrl', NULL, '1', '2016-09-03 07:52:54', '2016-09-03 07:52:54', '589f093c-293e-424f-822b-ff38c71fcb2f'),
 ('56', '56', 'en_us', 'angular', NULL, '1', '2016-09-05 03:00:56', '2016-09-05 03:06:54', 'e18ea7e2-5729-4c96-8791-19b9fd5658e1'),
 ('57', '57', 'en_us', 'javascript', NULL, '1', '2016-09-05 03:01:43', '2016-09-05 03:02:59', 'b4a2c0ab-c28c-4e3c-bc5e-de865266e88c'),
 ('58', '58', 'en_us', 'jquery', NULL, '1', '2016-09-05 03:02:35', '2016-09-05 03:02:35', '59a7578d-1d61-407c-aca3-a7eeb1b7fa24'),
 ('59', '59', 'en_us', 'php', NULL, '1', '2016-09-05 03:02:53', '2016-09-05 03:02:53', '3287564d-31fe-4828-bb53-dc8f4604e379'),
 ('60', '60', 'en_us', 'scrum', NULL, '1', '2016-09-05 03:03:21', '2016-09-05 03:03:21', 'f7a05146-a9a6-4870-a8cb-cb277ae78552'),
 ('61', '61', 'en_us', 'kanban', NULL, '1', '2016-09-05 03:04:11', '2016-09-05 03:04:21', '664b3060-394f-4810-8833-36834e0ad06a'),
 ('62', '62', 'en_us', 'xp', NULL, '1', '2016-09-05 03:04:56', '2016-09-05 03:04:56', '6c5d9b08-e995-4cc5-bc79-c296c37d329b');



DROP TABLE IF EXISTS `craft_emailmessages`;


--
-- Schema for table `craft_emailmessages`
--
CREATE TABLE `craft_emailmessages` (
  `id` int(11) NOT NULL AUTO_INCREMENT,
  `key` char(150) COLLATE utf8_unicode_ci NOT NULL,
  `locale` char(12) COLLATE utf8_unicode_ci NOT NULL,
  `subject` varchar(1000) COLLATE utf8_unicode_ci NOT NULL,
  `body` text COLLATE utf8_unicode_ci NOT NULL,
  `dateCreated` datetime NOT NULL,
  `dateUpdated` datetime NOT NULL,
  `uid` char(36) COLLATE utf8_unicode_ci NOT NULL DEFAULT '0',
  PRIMARY KEY (`id`),
  UNIQUE KEY `craft_emailmessages_key_locale_unq_idx` (`key`,`locale`),
  KEY `craft_emailmessages_locale_fk` (`locale`)
) ENGINE=InnoDB DEFAULT CHARSET=utf8 COLLATE=utf8_unicode_ci;

DROP TABLE IF EXISTS `craft_entries`;


--
-- Schema for table `craft_entries`
--
CREATE TABLE `craft_entries` (
  `id` int(11) NOT NULL,
  `sectionId` int(11) NOT NULL,
  `typeId` int(11) DEFAULT NULL,
  `authorId` int(11) DEFAULT NULL,
  `postDate` datetime DEFAULT NULL,
  `expiryDate` datetime DEFAULT NULL,
  `dateCreated` datetime NOT NULL,
  `dateUpdated` datetime NOT NULL,
  `uid` char(36) COLLATE utf8_unicode_ci NOT NULL DEFAULT '0',
  PRIMARY KEY (`id`),
  KEY `craft_entries_sectionId_idx` (`sectionId`),
  KEY `craft_entries_typeId_idx` (`typeId`),
  KEY `craft_entries_postDate_idx` (`postDate`),
  KEY `craft_entries_expiryDate_idx` (`expiryDate`),
  KEY `craft_entries_authorId_fk` (`authorId`)
) ENGINE=InnoDB DEFAULT CHARSET=utf8 COLLATE=utf8_unicode_ci;

--
-- Data for table `craft_entries`
--

INSERT INTO `craft_entries` (`id`, `sectionId`, `typeId`, `authorId`, `postDate`, `expiryDate`, `dateCreated`, `dateUpdated`, `uid`) VALUES
 ('2', '1', '1', NULL, '2016-01-19 02:46:36', NULL, '2015-12-05 19:12:27', '2016-09-02 00:14:24', '19aefd64-f485-4810-83bf-41b9e4047d64'),
 ('3', '2', '9', '1', '2015-12-05 19:12:00', NULL, '2015-12-05 19:12:27', '2016-08-30 00:14:30', '466ac249-7f55-4c6d-ae0a-ff2b25ecd419'),
 ('4', '2', '8', '1', '2016-06-28 18:19:00', NULL, '2016-01-18 20:38:12', '2016-09-05 01:34:05', '0221379a-3bce-45e4-8c0a-7b9de3beae35'),
 ('17', '5', '7', '1', '2016-08-09 01:41:00', NULL, '2016-08-09 01:41:51', '2016-09-01 02:15:20', '0d2202cb-a801-4fc5-9ed6-236479333c4f'),
 ('21', '5', '6', '1', '2016-08-18 02:03:00', NULL, '2016-08-18 02:03:40', '2016-08-30 00:15:21', 'a75bbbcf-1761-453a-8596-6739ff2e523d'),
 ('23', '5', '6', '1', '2016-08-18 02:47:00', NULL, '2016-08-18 02:47:07', '2016-08-30 00:15:06', 'd265f3f5-ae7f-46ff-a387-f8bbb9d600e6'),
 ('25', '5', '6', '1', '2016-08-19 02:17:00', NULL, '2016-08-19 02:17:03', '2016-09-01 02:20:42', '754bad4b-85ef-4fbc-aa8a-1e768b65f3c2'),
 ('28', '6', '10', NULL, '2016-08-28 01:59:12', NULL, '2016-08-27 16:38:52', '2016-08-28 01:59:12', '47279de3-7b2d-4c9e-9360-7d464754a8a0'),
 ('29', '7', '11', NULL, '2016-08-28 02:01:23', NULL, '2016-08-28 02:00:15', '2016-08-28 02:01:23', '5dccb6f9-87b1-48fc-a24a-0cf2baec9143'),
 ('30', '4', '4', '1', '2015-06-01 00:35:00', NULL, '2016-08-30 00:35:42', '2016-09-03 03:40:51', 'cdb1f679-45c7-4cdc-aea4-6b940193536d'),
 ('43', '4', '4', '1', '2016-09-01 03:36:00', NULL, '2016-09-01 03:36:37', '2016-09-03 07:53:04', '038a32e3-8c64-4a31-84d4-68c3f6b654eb'),
 ('44', '8', '12', '1', '2016-09-01 22:24:35', NULL, '2016-09-01 22:24:35', '2016-09-01 22:24:35', '9de3de74-afd3-4ea1-88ea-071bc8de39a2'),
 ('45', '8', '12', '1', '2016-09-01 22:25:23', NULL, '2016-09-01 22:25:23', '2016-09-01 22:25:23', '6340f7a3-2f0b-41cd-a7ab-e32eceb8b5db'),
 ('53', '9', '13', '1', '2016-09-02 00:36:46', NULL, '2016-09-02 00:36:46', '2016-09-02 00:36:46', 'd54cf66d-79cb-4975-b409-4f8a749bf28b'),
 ('54', '9', '13', '1', '2016-09-02 00:37:40', NULL, '2016-09-02 00:37:40', '2016-09-02 00:37:40', '24fbecdd-80ad-4620-b984-543fc131c2f1'),
 ('56', '10', '19', '1', '2016-09-05 03:00:00', NULL, '2016-09-05 03:00:56', '2016-09-05 03:06:54', 'ec6c32b8-096e-4339-b075-b41db0a74442'),
 ('57', '10', '16', '1', '2016-09-05 03:01:00', NULL, '2016-09-05 03:01:43', '2016-09-05 03:02:59', '6728a3f1-39d5-457d-a278-a01e37d3aab3'),
 ('58', '10', '19', '1', '2016-09-05 03:02:35', NULL, '2016-09-05 03:02:35', '2016-09-05 03:02:35', '84ac9354-1781-4c23-baa6-27da5d6a6537'),
 ('59', '10', '16', '1', '2016-09-05 03:02:53', NULL, '2016-09-05 03:02:53', '2016-09-05 03:02:53', '8e22d263-56ad-4e87-87f7-e7c7fdb95d4d'),
 ('60', '10', '18', '1', '2016-09-05 03:03:21', NULL, '2016-09-05 03:03:21', '2016-09-05 03:03:21', '149ee159-36b7-479f-ae89-702bd599aa2e'),
 ('61', '10', '18', '1', '2016-09-05 03:04:00', NULL, '2016-09-05 03:04:11', '2016-09-05 03:04:21', 'e8da05bf-276d-483e-a160-46111babb596'),
 ('62', '10', '18', '1', '2016-09-05 03:04:56', NULL, '2016-09-05 03:04:56', '2016-09-05 03:04:56', '4057c99c-3f22-4fe4-9fa1-bc55a8c174ec');



DROP TABLE IF EXISTS `craft_entrydrafts`;


--
-- Schema for table `craft_entrydrafts`
--
CREATE TABLE `craft_entrydrafts` (
  `id` int(11) NOT NULL AUTO_INCREMENT,
  `entryId` int(11) NOT NULL,
  `sectionId` int(11) NOT NULL,
  `creatorId` int(11) NOT NULL,
  `locale` char(12) COLLATE utf8_unicode_ci NOT NULL,
  `name` varchar(255) COLLATE utf8_unicode_ci NOT NULL,
  `notes` tinytext COLLATE utf8_unicode_ci,
  `data` mediumtext COLLATE utf8_unicode_ci NOT NULL,
  `dateCreated` datetime NOT NULL,
  `dateUpdated` datetime NOT NULL,
  `uid` char(36) COLLATE utf8_unicode_ci NOT NULL DEFAULT '0',
  PRIMARY KEY (`id`),
  KEY `craft_entrydrafts_entryId_locale_idx` (`entryId`,`locale`),
  KEY `craft_entrydrafts_sectionId_fk` (`sectionId`),
  KEY `craft_entrydrafts_creatorId_fk` (`creatorId`),
  KEY `craft_entrydrafts_locale_fk` (`locale`)
) ENGINE=InnoDB AUTO_INCREMENT=2 DEFAULT CHARSET=utf8 COLLATE=utf8_unicode_ci;

--
-- Data for table `craft_entrydrafts`
--

INSERT INTO `craft_entrydrafts` (`id`, `entryId`, `sectionId`, `creatorId`, `locale`, `name`, `notes`, `data`, `dateCreated`, `dateUpdated`, `uid`) VALUES
 ('1', '4', '2', '1', 'en_us', 'Draft 1', NULL, '{\"typeId\":null,\"authorId\":\"1\",\"title\":\"New test entry\",\"slug\":\"new-test-entry\",\"postDate\":null,\"expiryDate\":null,\"enabled\":1,\"parentId\":null,\"fields\":{\"1\":\"<p>Just checking out Craft.&nbsp;<\\/p>\",\"2\":\"\"}}', '2016-01-18 20:38:12', '2016-01-18 20:38:12', 'ed4d7e1c-affb-420d-a470-a7ecb5973d79');



DROP TABLE IF EXISTS `craft_entrytypes`;


--
-- Schema for table `craft_entrytypes`
--
CREATE TABLE `craft_entrytypes` (
  `id` int(11) NOT NULL AUTO_INCREMENT,
  `sectionId` int(11) NOT NULL,
  `fieldLayoutId` int(11) DEFAULT NULL,
  `name` varchar(255) COLLATE utf8_unicode_ci NOT NULL,
  `handle` varchar(255) COLLATE utf8_unicode_ci NOT NULL,
  `hasTitleField` tinyint(1) unsigned NOT NULL DEFAULT '1',
  `titleLabel` varchar(255) COLLATE utf8_unicode_ci DEFAULT 'Title',
  `titleFormat` varchar(255) COLLATE utf8_unicode_ci DEFAULT NULL,
  `sortOrder` smallint(6) unsigned DEFAULT NULL,
  `dateCreated` datetime NOT NULL,
  `dateUpdated` datetime NOT NULL,
  `uid` char(36) COLLATE utf8_unicode_ci NOT NULL DEFAULT '0',
  PRIMARY KEY (`id`),
  UNIQUE KEY `craft_entrytypes_name_sectionId_unq_idx` (`name`,`sectionId`),
  UNIQUE KEY `craft_entrytypes_handle_sectionId_unq_idx` (`handle`,`sectionId`),
  KEY `craft_entrytypes_sectionId_fk` (`sectionId`),
  KEY `craft_entrytypes_fieldLayoutId_fk` (`fieldLayoutId`)
) ENGINE=InnoDB AUTO_INCREMENT=20 DEFAULT CHARSET=utf8 COLLATE=utf8_unicode_ci;

--
-- Data for table `craft_entrytypes`
--

INSERT INTO `craft_entrytypes` (`id`, `sectionId`, `fieldLayoutId`, `name`, `handle`, `hasTitleField`, `titleLabel`, `titleFormat`, `sortOrder`, `dateCreated`, `dateUpdated`, `uid`) VALUES
 ('1', '1', '116', 'Homepage', 'homepage', '1', 'Title', NULL, NULL, '2015-12-05 19:12:27', '2016-09-01 23:27:37', '9d883062-08a4-415f-ba97-878653aa4682'),
 ('4', '4', '104', 'Web Development', 'webDevelopment', '1', 'Title', NULL, NULL, '2016-08-09 00:21:44', '2016-08-31 00:39:02', '4768799a-7f5b-4d4c-9b3b-88b4a5135553'),
 ('6', '5', '107', 'Digital Art', 'digitalArt', '1', 'Title', NULL, NULL, '2016-08-09 00:29:31', '2016-09-01 02:13:44', '494bfdae-05fb-4c4d-af59-21263855c1b1'),
 ('7', '5', '108', 'Paintings', 'paintings', '1', 'Title', NULL, NULL, '2016-08-09 00:30:57', '2016-09-01 02:13:54', '61832c35-6088-4acd-a968-3f160f5ab8cb'),
 ('8', '2', '128', 'Business', 'business', '1', 'Title', NULL, NULL, '2016-08-21 22:42:32', '2016-09-05 02:52:14', 'de7c18d4-0009-4e4b-b189-581cc7a900d7'),
 ('9', '2', '127', 'Pleasure', 'pleasure', '1', 'Title', NULL, NULL, '2016-08-21 22:48:17', '2016-09-05 02:52:03', '42db7803-236e-4005-9f7a-37dc3366d409'),
 ('10', '6', '90', 'Contact', 'contact', '0', NULL, '{section.name|raw}', '1', '2016-08-27 16:38:52', '2016-08-27 16:38:52', '0b27dcb8-1508-4623-a9f7-1276a235ddf7'),
 ('11', '7', '91', 'Thanks', 'thanks', '0', NULL, '{section.name|raw}', '1', '2016-08-28 02:00:15', '2016-08-28 02:00:15', '3e581981-72e0-46bb-bc72-64ed4a192863'),
 ('12', '8', '110', 'Certifications', 'certifications', '1', 'Title', NULL, '1', '2016-09-01 22:08:47', '2016-09-01 22:21:26', '6c508c23-814b-46c7-a408-c1e3f71657fc'),
 ('13', '9', '117', 'Conferences', 'conferences', '1', 'Title', NULL, '1', '2016-09-01 22:33:30', '2016-09-02 00:35:35', 'a3d144ed-f32e-4979-9691-9fab4ecefe86'),
 ('15', '11', '120', 'Testimonials', 'testimonials', '1', 'Title', NULL, '1', '2016-09-04 18:55:47', '2016-09-04 18:56:52', '1f4b0e7c-d981-45cf-b30f-ddd06c03541d'),
 ('16', '10', '131', 'Languages', 'languages', '1', 'Skill', NULL, '2', '2016-09-05 02:57:26', '2016-09-05 02:58:29', '8aca5034-8094-4a8d-a150-4062918e9b89'),
 ('17', '10', '130', 'Technologies', 'technologies', '1', 'Title', NULL, '3', '2016-09-05 02:58:15', '2016-09-05 02:58:15', '9c6cd768-6002-490d-8500-961a8541fc91'),
 ('18', '10', '132', 'Methodologies', 'methodologies', '1', 'Title', NULL, '4', '2016-09-05 02:59:46', '2016-09-05 02:59:46', '0daaf72e-d05c-407d-a3e7-8a0d6ba2cff3'),
 ('19', '10', '133', 'Frameworks', 'frameworks', '1', 'Title', NULL, '5', '2016-09-05 03:00:13', '2016-09-05 03:00:13', '7eb64af8-f585-49e6-acac-e8f34b92f67a');



DROP TABLE IF EXISTS `craft_entryversions`;


--
-- Schema for table `craft_entryversions`
--
CREATE TABLE `craft_entryversions` (
  `id` int(11) NOT NULL AUTO_INCREMENT,
  `entryId` int(11) NOT NULL,
  `sectionId` int(11) NOT NULL,
  `creatorId` int(11) DEFAULT NULL,
  `locale` char(12) COLLATE utf8_unicode_ci NOT NULL,
  `num` smallint(6) unsigned NOT NULL,
  `notes` tinytext COLLATE utf8_unicode_ci,
  `data` mediumtext COLLATE utf8_unicode_ci NOT NULL,
  `dateCreated` datetime NOT NULL,
  `dateUpdated` datetime NOT NULL,
  `uid` char(36) COLLATE utf8_unicode_ci NOT NULL DEFAULT '0',
  PRIMARY KEY (`id`),
  KEY `craft_entryversions_entryId_locale_idx` (`entryId`,`locale`),
  KEY `craft_entryversions_sectionId_fk` (`sectionId`),
  KEY `craft_entryversions_creatorId_fk` (`creatorId`),
  KEY `craft_entryversions_locale_fk` (`locale`)
) ENGINE=InnoDB AUTO_INCREMENT=114 DEFAULT CHARSET=utf8 COLLATE=utf8_unicode_ci;

--
-- Data for table `craft_entryversions`
--

INSERT INTO `craft_entryversions` (`id`, `entryId`, `sectionId`, `creatorId`, `locale`, `num`, `notes`, `data`, `dateCreated`, `dateUpdated`, `uid`) VALUES
 ('1', '2', '1', '1', 'en_us', '1', NULL, '{\"typeId\":\"1\",\"authorId\":null,\"title\":\"Homepage\",\"slug\":\"homepage\",\"postDate\":1449342747,\"expiryDate\":null,\"enabled\":1,\"parentId\":null,\"fields\":[]}', '2015-12-05 19:12:27', '2015-12-05 19:12:27', '186ac019-db08-4ee7-a373-6d86101f0c7f'),
 ('2', '2', '1', '1', 'en_us', '2', NULL, '{\"typeId\":null,\"authorId\":null,\"title\":\"Welcome to Craft.jimchristie.me!\",\"slug\":\"homepage\",\"postDate\":1449342747,\"expiryDate\":null,\"enabled\":\"1\",\"parentId\":null,\"fields\":{\"1\":\"<p>It\\u2019s true, this site doesn\\u2019t have a whole lot of content yet, but don\\u2019t worry. Our web developers have just installed the CMS, and they\\u2019re setting things up for the content editors this very moment. Soon Craft.jimchristie.me will be an oasis of fresh perspectives, sharp analyses, and astute opinions that will keep you coming back again and again.<\\/p>\"}}', '2015-12-05 19:12:27', '2015-12-05 19:12:27', '256f98f7-6404-4f7b-871f-2841c1043bb5'),
 ('3', '3', '2', '1', 'en_us', '1', NULL, '{\"typeId\":\"2\",\"authorId\":\"1\",\"title\":\"We just installed Craft!\",\"slug\":\"we-just-installed-craft\",\"postDate\":1449342747,\"expiryDate\":null,\"enabled\":1,\"parentId\":null,\"fields\":[]}', '2015-12-05 19:12:27', '2015-12-05 19:12:27', '7243b993-e3d6-4088-9d96-1819f6b1adea'),
 ('4', '4', '2', '1', 'en_us', '1', NULL, '{\"typeId\":null,\"authorId\":\"1\",\"title\":\"New test entry\",\"slug\":\"new-test-entry\",\"postDate\":null,\"expiryDate\":null,\"enabled\":0,\"parentId\":null,\"fields\":[]}', '2016-01-18 20:38:12', '2016-01-18 20:38:12', '284750b0-22b4-4ebe-9cf6-6d7ec9a33a04'),
 ('5', '4', '2', '1', 'en_us', '2', '', '{\"typeId\":\"2\",\"authorId\":\"1\",\"title\":\"New test entry\",\"slug\":\"new-test-entry\",\"postDate\":null,\"expiryDate\":null,\"enabled\":0,\"parentId\":null,\"fields\":{\"1\":\"<p>I\'m just checking out craft. I can\'t figure out how to add an image to my post.<\\/p>\\r\\n\\r\\n<p>Paragraph 2<\\/p>\\r\\n\\r\\n<p><br><\\/p>\",\"2\":\"\"}}', '2016-01-18 20:48:44', '2016-01-18 20:48:44', '4ebf8e88-4481-4a20-9c75-a7f60963a942'),
 ('8', '4', '2', '1', 'en_us', '3', '', '{\"typeId\":\"2\",\"authorId\":\"1\",\"title\":\"New test entry\",\"slug\":\"new-test-entry\",\"postDate\":null,\"expiryDate\":null,\"enabled\":0,\"parentId\":null,\"fields\":{\"1\":\"<p>I\'m just checking out craft. I can\'t figure out how to add an image to my post.<\\/p>\\r\\n\\r\\n<p>Paragraph 2<\\/p>\\r\\n\\r\\n\\r\\n\\r\\n\\r\\n\\r\\n<p><br><\\/p>\",\"2\":\"\",\"3\":[\"9\"]}}', '2016-01-19 02:47:44', '2016-01-19 02:47:44', '958259de-8d0a-4570-8220-264ade9e3d42'),
 ('9', '4', '2', '1', 'en_us', '4', '', '{\"typeId\":\"2\",\"authorId\":\"1\",\"title\":\"New test entry\",\"slug\":\"new-test-entry\",\"postDate\":null,\"expiryDate\":null,\"enabled\":0,\"parentId\":null,\"fields\":{\"1\":\"<p>I\'m just checking out craft. I can\'t figure out how to add an image to my post.<\\/p>\\r\\n\\r\\n<p>Paragraph 2<\\/p>\",\"2\":\"\",\"3\":[\"9\",\"11\"]}}', '2016-01-19 02:55:02', '2016-01-19 02:55:02', 'b15ba06f-1f4e-4831-99ea-f15955b05c3a'),
 ('10', '4', '2', '1', 'en_us', '5', '', '{\"typeId\":\"2\",\"authorId\":\"1\",\"title\":\"New test entry\",\"slug\":\"new-test-entry\",\"postDate\":1467137965,\"expiryDate\":null,\"enabled\":1,\"parentId\":null,\"fields\":{\"1\":\"<p>I\'m just checking out craft. I can\'t figure out how to add an image to my post.<\\/p>\\r\\n\\r\\n<p>Paragraph 2<\\/p>\",\"2\":\"\",\"3\":[\"9\",\"11\"]}}', '2016-06-28 18:19:25', '2016-06-28 18:19:25', '1cc94c0a-0b72-4ff3-b3e4-920e7396dc69'),
 ('11', '4', '2', '1', 'en_us', '6', '', '{\"typeId\":\"2\",\"authorId\":\"1\",\"title\":\"New test entry\",\"slug\":\"new-test-entry\",\"postDate\":1467137940,\"expiryDate\":null,\"enabled\":1,\"parentId\":null,\"fields\":{\"1\":\"<p>I\'m just checking out craft. I can\'t figure out how to add an image to my post.<\\/p>\\r\\n\\r\\n<p>Paragraph 2<\\/p><p><a href=\\\"http:\\/\\/craft.jimchristie.me\\/images\\/1st-Floor-Data-Closet.jpg#asset:9\\\">1St Floor Data Closet<\\/a><br><\\/p>\",\"2\":\"\",\"3\":[\"9\",\"11\"]}}', '2016-06-28 18:20:15', '2016-06-28 18:20:15', '8b5aafab-354c-4ebc-ae87-03aef3a1b64f'),
 ('12', '4', '2', '1', 'en_us', '7', '', '{\"typeId\":\"2\",\"authorId\":\"1\",\"title\":\"New test entry\",\"slug\":\"new-test-entry\",\"postDate\":1467137940,\"expiryDate\":null,\"enabled\":1,\"parentId\":null,\"fields\":{\"1\":\"<p>I\'m just checking out craft. I can\'t figure out how to add an image to my post.<\\/p>\\r\\n\\r\\n<p>Paragraph 2<\\/p>\",\"2\":\"\",\"3\":[\"9\",\"11\"]}}', '2016-06-28 18:20:38', '2016-06-28 18:20:38', '9c8551cc-d27f-4fb0-9206-c76aba0f888c'),
 ('13', '4', '2', '1', 'en_us', '8', '', '{\"typeId\":\"2\",\"authorId\":\"1\",\"title\":\"New test entry\",\"slug\":\"new-test-entry\",\"postDate\":1467137940,\"expiryDate\":null,\"enabled\":1,\"parentId\":null,\"fields\":{\"1\":\"<p>I\'m just checking out craft. I can\'t figure out how to add an image to my post.<\\/p>\\r\\n\\r\\n<p>Paragraph 2<\\/p><p><br><\\/p><p><img src=\\\"http:\\/\\/craft.jimchristie.me\\/images\\/1st-Floor-Data-Closet.jpg#asset:9\\\"><br><\\/p>\",\"2\":\"\",\"3\":[\"9\",\"11\"]}}', '2016-06-28 20:17:11', '2016-06-28 20:17:11', 'ac40b12c-fc04-4aeb-b17d-9aba8d0b35f4'),
 ('14', '4', '2', '1', 'en_us', '9', '', '{\"typeId\":\"2\",\"authorId\":\"1\",\"title\":\"New test entry\",\"slug\":\"new-test-entry\",\"postDate\":1467137940,\"expiryDate\":null,\"enabled\":1,\"parentId\":null,\"fields\":{\"1\":\"<p>I\'m just checking out craft. I can\'t figure out how to add an image to my post.<\\/p>\\r\\n\\r\\n<p>Paragraph 2<\\/p>\\r\\n\\r\\n<p><br><\\/p>\\r\\n\\r\\n<p><br><\\/p>\",\"2\":\"\",\"3\":[\"9\",\"11\"]}}', '2016-06-28 20:17:43', '2016-06-28 20:17:43', '8c6ab5a7-80fe-48c3-af02-6e6e2a1a12d2'),
 ('15', '2', '1', '1', 'en_us', '3', '', '{\"typeId\":\"1\",\"authorId\":null,\"title\":\"Random Triangles\",\"slug\":\"homepage\",\"postDate\":1453171596,\"expiryDate\":null,\"enabled\":1,\"parentId\":null,\"fields\":[]}', '2016-07-06 23:56:48', '2016-07-06 23:56:48', '1065fb5d-a565-4c7d-b3f0-b0adfee7d97d'),
 ('16', '2', '1', '1', 'en_us', '4', '', '{\"typeId\":\"1\",\"authorId\":null,\"title\":\"Hello\",\"slug\":\"homepage\",\"postDate\":1453171596,\"expiryDate\":null,\"enabled\":1,\"parentId\":null,\"fields\":{\"1\":\"<p>I\'m Jim Christie. I\'m a web devoloper, an agile coach, a cyclist, and sometimes, an artist. As anyone who works on the internet should, I love cats.<\\/p><p>I&nbsp;have over five years of web development experience. I lean strongly toward back end functionality of websites. I can do design, but I don\'t love it and, consequently, I\'m not the best at it.<\\/p><p>I\'ve become a strong supporter of agile methodologies.<\\/p>\",\"2\":\"\",\"3\":\"\"}}', '2016-07-07 00:22:12', '2016-07-07 00:22:12', 'd77a6e52-9220-4969-ac13-e06b130e6ca0'),
 ('17', '17', '5', '1', 'en_us', '1', '', '{\"typeId\":\"7\",\"authorId\":\"1\",\"title\":\"Untitled\",\"slug\":\"untitled\",\"postDate\":1470706910,\"expiryDate\":null,\"enabled\":1,\"parentId\":null,\"fields\":{\"6\":\"<p>This was a project in a painting class in college. The assignment was to create a painting by pouring paint on the canvas. This was the second iteration of this assignment. The first was criticized by the professor as being too layered. My professor didn\'t like that he cold tell the order that the paint was poured onto the canvas, though I&nbsp;disagreed. However, in the interest of getting a good grade, I&nbsp;pushed my painting as far from that criticism as I&nbsp;could. This was the result, which I&nbsp;have been incredibly pleased with.<\\/p>\",\"5\":\"<p>Acrylic on canvas.<\\/p><p>Applied by mixing paint with water and pouring it onto the canvas. I&nbsp;then manipulated the canvas to force the paint to flow in different directions.<\\/p>\",\"4\":\"\"}}', '2016-08-09 01:41:51', '2016-08-09 01:41:51', '01ca564a-27d2-41dc-8879-a091d71dcb0e'),
 ('18', '17', '5', '1', 'en_us', '2', '', '{\"typeId\":\"7\",\"authorId\":\"1\",\"title\":\"Untitled\",\"slug\":\"untitled\",\"postDate\":1470706860,\"expiryDate\":null,\"enabled\":1,\"parentId\":null,\"fields\":{\"6\":\"<p>This was a project in a painting class in college. The assignment was to create a painting by pouring paint on the canvas. This was the second iteration of this assignment. The first was criticized by the professor as being too layered. My professor didn\'t like that he cold tell the order that the paint was poured onto the canvas, though I&nbsp;disagreed. However, in the interest of getting a good grade, I&nbsp;pushed my painting as far from that criticism as I&nbsp;could. This was the result, which I&nbsp;have been incredibly pleased with.<\\/p>\",\"7\":[\"18\"],\"5\":\"<p>Acrylic on canvas.<\\/p>\\r\\n\\r\\n<p>Applied by mixing paint with water and pouring it onto the canvas. I&nbsp;then manipulated the canvas to force the paint to flow in different directions.<\\/p>\",\"4\":\"\"}}', '2016-08-09 01:55:42', '2016-08-09 01:55:42', '87cf34fc-d415-420d-bb23-c261b33de4a3'),
 ('19', '17', '5', '1', 'en_us', '3', '', '{\"typeId\":\"7\",\"authorId\":\"1\",\"title\":\"Untitled\",\"slug\":\"untitled\",\"postDate\":1470706860,\"expiryDate\":null,\"enabled\":1,\"parentId\":null,\"fields\":{\"6\":\"<p>This was a project in a painting class in college. The assignment was to create a painting by pouring paint on the canvas. This was the second iteration of this assignment. The first was criticized by the professor as being too layered. My professor didn\'t like that he cold tell the order that the paint was poured onto the canvas, though I&nbsp;disagreed. However, in the interest of getting a good grade, I&nbsp;pushed my painting as far from that criticism as I&nbsp;could. This was the result, which I&nbsp;have been incredibly pleased with.<\\/p>\",\"7\":[\"19\"],\"5\":\"<p>Acrylic on canvas.<\\/p>\\r\\n\\r\\n<p>Applied by mixing paint with water and pouring it onto the canvas. I&nbsp;then manipulated the canvas to force the paint to flow in different directions.<\\/p>\",\"4\":\"\"}}', '2016-08-09 02:07:55', '2016-08-09 02:07:55', 'b6bb904c-8d58-4af2-9489-a39e6229e9f6'),
 ('20', '21', '5', '1', 'en_us', '1', '', '{\"typeId\":\"6\",\"authorId\":\"1\",\"title\":\"Puella\",\"slug\":\"puella\",\"postDate\":1471485820,\"expiryDate\":null,\"enabled\":1,\"parentId\":null,\"fields\":{\"6\":\"<p>This is one of my cats. She\'s the best. And the worst.<\\/p>\",\"7\":[\"20\"],\"5\":\"<p>Digital. Created with AutoDesk Sketchbook on a Samsung Note Pro.<\\/p>\",\"4\":\"\"}}', '2016-08-18 02:03:40', '2016-08-18 02:03:40', 'd99c5303-5550-45eb-a074-6496140b9ce2'),
 ('21', '23', '5', '1', 'en_us', '1', '', '{\"typeId\":\"6\",\"authorId\":\"1\",\"title\":\"Puer\",\"slug\":\"puer\",\"postDate\":1471488427,\"expiryDate\":null,\"enabled\":1,\"parentId\":null,\"fields\":{\"6\":\"<p>One of my cats.&nbsp;He loves having his armpits scratched.&nbsp;<\\/p>\",\"7\":[\"22\"],\"5\":\"<p>Digital. I&nbsp;experimented quite a bit with this one. I&nbsp;started out using Artflow on a Samsung Note 8.0, but finished it in AutoDesk SketchBook on a Samsung Note Pro.<\\/p>\",\"4\":\"\"}}', '2016-08-18 02:47:07', '2016-08-18 02:47:07', 'fe0d5a61-8ff5-429f-93c5-d57309c1666f'),
 ('22', '25', '5', '1', 'en_us', '1', '', '{\"typeId\":\"6\",\"authorId\":\"1\",\"title\":\"Blue Car\",\"slug\":\"blue-car\",\"postDate\":1471573023,\"expiryDate\":null,\"enabled\":1,\"parentId\":null,\"fields\":{\"6\":\"<p>This was a 3x5 photo of me and my dad. The photo was grainy in addition to being small, making the painting incredibly difficult.&nbsp;It took me almost two years to complete, but I&nbsp;was incredibly pleased with the results.&nbsp;<\\/p>\",\"7\":[\"24\"],\"5\":\"<p>Digital. Primarily done on a Samsung Note Pro with the AutoDesk SketchBook app. However, I&nbsp;tinkered with other programs as well.<\\/p>\",\"4\":\"\"}}', '2016-08-19 02:17:03', '2016-08-19 02:17:03', '1353cfb1-7cc3-463d-82b7-5186b4358e2b'),
 ('23', '25', '5', '1', 'en_us', '2', '', '{\"typeId\":\"6\",\"authorId\":\"1\",\"title\":\"Blue Car\",\"slug\":\"blue-car\",\"postDate\":1471573020,\"expiryDate\":null,\"enabled\":1,\"parentId\":null,\"fields\":{\"6\":\"<p>This was a 3x5 photo of me and my dad. The photo was grainy in addition to being small, making the painting incredibly difficult.&nbsp;It took me almost two years to complete, but I&nbsp;was incredibly pleased with the results.&nbsp;<\\/p>\",\"8\":\"1\",\"9\":\"left center\",\"7\":[\"24\"],\"5\":\"<p>Digital. Primarily done on a Samsung Note Pro with the AutoDesk SketchBook app. However, I&nbsp;tinkered with other programs as well.<\\/p>\",\"4\":\"\"}}', '2016-08-20 15:20:14', '2016-08-20 15:20:14', '0e3f3177-aece-48fb-8c10-598ec3c87e05'),
 ('24', '23', '5', '1', 'en_us', '2', '', '{\"typeId\":\"6\",\"authorId\":\"1\",\"title\":\"Puer\",\"slug\":\"puer\",\"postDate\":1471488420,\"expiryDate\":null,\"enabled\":1,\"parentId\":null,\"fields\":{\"6\":\"<p>One of my cats.&nbsp;He loves having his armpits scratched.&nbsp;<\\/p>\",\"8\":\"1\",\"9\":\"right center\",\"7\":[\"22\"],\"5\":\"<p>Digital. I&nbsp;experimented quite a bit with this one. I&nbsp;started out using Artflow on a Samsung Note 8.0, but finished it in AutoDesk SketchBook on a Samsung Note Pro.<\\/p>\",\"4\":\"\"}}', '2016-08-20 15:21:09', '2016-08-20 15:21:09', '94bf8ad7-0064-404b-acd5-ba001b9e98e7'),
 ('25', '21', '5', '1', 'en_us', '2', '', '{\"typeId\":\"6\",\"authorId\":\"1\",\"title\":\"Puella\",\"slug\":\"puella\",\"postDate\":1471485780,\"expiryDate\":null,\"enabled\":1,\"parentId\":null,\"fields\":{\"6\":\"<p>This is one of my cats. She\'s the best. And the worst.<\\/p>\",\"8\":\"1\",\"9\":\"center center\",\"7\":[\"20\"],\"5\":\"<p>Digital. Created with AutoDesk Sketchbook on a Samsung Note Pro.<\\/p>\",\"4\":\"\"}}', '2016-08-20 15:21:49', '2016-08-20 15:21:49', 'eca1747f-a270-4a72-9988-fe04b5223c3f'),
 ('26', '17', '5', '1', 'en_us', '4', '', '{\"typeId\":\"7\",\"authorId\":\"1\",\"title\":\"Untitled\",\"slug\":\"untitled\",\"postDate\":1470706860,\"expiryDate\":null,\"enabled\":1,\"parentId\":null,\"fields\":{\"6\":\"<p>This was a project in a painting class in college. The assignment was to create a painting by pouring paint on the canvas. This was the second iteration of this assignment. The first was criticized by the professor as being too layered. My professor didn\'t like that he cold tell the order that the paint was poured onto the canvas, though I&nbsp;disagreed. However, in the interest of getting a good grade, I&nbsp;pushed my painting as far from that criticism as I&nbsp;could. This was the result, which I&nbsp;have been incredibly pleased with.<\\/p>\",\"8\":\"\",\"9\":\"center top\",\"7\":[\"19\"],\"5\":\"<p>Acrylic on canvas.<\\/p>\\r\\n\\r\\n<p>Applied by mixing paint with water and pouring it onto the canvas. I&nbsp;then manipulated the canvas to force the paint to flow in different directions.<\\/p>\",\"4\":\"\"}}', '2016-08-20 15:22:03', '2016-08-20 15:22:03', 'e01efeb1-abf8-4510-94b1-18251735801b'),
 ('27', '17', '5', '1', 'en_us', '5', '', '{\"typeId\":\"7\",\"authorId\":\"1\",\"title\":\"Untitled\",\"slug\":\"untitled\",\"postDate\":1470706860,\"expiryDate\":null,\"enabled\":1,\"parentId\":null,\"fields\":{\"6\":\"<p>This was a project in a painting class in college. The assignment was to create a painting by pouring paint on the canvas. This was the second iteration of this assignment. The first was criticized by the professor as being too layered. My professor didn\'t like that he cold tell the order that the paint was poured onto the canvas, though I&nbsp;disagreed. However, in the interest of getting a good grade, I&nbsp;pushed my painting as far from that criticism as I&nbsp;could. This was the result, which I&nbsp;have been incredibly pleased with.<\\/p>\",\"8\":\"1\",\"9\":\"center top\",\"7\":[\"19\"],\"5\":\"<p>Acrylic on canvas.<\\/p>\\r\\n\\r\\n<p>Applied by mixing paint with water and pouring it onto the canvas. I&nbsp;then manipulated the canvas to force the paint to flow in different directions.<\\/p>\",\"4\":\"\"}}', '2016-08-20 15:22:11', '2016-08-20 15:22:11', '120bcd24-02c8-4d4d-8a20-520a47ddfebe'),
 ('28', '21', '5', '1', 'en_us', '3', '', '{\"typeId\":\"6\",\"authorId\":\"1\",\"title\":\"Puella\",\"slug\":\"puella\",\"postDate\":1471485780,\"expiryDate\":null,\"enabled\":1,\"parentId\":null,\"fields\":{\"6\":\"<p>This is one of my cats. She\'s the best. And the worst.<\\/p>\",\"8\":\"1\",\"9\":\"center center\",\"7\":[\"20\"],\"5\":\"<p>Digital. Created with AutoDesk Sketchbook on a Samsung Note Pro.<\\/p>\",\"4\":\"\"}}', '2016-08-20 15:22:22', '2016-08-20 15:22:22', 'bb9ff29f-78dc-47b7-ae0a-e18b23ba85a4'),
 ('29', '23', '5', '1', 'en_us', '3', '', '{\"typeId\":\"6\",\"authorId\":\"1\",\"title\":\"Puer\",\"slug\":\"puer\",\"postDate\":1471488420,\"expiryDate\":null,\"enabled\":1,\"parentId\":null,\"fields\":{\"6\":\"<p>One of my cats.&nbsp;He loves having his armpits scratched.&nbsp;<\\/p>\",\"8\":\"1\",\"9\":\"right center\",\"7\":[\"22\"],\"5\":\"<p>Digital. I&nbsp;experimented quite a bit with this one. I&nbsp;started out using Artflow on a Samsung Note 8.0, but finished it in AutoDesk SketchBook on a Samsung Note Pro.<\\/p>\",\"4\":\"\"}}', '2016-08-20 15:22:32', '2016-08-20 15:22:32', '618a9ff0-f723-475e-b3e4-131ad1a5daa2'),
 ('30', '25', '5', '1', 'en_us', '3', '', '{\"typeId\":\"6\",\"authorId\":\"1\",\"title\":\"Blue Car\",\"slug\":\"blue-car\",\"postDate\":1471573020,\"expiryDate\":null,\"enabled\":1,\"parentId\":null,\"fields\":{\"6\":\"<p>This was a 3x5 photo of me and my dad. The photo was grainy in addition to being small, making the painting incredibly difficult.&nbsp;It took me almost two years to complete, but I&nbsp;was incredibly pleased with the results.&nbsp;<\\/p>\",\"8\":\"1\",\"9\":\"left center\",\"7\":[\"24\"],\"5\":\"<p>Digital. Primarily done on a Samsung Note Pro with the AutoDesk SketchBook app. However, I&nbsp;tinkered with other programs as well.<\\/p>\",\"4\":\"\"}}', '2016-08-20 15:22:41', '2016-08-20 15:22:41', '592fff8d-350e-4a3c-bbab-2d4558b8c701'),
 ('31', '25', '5', '1', 'en_us', '4', '', '{\"typeId\":\"6\",\"authorId\":\"1\",\"title\":\"Blue Car\",\"slug\":\"blue-car\",\"postDate\":1471573020,\"expiryDate\":null,\"enabled\":1,\"parentId\":null,\"fields\":{\"6\":\"<p>This was a 3x5 photo of me and my dad. The photo was grainy in addition to being small, making the painting incredibly difficult.&nbsp;It took me almost two years to complete, but I&nbsp;was incredibly pleased with the results.&nbsp;<\\/p>\",\"8\":\"1\",\"9\":\"30% center\",\"7\":[\"24\"],\"5\":\"<p>Digital. Primarily done on a Samsung Note Pro with the AutoDesk SketchBook app. However, I&nbsp;tinkered with other programs as well.<\\/p>\",\"4\":\"\"}}', '2016-08-20 15:28:48', '2016-08-20 15:28:48', 'cfbc8b5e-760e-46f3-bae3-ad450d2db9c9'),
 ('32', '23', '5', '1', 'en_us', '4', '', '{\"typeId\":\"6\",\"authorId\":\"1\",\"title\":\"Puer\",\"slug\":\"puer\",\"postDate\":1471488420,\"expiryDate\":null,\"enabled\":1,\"parentId\":null,\"fields\":{\"6\":\"<p>One of my cats.&nbsp;He loves having his armpits scratched.&nbsp;<\\/p>\",\"8\":\"1\",\"9\":\"-10% center\",\"7\":[\"22\"],\"5\":\"<p>Digital. I&nbsp;experimented quite a bit with this one. I&nbsp;started out using Artflow on a Samsung Note 8.0, but finished it in AutoDesk SketchBook on a Samsung Note Pro.<\\/p>\",\"4\":\"\"}}', '2016-08-20 15:29:35', '2016-08-20 15:29:35', 'b8f7bd56-c73a-4589-a8dd-1bbb1d73f838'),
 ('33', '23', '5', '1', 'en_us', '5', '', '{\"typeId\":\"6\",\"authorId\":\"1\",\"title\":\"Puer\",\"slug\":\"puer\",\"postDate\":1471488420,\"expiryDate\":null,\"enabled\":1,\"parentId\":null,\"fields\":{\"6\":\"<p>One of my cats.&nbsp;He loves having his armpits scratched.&nbsp;<\\/p>\",\"8\":\"1\",\"9\":\"right center\",\"7\":[\"22\"],\"5\":\"<p>Digital. I&nbsp;experimented quite a bit with this one. I&nbsp;started out using Artflow on a Samsung Note 8.0, but finished it in AutoDesk SketchBook on a Samsung Note Pro.<\\/p>\",\"4\":\"\"}}', '2016-08-20 15:30:10', '2016-08-20 15:30:10', 'f96935b9-c60a-4b62-a76e-06fc3e26b53b'),
 ('34', '23', '5', '1', 'en_us', '6', '', '{\"typeId\":\"6\",\"authorId\":\"1\",\"title\":\"Puer\",\"slug\":\"puer\",\"postDate\":1471488420,\"expiryDate\":null,\"enabled\":1,\"parentId\":null,\"fields\":{\"6\":\"<p>One of my cats.&nbsp;He loves having his armpits scratched.&nbsp;<\\/p>\",\"8\":\"1\",\"9\":\"10% center\",\"7\":[\"22\"],\"5\":\"<p>Digital. I&nbsp;experimented quite a bit with this one. I&nbsp;started out using Artflow on a Samsung Note 8.0, but finished it in AutoDesk SketchBook on a Samsung Note Pro.<\\/p>\",\"4\":\"\"}}', '2016-08-20 15:30:41', '2016-08-20 15:30:41', '6b887af7-9584-4897-b741-64995c14bc08'),
 ('35', '23', '5', '1', 'en_us', '7', '', '{\"typeId\":\"6\",\"authorId\":\"1\",\"title\":\"Puer\",\"slug\":\"puer\",\"postDate\":1471488420,\"expiryDate\":null,\"enabled\":1,\"parentId\":null,\"fields\":{\"6\":\"<p>One of my cats.&nbsp;He loves having his armpits scratched.&nbsp;<\\/p>\",\"8\":\"1\",\"9\":\"-10% center\",\"7\":[\"22\"],\"5\":\"<p>Digital. I&nbsp;experimented quite a bit with this one. I&nbsp;started out using Artflow on a Samsung Note 8.0, but finished it in AutoDesk SketchBook on a Samsung Note Pro.<\\/p>\",\"4\":\"\"}}', '2016-08-20 15:32:11', '2016-08-20 15:32:11', '29ec24a1-e5e5-480b-aae2-32331a9e0fec'),
 ('36', '23', '5', '1', 'en_us', '8', '', '{\"typeId\":\"6\",\"authorId\":\"1\",\"title\":\"Puer\",\"slug\":\"puer\",\"postDate\":1471488420,\"expiryDate\":null,\"enabled\":1,\"parentId\":null,\"fields\":{\"6\":\"<p>One of my cats.&nbsp;He loves having his armpits scratched.&nbsp;<\\/p>\",\"8\":\"1\",\"9\":\"right center\",\"7\":[\"22\"],\"5\":\"<p>Digital. I&nbsp;experimented quite a bit with this one. I&nbsp;started out using Artflow on a Samsung Note 8.0, but finished it in AutoDesk SketchBook on a Samsung Note Pro.<\\/p>\",\"4\":\"\"}}', '2016-08-20 15:32:48', '2016-08-20 15:32:48', '97119956-b3f1-4a6e-bc22-8afc58684610'),
 ('37', '23', '5', '1', 'en_us', '9', '', '{\"typeId\":\"6\",\"authorId\":\"1\",\"title\":\"Puer\",\"slug\":\"puer\",\"postDate\":1471488420,\"expiryDate\":null,\"enabled\":1,\"parentId\":null,\"fields\":{\"6\":\"<p>One of my cats.&nbsp;He loves having his armpits scratched.&nbsp;<\\/p>\",\"8\":\"1\",\"9\":\"-20px center\",\"7\":[\"22\"],\"5\":\"<p>Digital. I&nbsp;experimented quite a bit with this one. I&nbsp;started out using Artflow on a Samsung Note 8.0, but finished it in AutoDesk SketchBook on a Samsung Note Pro.<\\/p>\",\"4\":\"\"}}', '2016-08-20 15:34:48', '2016-08-20 15:34:48', '5349b76f-10fe-451d-9b34-af23d9db5b1d'),
 ('38', '23', '5', '1', 'en_us', '10', '', '{\"typeId\":\"6\",\"authorId\":\"1\",\"title\":\"Puer\",\"slug\":\"puer\",\"postDate\":1471488420,\"expiryDate\":null,\"enabled\":1,\"parentId\":null,\"fields\":{\"6\":\"<p>One of my cats.&nbsp;He loves having his armpits scratched.&nbsp;<\\/p>\",\"8\":\"1\",\"9\":\"right center\",\"7\":[\"22\"],\"5\":\"<p>Digital. I&nbsp;experimented quite a bit with this one. I&nbsp;started out using Artflow on a Samsung Note 8.0, but finished it in AutoDesk SketchBook on a Samsung Note Pro.<\\/p>\",\"4\":\"\"}}', '2016-08-20 15:37:33', '2016-08-20 15:37:33', '351a97ee-eebd-427e-bc68-d3890c5808d6'),
 ('39', '25', '5', '1', 'en_us', '5', '', '{\"typeId\":\"6\",\"authorId\":\"1\",\"title\":\"Blue Car\",\"slug\":\"blue-car\",\"postDate\":1471573020,\"expiryDate\":null,\"enabled\":1,\"parentId\":null,\"fields\":{\"6\":\"<p>This was a 3x5 photo of me and my dad. The photo was grainy in addition to being small, making the painting incredibly difficult.&nbsp;It took me almost two years to complete, but I&nbsp;was incredibly pleased with the results.&nbsp;<\\/p>\",\"8\":\"\",\"9\":\"30% center\",\"7\":[\"24\"],\"5\":\"<p>Digital. Primarily done on a Samsung Note Pro with the AutoDesk SketchBook app. However, I&nbsp;tinkered with other programs as well.<\\/p>\",\"4\":\"\"}}', '2016-08-21 22:10:51', '2016-08-21 22:10:51', 'f80cdea4-ab6b-4413-897d-92f10b245a1b'),
 ('40', '25', '5', '1', 'en_us', '6', '', '{\"typeId\":\"6\",\"authorId\":\"1\",\"title\":\"Blue Car\",\"slug\":\"blue-car\",\"postDate\":1471573020,\"expiryDate\":null,\"enabled\":1,\"parentId\":null,\"fields\":{\"6\":\"<p>This was a 3x5 photo of me and my dad. The photo was grainy in addition to being small, making the painting incredibly difficult.&nbsp;It took me almost two years to complete, but I&nbsp;was incredibly pleased with the results.&nbsp;<\\/p>\",\"8\":\"1\",\"9\":\"30% center\",\"7\":[\"24\"],\"5\":\"<p>Digital. Primarily done on a Samsung Note Pro with the AutoDesk SketchBook app. However, I&nbsp;tinkered with other programs as well.<\\/p>\",\"4\":\"\"}}', '2016-08-21 22:11:07', '2016-08-21 22:11:07', 'f195ea1a-4861-4f9d-8595-b782e6b260d7'),
 ('41', '25', '5', '1', 'en_us', '7', '', '{\"typeId\":\"6\",\"authorId\":\"1\",\"title\":\"Blue Car\",\"slug\":\"blue-car\",\"postDate\":1471573020,\"expiryDate\":null,\"enabled\":1,\"parentId\":null,\"fields\":{\"6\":\"<p>This was a 3x5 photo of me and my dad. The photo was grainy in addition to being small, making the painting incredibly difficult.&nbsp;It took me almost two years to complete, but I&nbsp;was incredibly pleased with the results.&nbsp;<\\/p>\",\"8\":\"\",\"9\":\"30% center\",\"7\":[\"24\"],\"5\":\"<p>Digital. Primarily done on a Samsung Note Pro with the AutoDesk SketchBook app. However, I&nbsp;tinkered with other programs as well.<\\/p>\",\"4\":\"\"}}', '2016-08-21 22:12:29', '2016-08-21 22:12:29', '33d29c56-0d52-460c-94fe-c947f59d3a5a'),
 ('42', '25', '5', '1', 'en_us', '8', '', '{\"typeId\":\"6\",\"authorId\":\"1\",\"title\":\"Blue Car\",\"slug\":\"blue-car\",\"postDate\":1471573020,\"expiryDate\":null,\"enabled\":1,\"parentId\":null,\"fields\":{\"6\":\"<p>This was a 3x5 photo of me and my dad. The photo was grainy in addition to being small, making the painting incredibly difficult.&nbsp;It took me almost two years to complete, but I&nbsp;was incredibly pleased with the results.&nbsp;<\\/p>\",\"8\":\"\",\"9\":\"30% center\",\"7\":[\"24\"],\"5\":\"<p>Digital. Primarily done on a Samsung Note Pro with the AutoDesk SketchBook app. However, I&nbsp;tinkered with other programs as well.<\\/p>\",\"4\":\"\"}}', '2016-08-21 22:12:46', '2016-08-21 22:12:46', 'ae0bb8c3-782a-4594-8bac-962c1fdb9e01'),
 ('43', '25', '5', '1', 'en_us', '9', '', '{\"typeId\":\"6\",\"authorId\":\"1\",\"title\":\"Blue Car\",\"slug\":\"blue-car\",\"postDate\":1471573020,\"expiryDate\":null,\"enabled\":1,\"parentId\":null,\"fields\":{\"6\":\"<p>This was a 3x5 photo of me and my dad. The photo was grainy in addition to being small, making the painting incredibly difficult.&nbsp;It took me almost two years to complete, but I&nbsp;was incredibly pleased with the results.&nbsp;<\\/p>\",\"8\":\"1\",\"9\":\"30% center\",\"7\":[\"24\"],\"5\":\"<p>Digital. Primarily done on a Samsung Note Pro with the AutoDesk SketchBook app. However, I&nbsp;tinkered with other programs as well.<\\/p>\",\"4\":\"\"}}', '2016-08-21 22:20:13', '2016-08-21 22:20:13', '3bff18ad-2bb1-4db5-96cc-1b566ef0910e'),
 ('44', '4', '2', '1', 'en_us', '10', '', '{\"typeId\":\"8\",\"authorId\":\"1\",\"title\":\"New test entry\",\"slug\":\"new-test-entry\",\"postDate\":1467137940,\"expiryDate\":null,\"enabled\":1,\"parentId\":null,\"fields\":{\"1\":\"<p>I\'m just checking out craft. I can\'t figure out how to add an image to my post.<\\/p>\\r\\n\\r\\n<p>Paragraph 2<\\/p>\\r\\n\\r\\n\\r\\n\\r\\n\\r\\n\\r\\n<p><br><\\/p>\\r\\n\\r\\n\\r\\n\\r\\n\\r\\n\\r\\n<p><br><\\/p>\",\"10\":\"\",\"2\":\"\",\"3\":[\"9\",\"11\"]}}', '2016-08-21 22:48:43', '2016-08-21 22:48:43', 'd2011c75-dad6-4797-8b6c-5d601f094ba3'),
 ('45', '4', '2', '1', 'en_us', '11', '', '{\"typeId\":\"8\",\"authorId\":\"1\",\"title\":\"New test entry\",\"slug\":\"new-test-entry\",\"postDate\":1467137940,\"expiryDate\":null,\"enabled\":1,\"parentId\":null,\"fields\":{\"1\":\"<p>I\'m just checking out craft. I can\'t figure out how to add an image to my post.<\\/p>\\r\\n\\r\\n<p>Paragraph 2<\\/p>\\r\\n\\r\\n\\r\\n\\r\\n\\r\\n\\r\\n\\r\\n\\r\\n<p><br><\\/p>\\r\\n\\r\\n\\r\\n\\r\\n\\r\\n\\r\\n\\r\\n\\r\\n<p><br><\\/p>\",\"10\":\"1\",\"2\":\"\",\"3\":[\"9\",\"11\"]}}', '2016-08-21 22:49:26', '2016-08-21 22:49:26', 'eb0ae1de-19cd-4e81-9928-bddacbed84d5'),
 ('46', '3', '2', '1', 'en_us', '2', '', '{\"typeId\":\"9\",\"authorId\":\"1\",\"title\":\"We just installed Craft!\",\"slug\":\"we-just-installed-craft\",\"postDate\":1449342720,\"expiryDate\":null,\"enabled\":1,\"parentId\":null,\"fields\":{\"1\":\"<p>Craft is the CMS that\\u2019s powering Craft.jimchristie.me. It\\u2019s beautiful, powerful, flexible, and easy-to-use, and it\\u2019s made by Pixel & Tonic. We can\\u2019t wait to dive in and see what it\\u2019s capable of!<\\/p>\\r\\n\\r\\n<hr class=\\\"redactor_pagebreak\\\" style=\\\"display:none\\\" unselectable=\\\"on\\\" contenteditable=\\\"false\\\">\\r\\n\\r\\n\\r\\n\\r\\n<p>This is even more captivating content, which you couldn\\u2019t see on the News index page because it was entered after a Page Break, and the News index template only likes to show the content on the first page.<\\/p>\\r\\n\\r\\n\\r\\n\\r\\n<p>Craft: a nice alternative to Word, if you\\u2019re making a website.<\\/p>\",\"10\":\"1\",\"2\":\"\",\"3\":\"\"}}', '2016-08-21 22:49:41', '2016-08-21 22:49:41', '83fc9e13-8a33-4d57-9062-3a927ce0a75e'),
 ('47', '4', '2', '1', 'en_us', '12', '', '{\"typeId\":\"8\",\"authorId\":\"1\",\"title\":\"New test entry\",\"slug\":\"new-test-entry\",\"postDate\":1467137940,\"expiryDate\":null,\"enabled\":1,\"parentId\":null,\"fields\":{\"1\":\"<p>I\'m just checking out craft. I can\'t figure out how to add an image to my post.<\\/p>\\r\\n\\r\\n<p>Paragraph 2<\\/p>\\r\\n\\r\\n\\r\\n\\r\\n\\r\\n\\r\\n\\r\\n\\r\\n\\r\\n\\r\\n<p><br><\\/p>\\r\\n\\r\\n\\r\\n\\r\\n\\r\\n\\r\\n\\r\\n\\r\\n\\r\\n\\r\\n<p><br><\\/p>\",\"10\":\"1\",\"11\":\"<p>The magic Indian is a mysterious spiritual force, and we\'re going to Cathedral Rock, and that\'s the vortex of the heart. I wrestled a bear once. A 750lbs black bear. I wrestled a bear once. A 750lbs black bear.<\\/p>\\r\\n\\r\\n<p>I wrestled a bear once. A 750lbs black bear. Listen to the silence. And when the silence is deafening, you\'re in the center of your own universe. Go with the feeling of the nature. Take it easy. Know why you\'re here. And remeber to balance your internal energy with the environment.<\\/p>\",\"2\":\"\",\"3\":[\"9\",\"11\"]}}', '2016-08-21 23:02:33', '2016-08-21 23:02:33', '67d3c0bb-7f9f-43dc-9f4c-31b675004f22'),
 ('48', '3', '2', '1', 'en_us', '3', '', '{\"typeId\":\"9\",\"authorId\":\"1\",\"title\":\"Pleasure Post\",\"slug\":\"we-just-installed-craft\",\"postDate\":1449342720,\"expiryDate\":null,\"enabled\":1,\"parentId\":null,\"fields\":{\"1\":\"<p>Craft is the CMS that\\u2019s powering Craft.jimchristie.me. It\\u2019s beautiful, powerful, flexible, and easy-to-use, and it\\u2019s made by Pixel & Tonic. We can\\u2019t wait to dive in and see what it\\u2019s capable of!<\\/p>\\r\\n\\r\\n<hr class=\\\"redactor_pagebreak\\\" style=\\\"display:none\\\" unselectable=\\\"on\\\" contenteditable=\\\"false\\\">\\r\\n\\r\\n\\r\\n\\r\\n\\r\\n\\r\\n<p>This is even more captivating content, which you couldn\\u2019t see on the News index page because it was entered after a Page Break, and the News index template only likes to show the content on the first page.<\\/p>\\r\\n\\r\\n\\r\\n\\r\\n\\r\\n\\r\\n<p>Craft: a nice alternative to Word, if you\\u2019re making a website.<\\/p>\",\"10\":\"1\",\"11\":\"<p>Go with the feeling of the nature. Take it easy. Know why you\'re here. And remeber to balance your internal energy with the environment. Did you feel that? Look at me - I\'m not out of breath anymore! Thats an advanced modern oxymoron. It was good, I like it and I beleived it. Man you got a way with using words. Thats like a lariat that does a snake whip on your back legs, I mean on the back of your legs - not that you have 4 legs - and pulls you this way, and thats what that line did to me and I believed every minute of it. Until I looked at the quadrangle that it produced with the verbs used in the sentence.<\\/p>\\r\\n\\r\\n<p>This is just common superficiality. Is thats whats so special about a woman? Superficiality with their face colours? It\'s good for everyone to understand that they are to love their enemies, simply because your enemies show you things about yourself you need to change. So in actuality enemies are friends in reverse.<\\/p>\",\"2\":\"\",\"3\":\"\"}}', '2016-08-21 23:03:14', '2016-08-21 23:03:14', 'c8079816-b778-4ea2-8407-53915f70fe2e'),
 ('49', '4', '2', '1', 'en_us', '13', '', '{\"typeId\":\"8\",\"authorId\":\"1\",\"title\":\"It\'s Business Time\",\"slug\":\"new-test-entry\",\"postDate\":1467137940,\"expiryDate\":null,\"enabled\":1,\"parentId\":null,\"fields\":{\"1\":\"<p>I\'m just checking out craft. I can\'t figure out how to add an image to my post.<\\/p>\\r\\n\\r\\n<p>Paragraph 2<\\/p>\\r\\n\\r\\n\\r\\n\\r\\n\\r\\n\\r\\n\\r\\n\\r\\n\\r\\n\\r\\n\\r\\n\\r\\n<p><br><\\/p>\\r\\n\\r\\n\\r\\n\\r\\n\\r\\n\\r\\n\\r\\n\\r\\n\\r\\n\\r\\n\\r\\n\\r\\n<p><br><\\/p>\",\"10\":\"1\",\"11\":\"<p>The magic Indian is a mysterious spiritual force, and we\'re going to Cathedral Rock, and that\'s the vortex of the heart. I wrestled a bear once. A 750lbs black bear. I wrestled a bear once. A 750lbs black bear.<\\/p>\\r\\n\\r\\n<p>I wrestled a bear once. A 750lbs black bear. Listen to the silence. And when the silence is deafening, you\'re in the center of your own universe. Go with the feeling of the nature. Take it easy. Know why you\'re here. And remeber to balance your internal energy with the environment.<\\/p>\",\"2\":\"\",\"3\":[\"9\",\"11\"]}}', '2016-08-21 23:03:30', '2016-08-21 23:03:30', '24d9a5e5-3aff-421c-938c-5348316bb55d'),
 ('50', '4', '2', '1', 'en_us', '14', '', '{\"typeId\":\"8\",\"authorId\":\"1\",\"title\":\"It\'s Business Time\",\"slug\":\"new-test-entry\",\"postDate\":1467137940,\"expiryDate\":null,\"enabled\":1,\"parentId\":null,\"fields\":{\"12\":[\"9\"],\"1\":\"<p>I\'m just checking out craft. I can\'t figure out how to add an image to my post.<\\/p>\\r\\n\\r\\n<p>Paragraph 2<\\/p>\\r\\n\\r\\n\\r\\n\\r\\n\\r\\n\\r\\n\\r\\n\\r\\n\\r\\n\\r\\n\\r\\n\\r\\n\\r\\n\\r\\n<p><br><\\/p>\\r\\n\\r\\n\\r\\n\\r\\n\\r\\n\\r\\n\\r\\n\\r\\n\\r\\n\\r\\n\\r\\n\\r\\n\\r\\n\\r\\n<p><br><\\/p>\",\"10\":\"1\",\"11\":\"<p>The magic Indian is a mysterious spiritual force, and we\'re going to Cathedral Rock, and that\'s the vortex of the heart. I wrestled a bear once. A 750lbs black bear. I wrestled a bear once. A 750lbs black bear.<\\/p>\\r\\n\\r\\n<p>I wrestled a bear once. A 750lbs black bear. Listen to the silence. And when the silence is deafening, you\'re in the center of your own universe. Go with the feeling of the nature. Take it easy. Know why you\'re here. And remeber to balance your internal energy with the environment.<\\/p>\",\"2\":\"\",\"3\":[\"9\",\"11\"]}}', '2016-08-21 23:21:19', '2016-08-21 23:21:19', '572d4337-ff2c-498c-8fa8-d8962da936d4'),
 ('51', '3', '2', '1', 'en_us', '4', '', '{\"typeId\":\"9\",\"authorId\":\"1\",\"title\":\"Pleasure Post\",\"slug\":\"we-just-installed-craft\",\"postDate\":1449342720,\"expiryDate\":null,\"enabled\":1,\"parentId\":null,\"fields\":{\"12\":[\"27\"],\"1\":\"<p>Craft is the CMS that\\u2019s powering Craft.jimchristie.me. It\\u2019s beautiful, powerful, flexible, and easy-to-use, and it\\u2019s made by Pixel & Tonic. We can\\u2019t wait to dive in and see what it\\u2019s capable of!<\\/p>\\r\\n\\r\\n<hr class=\\\"redactor_pagebreak\\\" style=\\\"display:none\\\" unselectable=\\\"on\\\" contenteditable=\\\"false\\\">\\r\\n\\r\\n\\r\\n\\r\\n\\r\\n\\r\\n\\r\\n\\r\\n<p>This is even more captivating content, which you couldn\\u2019t see on the News index page because it was entered after a Page Break, and the News index template only likes to show the content on the first page.<\\/p>\\r\\n\\r\\n\\r\\n\\r\\n\\r\\n\\r\\n\\r\\n\\r\\n<p>Craft: a nice alternative to Word, if you\\u2019re making a website.<\\/p>\",\"10\":\"1\",\"11\":\"<p>Go with the feeling of the nature. Take it easy. Know why you\'re here. And remeber to balance your internal energy with the environment. Did you feel that? Look at me - I\'m not out of breath anymore! Thats an advanced modern oxymoron. It was good, I like it and I beleived it. Man you got a way with using words. Thats like a lariat that does a snake whip on your back legs, I mean on the back of your legs - not that you have 4 legs - and pulls you this way, and thats what that line did to me and I believed every minute of it. Until I looked at the quadrangle that it produced with the verbs used in the sentence.<\\/p>\\r\\n\\r\\n<p>This is just common superficiality. Is thats whats so special about a woman? Superficiality with their face colours? It\'s good for everyone to understand that they are to love their enemies, simply because your enemies show you things about yourself you need to change. So in actuality enemies are friends in reverse.<\\/p>\",\"2\":\"\",\"3\":\"\"}}', '2016-08-21 23:24:03', '2016-08-21 23:24:03', '8f3fc467-6e69-4ee7-9b28-7c962d98eb99'),
 ('52', '3', '2', '1', 'en_us', '5', '', '{\"typeId\":\"9\",\"authorId\":\"1\",\"title\":\"Pleasure Post\",\"slug\":\"we-just-installed-craft\",\"postDate\":1449342720,\"expiryDate\":null,\"enabled\":1,\"parentId\":null,\"fields\":{\"12\":[\"27\"],\"13\":\"center bottom\",\"1\":\"<p>Craft is the CMS that\\u2019s powering Craft.jimchristie.me. It\\u2019s beautiful, powerful, flexible, and easy-to-use, and it\\u2019s made by Pixel & Tonic. We can\\u2019t wait to dive in and see what it\\u2019s capable of!<\\/p>\\r\\n\\r\\n<hr class=\\\"redactor_pagebreak\\\" style=\\\"display:none\\\" unselectable=\\\"on\\\" contenteditable=\\\"false\\\">\\r\\n\\r\\n\\r\\n\\r\\n\\r\\n\\r\\n\\r\\n\\r\\n\\r\\n\\r\\n<p>This is even more captivating content, which you couldn\\u2019t see on the News index page because it was entered after a Page Break, and the News index template only likes to show the content on the first page.<\\/p>\\r\\n\\r\\n\\r\\n\\r\\n\\r\\n\\r\\n\\r\\n\\r\\n\\r\\n\\r\\n<p>Craft: a nice alternative to Word, if you\\u2019re making a website.<\\/p>\",\"10\":\"1\",\"11\":\"<p>Go with the feeling of the nature. Take it easy. Know why you\'re here. And remeber to balance your internal energy with the environment. Did you feel that? Look at me - I\'m not out of breath anymore! Thats an advanced modern oxymoron. It was good, I like it and I beleived it. Man you got a way with using words. Thats like a lariat that does a snake whip on your back legs, I mean on the back of your legs - not that you have 4 legs - and pulls you this way, and thats what that line did to me and I believed every minute of it. Until I looked at the quadrangle that it produced with the verbs used in the sentence.<\\/p>\\r\\n\\r\\n<p>This is just common superficiality. Is thats whats so special about a woman? Superficiality with their face colours? It\'s good for everyone to understand that they are to love their enemies, simply because your enemies show you things about yourself you need to change. So in actuality enemies are friends in reverse.<\\/p>\",\"2\":\"\",\"3\":\"\"}}', '2016-08-22 02:53:43', '2016-08-22 02:53:43', '1696e58e-f16b-4602-a525-93cbe2e87d2b'),
 ('53', '3', '2', '1', 'en_us', '6', '', '{\"typeId\":\"9\",\"authorId\":\"1\",\"title\":\"Pleasure Post\",\"slug\":\"we-just-installed-craft\",\"postDate\":1449342720,\"expiryDate\":null,\"enabled\":1,\"parentId\":null,\"fields\":{\"12\":[\"27\"],\"13\":\"center -25px\",\"1\":\"<p>Craft is the CMS that\\u2019s powering Craft.jimchristie.me. It\\u2019s beautiful, powerful, flexible, and easy-to-use, and it\\u2019s made by Pixel & Tonic. We can\\u2019t wait to dive in and see what it\\u2019s capable of!<\\/p>\\r\\n\\r\\n<hr class=\\\"redactor_pagebreak\\\" style=\\\"display:none\\\" unselectable=\\\"on\\\" contenteditable=\\\"false\\\">\\r\\n\\r\\n\\r\\n\\r\\n\\r\\n\\r\\n\\r\\n\\r\\n\\r\\n\\r\\n\\r\\n\\r\\n<p>This is even more captivating content, which you couldn\\u2019t see on the News index page because it was entered after a Page Break, and the News index template only likes to show the content on the first page.<\\/p>\\r\\n\\r\\n\\r\\n\\r\\n\\r\\n\\r\\n\\r\\n\\r\\n\\r\\n\\r\\n\\r\\n\\r\\n<p>Craft: a nice alternative to Word, if you\\u2019re making a website.<\\/p>\",\"10\":\"1\",\"11\":\"<p>Go with the feeling of the nature. Take it easy. Know why you\'re here. And remeber to balance your internal energy with the environment. Did you feel that? Look at me - I\'m not out of breath anymore! Thats an advanced modern oxymoron. It was good, I like it and I beleived it. Man you got a way with using words. Thats like a lariat that does a snake whip on your back legs, I mean on the back of your legs - not that you have 4 legs - and pulls you this way, and thats what that line did to me and I believed every minute of it. Until I looked at the quadrangle that it produced with the verbs used in the sentence.<\\/p>\\r\\n\\r\\n<p>This is just common superficiality. Is thats whats so special about a woman? Superficiality with their face colours? It\'s good for everyone to understand that they are to love their enemies, simply because your enemies show you things about yourself you need to change. So in actuality enemies are friends in reverse.<\\/p>\",\"2\":\"\",\"3\":\"\"}}', '2016-08-22 02:56:10', '2016-08-22 02:56:10', '3319ffb6-4b3f-40c5-a165-857283e0cb10'),
 ('54', '3', '2', '1', 'en_us', '7', '', '{\"typeId\":\"9\",\"authorId\":\"1\",\"title\":\"Pleasure Post\",\"slug\":\"we-just-installed-craft\",\"postDate\":1449342720,\"expiryDate\":null,\"enabled\":1,\"parentId\":null,\"fields\":{\"12\":[\"27\"],\"13\":\"\",\"1\":\"<p>Craft is the CMS that\\u2019s powering Craft.jimchristie.me. It\\u2019s beautiful, powerful, flexible, and easy-to-use, and it\\u2019s made by Pixel & Tonic. We can\\u2019t wait to dive in and see what it\\u2019s capable of!<\\/p>\\r\\n\\r\\n<hr class=\\\"redactor_pagebreak\\\" style=\\\"display:none\\\" unselectable=\\\"on\\\" contenteditable=\\\"false\\\">\\r\\n\\r\\n\\r\\n\\r\\n\\r\\n\\r\\n\\r\\n\\r\\n\\r\\n\\r\\n\\r\\n\\r\\n\\r\\n\\r\\n<p>This is even more captivating content, which you couldn\\u2019t see on the News index page because it was entered after a Page Break, and the News index template only likes to show the content on the first page.<\\/p>\\r\\n\\r\\n\\r\\n\\r\\n\\r\\n\\r\\n\\r\\n\\r\\n\\r\\n\\r\\n\\r\\n\\r\\n\\r\\n\\r\\n<p>Craft: a nice alternative to Word, if you\\u2019re making a website.<\\/p>\",\"10\":\"1\",\"11\":\"<p>Go with the feeling of the nature. Take it easy. Know why you\'re here. And remeber to balance your internal energy with the environment. Did you feel that? Look at me - I\'m not out of breath anymore! Thats an advanced modern oxymoron. It was good, I like it and I beleived it. Man you got a way with using words. Thats like a lariat that does a snake whip on your back legs, I mean on the back of your legs - not that you have 4 legs - and pulls you this way, and thats what that line did to me and I believed every minute of it. Until I looked at the quadrangle that it produced with the verbs used in the sentence.<\\/p>\\r\\n\\r\\n<p>This is just common superficiality. Is thats whats so special about a woman? Superficiality with their face colours? It\'s good for everyone to understand that they are to love their enemies, simply because your enemies show you things about yourself you need to change. So in actuality enemies are friends in reverse.<\\/p>\",\"2\":\"\",\"3\":\"\"}}', '2016-08-22 02:57:34', '2016-08-22 02:57:34', '09f8f7b1-4431-43e2-814b-4968adc9aca7'),
 ('55', '28', '6', '1', 'en_us', '1', NULL, '{\"typeId\":\"10\",\"authorId\":null,\"title\":\"Contact\",\"slug\":\"contact\",\"postDate\":1472315932,\"expiryDate\":null,\"enabled\":1,\"parentId\":null,\"fields\":[]}', '2016-08-27 16:38:52', '2016-08-27 16:38:52', '39da856f-a9c5-449f-a22e-c0963cdfe32f'),
 ('56', '29', '7', '1', 'en_us', '1', NULL, '{\"typeId\":\"11\",\"authorId\":null,\"title\":\"Thanks\",\"slug\":\"thanks\",\"postDate\":1472349615,\"expiryDate\":null,\"enabled\":1,\"parentId\":null,\"fields\":[]}', '2016-08-28 02:00:15', '2016-08-28 02:00:15', '49623b64-c721-4243-8574-bdec02527456'),
 ('57', '4', '2', '1', 'en_us', '15', '', '{\"typeId\":\"8\",\"authorId\":\"1\",\"title\":\"It\'s Business Time\",\"slug\":\"new-test-entry\",\"postDate\":1467137940,\"expiryDate\":null,\"enabled\":1,\"parentId\":null,\"fields\":{\"12\":[\"9\"],\"13\":\"\",\"1\":\"<p>I\'m just checking out craft. I can\'t figure out how to add an image to my post.<\\/p>\\r\\n\\r\\n<p>Paragraph 2<\\/p>\\r\\n\\r\\n\\r\\n\\r\\n\\r\\n\\r\\n\\r\\n\\r\\n\\r\\n\\r\\n\\r\\n\\r\\n\\r\\n\\r\\n\\r\\n\\r\\n<p><br><\\/p>\\r\\n\\r\\n\\r\\n\\r\\n\\r\\n\\r\\n\\r\\n\\r\\n\\r\\n\\r\\n\\r\\n\\r\\n\\r\\n\\r\\n\\r\\n\\r\\n<p><br><\\/p>\",\"15\":\"1\",\"10\":\"\",\"14\":\"\",\"11\":\"<p>The magic Indian is a mysterious spiritual force, and we\'re going to Cathedral Rock, and that\'s the vortex of the heart. I wrestled a bear once. A 750lbs black bear. I wrestled a bear once. A 750lbs black bear.<\\/p>\\r\\n\\r\\n<p>I wrestled a bear once. A 750lbs black bear. Listen to the silence. And when the silence is deafening, you\'re in the center of your own universe. Go with the feeling of the nature. Take it easy. Know why you\'re here. And remeber to balance your internal energy with the environment.<\\/p>\",\"2\":\"\",\"3\":[\"9\",\"11\"]}}', '2016-08-30 00:14:13', '2016-08-30 00:14:13', 'e9858de4-a251-46db-884b-c3eaecffa6e7'),
 ('58', '3', '2', '1', 'en_us', '8', '', '{\"typeId\":\"9\",\"authorId\":\"1\",\"title\":\"Pleasure Post\",\"slug\":\"we-just-installed-craft\",\"postDate\":1449342720,\"expiryDate\":null,\"enabled\":1,\"parentId\":null,\"fields\":{\"12\":[\"27\"],\"13\":\"\",\"1\":\"<p>Craft is the CMS that\\u2019s powering Craft.jimchristie.me. It\\u2019s beautiful, powerful, flexible, and easy-to-use, and it\\u2019s made by Pixel & Tonic. We can\\u2019t wait to dive in and see what it\\u2019s capable of!<\\/p>\\r\\n\\r\\n<hr class=\\\"redactor_pagebreak\\\" style=\\\"display:none\\\" unselectable=\\\"on\\\" contenteditable=\\\"false\\\">\\r\\n\\r\\n\\r\\n\\r\\n\\r\\n\\r\\n\\r\\n\\r\\n\\r\\n\\r\\n\\r\\n\\r\\n\\r\\n\\r\\n\\r\\n\\r\\n<p>This is even more captivating content, which you couldn\\u2019t see on the News index page because it was entered after a Page Break, and the News index template only likes to show the content on the first page.<\\/p>\\r\\n\\r\\n\\r\\n\\r\\n\\r\\n\\r\\n\\r\\n\\r\\n\\r\\n\\r\\n\\r\\n\\r\\n\\r\\n\\r\\n\\r\\n\\r\\n<p>Craft: a nice alternative to Word, if you\\u2019re making a website.<\\/p>\",\"15\":\"1\",\"10\":\"1\",\"14\":\"\",\"11\":\"<p>Go with the feeling of the nature. Take it easy. Know why you\'re here. And remeber to balance your internal energy with the environment. Did you feel that? Look at me - I\'m not out of breath anymore! Thats an advanced modern oxymoron. It was good, I like it and I beleived it. Man you got a way with using words. Thats like a lariat that does a snake whip on your back legs, I mean on the back of your legs - not that you have 4 legs - and pulls you this way, and thats what that line did to me and I believed every minute of it. Until I looked at the quadrangle that it produced with the verbs used in the sentence.<\\/p>\\r\\n\\r\\n<p>This is just common superficiality. Is thats whats so special about a woman? Superficiality with their face colours? It\'s good for everyone to understand that they are to love their enemies, simply because your enemies show you things about yourself you need to change. So in actuality enemies are friends in reverse.<\\/p>\",\"2\":\"\",\"3\":\"\"}}', '2016-08-30 00:14:30', '2016-08-30 00:14:30', 'df31e51f-5632-4191-9e7a-51f9fa48e835'),
 ('59', '25', '5', '1', 'en_us', '10', '', '{\"typeId\":\"6\",\"authorId\":\"1\",\"title\":\"Blue Car\",\"slug\":\"blue-car\",\"postDate\":1471573020,\"expiryDate\":null,\"enabled\":1,\"parentId\":null,\"fields\":{\"9\":\"\",\"6\":\"<p>This was a 3x5 photo of me and my dad. The photo was grainy in addition to being small, making the painting incredibly difficult.&nbsp;It took me almost two years to complete, but I&nbsp;was incredibly pleased with the results.&nbsp;<\\/p>\",\"15\":\"1\",\"8\":\"\",\"14\":\"30% center\",\"7\":[\"24\"],\"5\":\"<p>Digital. Primarily done on a Samsung Note Pro with the AutoDesk SketchBook app. However, I&nbsp;tinkered with other programs as well.<\\/p>\",\"4\":\"\"}}', '2016-08-30 00:14:50', '2016-08-30 00:14:50', '8a42297d-58ae-4d83-b378-4b9fedd1d1c4'),
 ('60', '23', '5', '1', 'en_us', '11', '', '{\"typeId\":\"6\",\"authorId\":\"1\",\"title\":\"Puer\",\"slug\":\"puer\",\"postDate\":1471488420,\"expiryDate\":null,\"enabled\":1,\"parentId\":null,\"fields\":{\"9\":\"\",\"6\":\"<p>One of my cats.&nbsp;He loves having his armpits scratched.&nbsp;<\\/p>\",\"15\":\"1\",\"8\":\"\",\"14\":\"right center\",\"7\":[\"22\"],\"5\":\"<p>Digital. I&nbsp;experimented quite a bit with this one. I&nbsp;started out using Artflow on a Samsung Note 8.0, but finished it in AutoDesk SketchBook on a Samsung Note Pro.<\\/p>\",\"4\":\"\"}}', '2016-08-30 00:15:06', '2016-08-30 00:15:06', 'e18e39bc-9b4d-4b58-8030-10c22197f4e7'),
 ('61', '21', '5', '1', 'en_us', '4', '', '{\"typeId\":\"6\",\"authorId\":\"1\",\"title\":\"Puella\",\"slug\":\"puella\",\"postDate\":1471485780,\"expiryDate\":null,\"enabled\":1,\"parentId\":null,\"fields\":{\"9\":\"\",\"6\":\"<p>This is one of my cats. She\'s the best. And the worst.<\\/p>\",\"15\":\"1\",\"8\":\"\",\"14\":\"center center\",\"7\":[\"20\"],\"5\":\"<p>Digital. Created with AutoDesk Sketchbook on a Samsung Note Pro.<\\/p>\",\"4\":\"\"}}', '2016-08-30 00:15:21', '2016-08-30 00:15:21', 'e7739eb4-3385-4654-a344-8880124d533b'),
 ('62', '17', '5', '1', 'en_us', '6', '', '{\"typeId\":\"7\",\"authorId\":\"1\",\"title\":\"Untitled\",\"slug\":\"untitled\",\"postDate\":1470706860,\"expiryDate\":null,\"enabled\":1,\"parentId\":null,\"fields\":{\"9\":\"\",\"6\":\"<p>This was a project in a painting class in college. The assignment was to create a painting by pouring paint on the canvas. This was the second iteration of this assignment. The first was criticized by the professor as being too layered. My professor didn\'t like that he cold tell the order that the paint was poured onto the canvas, though I&nbsp;disagreed. However, in the interest of getting a good grade, I&nbsp;pushed my painting as far from that criticism as I&nbsp;could. This was the result, which I&nbsp;have been incredibly pleased with.<\\/p>\",\"15\":\"1\",\"8\":\"\",\"14\":\"center top\",\"7\":[\"19\"],\"5\":\"<p>Acrylic on canvas.<\\/p>\\r\\n\\r\\n<p>Applied by mixing paint with water and pouring it onto the canvas. I&nbsp;then manipulated the canvas to force the paint to flow in different directions.<\\/p>\",\"4\":\"\"}}', '2016-08-30 00:15:39', '2016-08-30 00:15:39', '0b2fbf34-35b7-4a97-b795-b5f52721cadf'),
 ('63', '30', '4', '1', 'en_us', '1', '', '{\"typeId\":null,\"authorId\":\"1\",\"title\":\"Say Insurance\",\"slug\":\"say-insurance\",\"postDate\":1472517342,\"expiryDate\":null,\"enabled\":1,\"parentId\":null,\"fields\":{\"1\":\"\",\"12\":\"\",\"14\":\"\",\"11\":\"\",\"16\":\"\",\"4\":\"\"}}', '2016-08-30 00:35:42', '2016-08-30 00:35:42', '1a236305-74d2-4fdd-a2bb-206f8da43ca6'),
 ('64', '30', '4', '1', 'en_us', '2', '', '{\"typeId\":\"4\",\"authorId\":\"1\",\"title\":\"Say Insurance\",\"slug\":\"say-insurance\",\"postDate\":1472517300,\"expiryDate\":null,\"enabled\":1,\"parentId\":null,\"fields\":{\"1\":\"<p>This project was an initiative to launch a new, web-based subsidiary of a larger insurance company.<br><\\/p><p><br><\\/p><p>Blah, blah, blah.<\\/p>\",\"20\":{\"date\":\"\"},\"15\":\"1\",\"12\":[\"39\"],\"14\":\"\",\"11\":\"<p>This project was an initiative to launch a new, web-based subsidiary of a larger insurance company.<\\/p>\",\"7\":\"\",\"16\":[\"31\",\"32\",\"33\",\"34\",\"35\",\"36\",\"37\",\"38\"],\"19\":{\"date\":\"6\\/15\\/2015\"},\"17\":\"www.sayinsurance.com\",\"18\":\"https\"}}', '2016-08-30 01:37:31', '2016-08-30 01:37:31', '346c5b3e-633a-437f-8895-b332425810b5'),
 ('65', '30', '4', '1', 'en_us', '3', '', '{\"typeId\":\"4\",\"authorId\":\"1\",\"title\":\"Say Insurance\",\"slug\":\"say-insurance\",\"postDate\":1472517300,\"expiryDate\":null,\"enabled\":1,\"parentId\":null,\"fields\":{\"1\":\"<p>This project was an initiative to launch a new, web-based subsidiary of a larger insurance company.<br><\\/p>\\r\\n\\r\\n<p><br><\\/p>\\r\\n\\r\\n<p>Blah, blah, blah.<\\/p>\",\"20\":{\"date\":\"\"},\"15\":\"1\",\"12\":[\"39\"],\"14\":\"\",\"11\":\"<p>This project was an initiative to launch a new, web-based subsidiary of a larger insurance company.<\\/p>\",\"7\":\"\",\"16\":[\"31\",\"32\",\"33\",\"34\",\"35\",\"36\",\"37\",\"38\"],\"19\":{\"date\":\"6\\/15\\/2015\"},\"17\":\"www.sayinsurance.com\",\"18\":\"https\"}}', '2016-08-30 01:38:35', '2016-08-30 01:38:35', 'f43b36d8-4fc8-44e0-a902-3a6f1681c3af'),
 ('66', '30', '4', '1', 'en_us', '4', '', '{\"typeId\":\"4\",\"authorId\":\"1\",\"title\":\"Say Insurance\",\"slug\":\"say-insurance\",\"postDate\":1472517300,\"expiryDate\":null,\"enabled\":1,\"parentId\":null,\"fields\":{\"1\":\"<p>This project was an initiative to launch a new, web-based subsidiary of a larger insurance company.<br><\\/p>\\r\\n\\r\\n<p><br><\\/p>\\r\\n\\r\\n\\r\\n\\r\\n<p>Blah, blah, blah.<\\/p>\",\"20\":{\"date\":\"\"},\"15\":\"1\",\"12\":[\"39\"],\"14\":\"\",\"11\":\"<p>This project was an initiative to launch a new, web-based subsidiary of a larger insurance company.<\\/p>\",\"7\":\"\",\"21\":\"<p>This project was an initiative to launch a new, web-based subsidiary of a larger insurance company.<\\/p>\",\"16\":[\"31\",\"32\",\"33\",\"34\",\"35\",\"36\",\"37\",\"38\"],\"19\":{\"date\":\"6\\/15\\/2015\"},\"17\":\"www.sayinsurance.com\",\"18\":\"https\"}}', '2016-08-31 00:39:37', '2016-08-31 00:39:37', 'dfddcbe6-d5e3-4973-9a2f-acd8645c49ae'),
 ('67', '30', '4', '1', 'en_us', '5', '', '{\"typeId\":\"4\",\"authorId\":\"1\",\"title\":\"Say Insurance\",\"slug\":\"say-insurance\",\"postDate\":1472517300,\"expiryDate\":null,\"enabled\":1,\"parentId\":null,\"fields\":{\"1\":\"<p>This project was an initiative to launch a new, web-based subsidiary of a larger insurance company.<br><\\/p>\\r\\n\\r\\n<p><br><\\/p>\\r\\n\\r\\n\\r\\n\\r\\n\\r\\n\\r\\n<p>Blah, blah, blah.<\\/p>\",\"20\":{\"date\":\"\"},\"15\":\"1\",\"12\":[\"39\"],\"14\":\"\",\"11\":\"<p>This project was an initiative to launch a new, web-based subsidiary of a larger insurance company.<\\/p>\",\"7\":\"\",\"21\":\"<p>This project was an initiative to launch a new, web-based subsidiary of a larger insurance company.<\\/p>\",\"16\":[\"31\",\"32\",\"33\",\"34\",\"35\",\"36\",\"37\",\"38\"],\"19\":{\"date\":\"6\\/15\\/2015\"},\"17\":\"www.sayinsurance.com\",\"18\":\"https\"}}', '2016-08-31 00:40:51', '2016-08-31 00:40:51', '0ebcf9e2-7da7-4cfc-a24b-d8432ac69480'),
 ('68', '30', '4', '1', 'en_us', '6', '', '{\"typeId\":\"4\",\"authorId\":\"1\",\"title\":\"Say Insurance\",\"slug\":\"say-insurance\",\"postDate\":1472517300,\"expiryDate\":null,\"enabled\":1,\"parentId\":null,\"fields\":{\"1\":\"<p>This project was an initiative to launch a new, web-based subsidiary of a larger insurance company.<br><\\/p>\\r\\n\\r\\n<p><br><\\/p>\\r\\n\\r\\n\\r\\n\\r\\n\\r\\n\\r\\n\\r\\n\\r\\n<p>Blah, blah, blah.<\\/p>\",\"20\":{\"date\":\"\"},\"15\":\"1\",\"12\":[\"39\"],\"14\":\"\",\"11\":\"<p>This project was an initiative to launch a new, web-based subsidiary of a larger insurance company.<\\/p>\",\"7\":\"\",\"21\":\"<p>This project was an initiative to launch a new, web-based subsidiary of a larger insurance company.<\\/p>\",\"16\":[\"31\",\"32\",\"33\",\"34\",\"35\",\"36\",\"37\",\"38\"],\"19\":{\"date\":\"6\\/15\\/2015\"},\"17\":\"www.sayinsurance.com\",\"18\":\"https:\\/\\/\"}}', '2016-08-31 03:06:00', '2016-08-31 03:06:00', '374391a4-5e53-4ace-a578-0af1dabc3993'),
 ('69', '30', '4', '1', 'en_us', '7', '', '{\"typeId\":\"4\",\"authorId\":\"1\",\"title\":\"Say Insurance\",\"slug\":\"say-insurance\",\"postDate\":1472517300,\"expiryDate\":null,\"enabled\":1,\"parentId\":null,\"fields\":{\"1\":\"<p>This project was an initiative to launch a new, web-based subsidiary of a larger insurance company.<\\/p><ul><li>Called APIs<\\/li><li>Did other stuff<\\/li><\\/ul><p>Some other shit I&nbsp;did<\\/p><ol><li>My main priority<\\/li><li>Another, slightly lesser, priority<\\/li><\\/ol>\",\"20\":{\"date\":\"\"},\"15\":\"1\",\"12\":[\"39\"],\"14\":\"\",\"11\":\"<p>This project was an initiative to launch a new, web-based subsidiary of a larger insurance company.<\\/p>\",\"7\":\"\",\"21\":\"<p>This project was an initiative to launch a new, web-based subsidiary of a larger insurance company.<\\/p>\",\"16\":[\"31\",\"32\",\"33\",\"34\",\"35\",\"36\",\"37\",\"38\"],\"19\":{\"date\":\"6\\/15\\/2015\"},\"17\":\"www.sayinsurance.com\",\"18\":\"https:\\/\\/\"}}', '2016-09-01 01:10:40', '2016-09-01 01:10:40', 'ca348780-b2b2-43c5-934f-6bea767cd176'),
 ('70', '30', '4', '1', 'en_us', '8', '', '{\"typeId\":\"4\",\"authorId\":\"1\",\"title\":\"Say Insurance\",\"slug\":\"say-insurance\",\"postDate\":1472517300,\"expiryDate\":null,\"enabled\":1,\"parentId\":null,\"fields\":{\"1\":\"<p>This project was an initiative to launch a new, web-based subsidiary of a larger insurance company.<\\/p>\\r\\n\\r\\n<p>The company used this initiative to experiment with new technologies and&nbsp;workflow methodologies. Among these new technologies and methodologies are:<\\/p>\\r\\n\\r\\n\\r\\n\\r\\n<p>New to me:<\\/p><ul><li>PHPUnit<\\/li><li>Jasmine unit testing framework<\\/li><\\/ul>\\r\\n\\r\\n\\r\\n\\r\\n<p>New to the company:<\\/p>\\r\\n\\r\\n\\r\\n\\r\\n<ul><li>PHP<\\/li><\\/ul>\\r\\n\\r\\n\\r\\n\\r\\n<p>New to everyone involved:<\\/p>\\r\\n\\r\\n\\r\\n\\r\\n<ul><li>Agile, specifically&nbsp;Scrum<\\/li><li>Craft CMS<\\/li><li>Amazon Web Services<\\/li><li>Angular<\\/li><\\/ul>\",\"20\":{\"date\":\"\"},\"15\":\"1\",\"12\":[\"39\"],\"14\":\"\",\"11\":\"<p>This project was an initiative to launch a new, web-based subsidiary of a larger insurance company.<\\/p>\",\"7\":\"\",\"21\":\"<p>This project was an initiative to launch a new, web-based subsidiary of a larger insurance company.<\\/p>\",\"16\":[\"31\",\"32\",\"33\",\"34\",\"35\",\"36\",\"37\",\"38\"],\"19\":{\"date\":\"6\\/15\\/2015\"},\"17\":\"www.sayinsurance.com\",\"18\":\"https:\\/\\/\"}}', '2016-09-01 01:19:39', '2016-09-01 01:19:39', '69eb47ca-7707-4d33-b7e3-09bd4ec00e12'),
 ('71', '30', '4', '1', 'en_us', '9', '', '{\"typeId\":\"4\",\"authorId\":\"1\",\"title\":\"Say Insurance\",\"slug\":\"say-insurance\",\"postDate\":1472517300,\"expiryDate\":null,\"enabled\":1,\"parentId\":null,\"fields\":{\"1\":\"<p>This project was an initiative to launch a new, web-based subsidiary of a larger insurance company.<\\/p>\\r\\n\\r\\n<p>The company used this initiative to experiment with new technologies and&nbsp;workflow methodologies. Among these new technologies and methodologies are:<\\/p>\\r\\n\\r\\n\\r\\n\\r\\n\\r\\n\\r\\n<p>New to me:<\\/p>\\r\\n\\r\\n<ul><li>PHPUnit<\\/li><li>Jasmine unit testing framework<\\/li><\\/ul>\\r\\n\\r\\n<p>New to the company:<\\/p>\\r\\n\\r\\n\\r\\n\\r\\n\\r\\n\\r\\n<ul><li>PHP<\\/li><\\/ul>\\r\\n\\r\\n<p>New to everyone involved:<\\/p>\\r\\n\\r\\n\\r\\n\\r\\n\\r\\n\\r\\n<ul><li>Agile, specifically&nbsp;Scrum<\\/li><li>Craft CMS<\\/li><li>Amazon Web Services<\\/li><li>Angular<\\/li><\\/ul><p>As a result of these experiments, I&nbsp;have grown as a developer and a coworker in leaps and bounds.&nbsp;<\\/p>\",\"20\":{\"date\":\"\"},\"15\":\"1\",\"12\":[\"39\"],\"14\":\"\",\"11\":\"<p>This project was an initiative to launch a new, web-based subsidiary of a larger insurance company.<\\/p>\",\"7\":\"\",\"21\":\"<p>This project was an initiative to launch a new, web-based subsidiary of a larger insurance company.<\\/p>\",\"16\":[\"31\",\"32\",\"33\",\"34\",\"35\",\"36\",\"37\",\"38\"],\"19\":{\"date\":\"6\\/15\\/2015\"},\"17\":\"www.sayinsurance.com\",\"18\":\"https:\\/\\/\"}}', '2016-09-01 01:21:53', '2016-09-01 01:21:53', '908c86ec-76c1-4fa4-9dff-68681f18f8a7'),
 ('72', '30', '4', '1', 'en_us', '10', '', '{\"typeId\":\"4\",\"authorId\":\"1\",\"title\":\"Say Insurance\",\"slug\":\"say-insurance\",\"postDate\":1472517300,\"expiryDate\":null,\"enabled\":1,\"parentId\":null,\"fields\":{\"1\":\"<p>This project was an initiative to launch a new, web-based subsidiary of a larger insurance company.<\\/p>\\r\\n\\r\\n<p>The company used this initiative to experiment with new technologies and&nbsp;workflow methodologies. Among these new technologies and methodologies are:<\\/p>\\r\\n\\r\\n\\r\\n\\r\\n\\r\\n\\r\\n<p>New to me:<\\/p>\\r\\n\\r\\n\\r\\n\\r\\n\\r\\n\\r\\n<ul><li>PHPUnit<\\/li><li>Jasmine unit testing framework<\\/li><\\/ul>\\r\\n\\r\\n\\r\\n\\r\\n\\r\\n\\r\\n<p>New to the company:<\\/p>\\r\\n\\r\\n\\r\\n\\r\\n\\r\\n\\r\\n<ul><li>PHP<\\/li><\\/ul>\\r\\n\\r\\n\\r\\n\\r\\n\\r\\n\\r\\n<p>New to everyone involved:<\\/p>\\r\\n\\r\\n\\r\\n\\r\\n\\r\\n\\r\\n<ul><li>Agile, specifically&nbsp;Scrum<\\/li><li>Craft CMS<\\/li><li>Amazon Web Services<\\/li><li>Angular<\\/li><\\/ul>\\r\\n\\r\\n\\r\\n\\r\\n\\r\\n\\r\\n<p>As a result of these experiments, I&nbsp;have grown as a developer and a coworker in leaps and bounds. Most notably, I&nbsp;discovered agile methodologies. Upon discovering Scrum, I quickly began to read everything I could find on agile and Scrum. I went to <a href=\\\"https:\\/\\/adcwest.techwell.com\\/\\\" target=\\\"_blank\\\">Agile Dev West<\\/a> and&nbsp;<a href=\\\"http:\\/\\/agilegravyinc.com\\/\\\" target=\\\"_blank\\\">Agile Gravy<\\/a>,&nbsp;became&nbsp;a <a href=\\\"https:\\/\\/www.scrumalliance.org\\/certifications\\/practitioners\\/cspo-certification\\\" target=\\\"_blank\\\">Certified Scrum Product Owner<\\/a> and <a href=\\\"https:\\/\\/www.scrumalliance.org\\/certifications\\/practitioners\\/certified-scrummaster-csm\\\" target=\\\"_blank\\\">Certified ScrumMaster<sup>\\u00ae<\\/sup><\\/a> through&nbsp;<a href=\\\"https:\\/\\/www.scrumalliance.org\\/\\\" target=\\\"_blank\\\">Scrum Alliance<\\/a>, and joined a local agile users\' group.<\\/p>\",\"20\":{\"date\":\"\"},\"15\":\"1\",\"12\":[\"39\"],\"14\":\"\",\"11\":\"<p>This project was an initiative to launch a new, web-based subsidiary of a larger insurance company.<\\/p>\",\"7\":\"\",\"21\":\"<p>This project was an initiative to launch a new, web-based subsidiary of a larger insurance company.<\\/p>\",\"16\":[\"31\",\"32\",\"33\",\"34\",\"35\",\"36\",\"37\",\"38\"],\"19\":{\"date\":\"6\\/15\\/2015\"},\"17\":\"www.sayinsurance.com\",\"18\":\"https:\\/\\/\"}}', '2016-09-01 01:47:19', '2016-09-01 01:47:19', 'ad2ae66f-444b-4f95-9230-7178f4d00263'),
 ('73', '30', '4', '1', 'en_us', '11', '', '{\"typeId\":\"4\",\"authorId\":\"1\",\"title\":\"Say Insurance\",\"slug\":\"say-insurance\",\"postDate\":1472517300,\"expiryDate\":null,\"enabled\":1,\"parentId\":null,\"fields\":{\"1\":\"<p>This project was an initiative to launch a new, web-based subsidiary of a larger insurance company.<\\/p>\\r\\n\\r\\n<p>The company used this initiative to experiment with new technologies and&nbsp;workflow methodologies. Among these new technologies and methodologies are:<\\/p>\\r\\n\\r\\n\\r\\n\\r\\n\\r\\n\\r\\n\\r\\n\\r\\n<p>New to me:<\\/p>\\r\\n\\r\\n\\r\\n\\r\\n\\r\\n\\r\\n\\r\\n\\r\\n<ul><li>PHPUnit<\\/li><li>Jasmine unit testing framework<\\/li><\\/ul>\\r\\n\\r\\n<p>New to the company:<\\/p>\\r\\n\\r\\n\\r\\n\\r\\n\\r\\n\\r\\n\\r\\n\\r\\n<ul><li>Linux<\\/li><li>MySQL<\\/li><li>PHP<\\/li><\\/ul>\\r\\n\\r\\n<p>New to everyone involved:<\\/p>\\r\\n\\r\\n\\r\\n\\r\\n\\r\\n\\r\\n\\r\\n\\r\\n<ul><li>Agile, specifically&nbsp;Scrum<\\/li><li>Craft CMS<\\/li><li>Amazon Web Services<\\/li><li>Angular<\\/li><\\/ul>\\r\\n\\r\\n<p>As a result of these experiments, I&nbsp;have grown as a developer and a coworker in leaps and bounds. Most notably, I&nbsp;discovered agile methodologies. Upon discovering Scrum, I quickly began to read everything I could find on agile and Scrum. I went to <a href=\\\"https:\\/\\/adcwest.techwell.com\\/\\\" target=\\\"_blank\\\">Agile Dev West<\\/a> and&nbsp;<a href=\\\"http:\\/\\/agilegravyinc.com\\/\\\" target=\\\"_blank\\\">Agile Gravy<\\/a>,&nbsp;became&nbsp;a <a href=\\\"https:\\/\\/www.scrumalliance.org\\/certifications\\/practitioners\\/cspo-certification\\\" target=\\\"_blank\\\">Certified Scrum Product Owner<\\/a> and <a href=\\\"https:\\/\\/www.scrumalliance.org\\/certifications\\/practitioners\\/certified-scrummaster-csm\\\" target=\\\"_blank\\\">Certified ScrumMaster<sup>\\u00ae<\\/sup><\\/a> through&nbsp;<a href=\\\"https:\\/\\/www.scrumalliance.org\\/\\\" target=\\\"_blank\\\">Scrum Alliance<\\/a>, and joined a local agile users\' group.I&nbsp;quickly began to advise my team on how to better apply these methodologies, and to the organization at large through feedback to the agile coaches guiding the organizational agile transformation.<\\/p><p>From a technical perspective, I&nbsp;grew in several ways.&nbsp;Though the site utilized the <a href=\\\"https:\\/\\/craftcms.com\\/\\\">Craft&nbsp;CMS<\\/a>&nbsp;to a degree, much of the initial&nbsp;development we were doing did not utilize the CMS. The lion\'s share of the initial work involved building&nbsp;a custom plugin for generating insurance quotes via calls to APIs built by other teams within the organization. This work afforded me the opportunity to use PHP&nbsp;in ways that I&nbsp;had not known it was capable, specifically using it as a middle layer between an Angular front end and the APIs.<\\/p><p>As this initial setup tapered off, we began to tie the content of our site into Craft. As we did so,&nbsp;I&nbsp;developed a great appreciation for&nbsp;<span class=\\\"redactor-unlink\\\">Craft<\\/span>. We utilized every feature of Craft&nbsp;<span><\\/span><br><\\/p>\",\"20\":{\"date\":\"\"},\"15\":\"1\",\"12\":[\"39\"],\"14\":\"\",\"11\":\"<p>This project was an initiative to launch a new, web-based subsidiary of a larger insurance company.<\\/p>\",\"7\":\"\",\"21\":\"<p>This project was an initiative to launch a new, web-based subsidiary of a larger insurance company.<\\/p>\",\"16\":[\"31\",\"32\",\"33\",\"34\",\"35\",\"36\",\"37\",\"38\"],\"19\":{\"date\":\"6\\/15\\/2015\"},\"17\":\"www.sayinsurance.com\",\"18\":\"https:\\/\\/\"}}', '2016-09-01 02:08:28', '2016-09-01 02:08:28', 'deab8a7c-f671-4a5d-aae3-b328c7a0c58f'),
 ('74', '17', '5', '1', 'en_us', '7', '', '{\"typeId\":\"7\",\"authorId\":\"1\",\"title\":\"Untitled\",\"slug\":\"untitled\",\"postDate\":1470706860,\"expiryDate\":null,\"enabled\":1,\"parentId\":null,\"fields\":{\"6\":\"<p>This was a project in a painting class in college. The assignment was to create a painting by pouring paint on the canvas. This was the second iteration of this assignment. The first was criticized by the professor as being too layered. My professor didn\'t like that he cold tell the order that the paint was poured onto the canvas, though I&nbsp;disagreed. However, in the interest of getting a good grade, I&nbsp;pushed my painting as far from that criticism as I&nbsp;could. This was the result, which I&nbsp;have been incredibly pleased with.<\\/p>\",\"15\":\"1\",\"14\":\"center top\",\"22\":\"portrait\",\"7\":[\"19\"],\"5\":\"<p>Acrylic on canvas.<\\/p>\\r\\n\\r\\n<p>Applied by mixing paint with water and pouring it onto the canvas. I&nbsp;then manipulated the canvas to force the paint to flow in different directions.<\\/p>\",\"4\":\"\"}}', '2016-09-01 02:15:20', '2016-09-01 02:15:20', '54a96cf7-9117-40db-96d6-602aece0724c'),
 ('75', '25', '5', '1', 'en_us', '11', '', '{\"typeId\":\"6\",\"authorId\":\"1\",\"title\":\"Blue Car\",\"slug\":\"blue-car\",\"postDate\":1471573020,\"expiryDate\":null,\"enabled\":1,\"parentId\":null,\"fields\":{\"6\":\"<p>This was a 3x5 photo of me and my dad. The photo was grainy in addition to being small, making the painting incredibly difficult.&nbsp;It took me almost two years to complete, but I&nbsp;was incredibly pleased with the results.&nbsp;<\\/p>\",\"15\":\"1\",\"14\":\"30% center\",\"22\":\"landscape\",\"7\":[\"24\",\"27\"],\"5\":\"<p>Digital. Primarily done on a Samsung Note Pro with the AutoDesk SketchBook app. However, I&nbsp;tinkered with other programs as well.<\\/p>\",\"4\":\"\"}}', '2016-09-01 02:20:15', '2016-09-01 02:20:15', 'ad731871-210a-458f-bf4d-778bd4a54660'),
 ('76', '25', '5', '1', 'en_us', '12', '', '{\"typeId\":\"6\",\"authorId\":\"1\",\"title\":\"Blue Car\",\"slug\":\"blue-car\",\"postDate\":1471573020,\"expiryDate\":null,\"enabled\":1,\"parentId\":null,\"fields\":{\"6\":\"<p>This was a 3x5 photo of me and my dad. The photo was grainy in addition to being small, making the painting incredibly difficult.&nbsp;It took me almost two years to complete, but I&nbsp;was incredibly pleased with the results.&nbsp;<\\/p>\",\"15\":\"1\",\"14\":\"30% center\",\"22\":\"landscape\",\"7\":[\"24\"],\"5\":\"<p>Digital. Primarily done on a Samsung Note Pro with the AutoDesk SketchBook app. However, I&nbsp;tinkered with other programs as well.<\\/p>\",\"4\":\"\"}}', '2016-09-01 02:20:42', '2016-09-01 02:20:42', '0d5c71a4-2541-4e79-b33f-89e43df49714'),
 ('77', '43', '4', '1', 'en_us', '1', '', '{\"typeId\":null,\"authorId\":\"1\",\"title\":\"Daniel Boone Regional Library\",\"slug\":\"daniel-boone-regional-library\",\"postDate\":1472700997,\"expiryDate\":null,\"enabled\":1,\"parentId\":null,\"fields\":{\"1\":\"<p>Stuff<\\/p>\",\"20\":{\"date\":\"6\\/15\\/2015\\/\"},\"15\":\"\",\"12\":[\"9\"],\"14\":\"\",\"11\":\"<p>Blah, lbah.<\\/p>\",\"7\":[\"27\"],\"21\":\"<p>Yada, yada.<\\/p>\",\"16\":[\"31\",\"40\",\"41\",\"32\",\"42\"],\"19\":{\"date\":\"8\\/1\\/2013\"},\"17\":\"www.dbrl.org\",\"18\":\"http:\\/\\/\"}}', '2016-09-01 03:36:37', '2016-09-01 03:36:37', 'eebacb9b-ddcc-4720-ac2c-435efd658668'),
 ('78', '43', '4', '1', 'en_us', '2', '', '{\"typeId\":\"4\",\"authorId\":\"1\",\"title\":\"Daniel Boone Regional Library\",\"slug\":\"daniel-boone-regional-library\",\"postDate\":1472700960,\"expiryDate\":null,\"enabled\":1,\"parentId\":null,\"fields\":{\"1\":\"<p>Stuff<\\/p>\",\"20\":{\"date\":\"\"},\"15\":\"\",\"12\":[\"9\"],\"14\":\"up down\",\"11\":\"<p>Blah, lbah.<\\/p>\",\"7\":[\"27\"],\"21\":\"<p>Yada, yada.<\\/p>\",\"16\":[\"31\",\"40\",\"41\",\"32\",\"42\"],\"19\":{\"date\":\"8\\/1\\/2013\"},\"17\":\"www.dbrl.org\",\"18\":\"http:\\/\\/\"}}', '2016-09-01 03:37:19', '2016-09-01 03:37:19', 'd31055f6-c6f5-4706-ac45-fc1685249a0a'),
 ('79', '43', '4', '1', 'en_us', '3', '', '{\"typeId\":\"4\",\"authorId\":\"1\",\"title\":\"Daniel Boone Regional Library\",\"slug\":\"daniel-boone-regional-library\",\"postDate\":1472700960,\"expiryDate\":null,\"enabled\":0,\"parentId\":null,\"fields\":{\"1\":\"<p>Stuff<\\/p>\",\"20\":{\"date\":\"\"},\"15\":\"\",\"12\":[\"9\"],\"14\":\"up down\",\"11\":\"<p>Blah, lbah.<\\/p>\",\"7\":[\"27\"],\"21\":\"<p>Yada, yada.<\\/p>\",\"16\":[\"31\",\"40\",\"41\",\"32\",\"42\"],\"19\":{\"date\":\"8\\/1\\/2013\"},\"17\":\"www.dbrl.org\",\"18\":\"http:\\/\\/\"}}', '2016-09-01 03:37:36', '2016-09-01 03:37:36', 'bea8a4b6-862a-45bb-9430-93b7142da71a'),
 ('80', '43', '4', '1', 'en_us', '4', '', '{\"typeId\":\"4\",\"authorId\":\"1\",\"title\":\"Daniel Boone Regional Library\",\"slug\":\"daniel-boone-regional-library\",\"postDate\":1472700960,\"expiryDate\":null,\"enabled\":1,\"parentId\":null,\"fields\":{\"1\":\"<p>Stuff<\\/p>\",\"20\":{\"date\":\"\"},\"15\":\"\",\"12\":[\"9\"],\"14\":\"up down\",\"11\":\"<p>Blah, lbah.<\\/p>\",\"7\":[\"27\"],\"21\":\"<p>Yada, yada.<\\/p>\",\"16\":[\"31\",\"40\",\"41\",\"32\",\"42\"],\"19\":{\"date\":\"8\\/1\\/2013\"},\"17\":\"www.dbrl.org\",\"18\":\"http:\\/\\/\"}}', '2016-09-01 03:39:57', '2016-09-01 03:39:57', '09c60471-98b4-4bff-a496-220965de72f7'),
 ('81', '43', '4', '1', 'en_us', '5', '', '{\"typeId\":\"4\",\"authorId\":\"1\",\"title\":\"Daniel Boone Regional Library\",\"slug\":\"daniel-boone-regional-library\",\"postDate\":1472700960,\"expiryDate\":null,\"enabled\":1,\"parentId\":null,\"fields\":{\"1\":\"<p>Stuff<\\/p>\",\"20\":{\"date\":\"6\\/15\\/15\"},\"15\":\"\",\"12\":[\"9\"],\"14\":\"up down\",\"11\":\"<p>Blah, lbah.<\\/p>\",\"7\":[\"27\"],\"21\":\"<p>Yada, yada.<\\/p>\",\"16\":[\"31\",\"40\",\"41\",\"32\",\"42\"],\"19\":{\"date\":\"8\\/1\\/2013\"},\"17\":\"www.dbrl.org\",\"18\":\"http:\\/\\/\"}}', '2016-09-01 04:02:12', '2016-09-01 04:02:12', '577d0066-c40c-4022-9091-7508e90b68dd'),
 ('82', '43', '4', '1', 'en_us', '6', '', '{\"typeId\":\"4\",\"authorId\":\"1\",\"title\":\"Daniel Boone Regional Library\",\"slug\":\"daniel-boone-regional-library\",\"postDate\":1375328160,\"expiryDate\":null,\"enabled\":1,\"parentId\":null,\"fields\":{\"1\":\"<p>Stuff<\\/p>\",\"20\":{\"date\":\"6\\/15\\/2015\"},\"15\":\"\",\"12\":[\"9\"],\"14\":\"up down\",\"11\":\"<p>Blah, lbah.<\\/p>\",\"7\":[\"27\"],\"21\":\"<p>Yada, yada.<\\/p>\",\"16\":[\"31\",\"40\",\"41\",\"32\",\"42\"],\"19\":{\"date\":\"8\\/1\\/2013\"},\"17\":\"www.dbrl.org\",\"18\":\"http:\\/\\/\"}}', '2016-09-01 04:22:50', '2016-09-01 04:22:50', '1d9a13bb-e6c7-492e-ad75-709a5f8d5314'),
 ('83', '30', '4', '1', 'en_us', '12', '', '{\"typeId\":\"4\",\"authorId\":\"1\",\"title\":\"Say Insurance\",\"slug\":\"say-insurance\",\"postDate\":1433118900,\"expiryDate\":null,\"enabled\":1,\"parentId\":null,\"fields\":{\"1\":\"<p>This project was an initiative to launch a new, web-based subsidiary of a larger insurance company.<\\/p>\\r\\n\\r\\n<p>The company used this initiative to experiment with new technologies and&nbsp;workflow methodologies. Among these new technologies and methodologies are:<\\/p>\\r\\n\\r\\n\\r\\n\\r\\n\\r\\n\\r\\n\\r\\n\\r\\n\\r\\n\\r\\n<p>New to me:<\\/p>\\r\\n\\r\\n\\r\\n\\r\\n\\r\\n\\r\\n\\r\\n\\r\\n\\r\\n\\r\\n<ul><li>PHPUnit<\\/li><li>Jasmine unit testing framework<\\/li><\\/ul>\\r\\n\\r\\n<p>New to the company:<\\/p>\\r\\n\\r\\n\\r\\n\\r\\n\\r\\n\\r\\n\\r\\n\\r\\n\\r\\n\\r\\n<ul><li>Linux<\\/li><li>MySQL<\\/li><li>PHP<\\/li><\\/ul>\\r\\n\\r\\n<p>New to everyone involved:<\\/p>\\r\\n\\r\\n\\r\\n\\r\\n\\r\\n\\r\\n\\r\\n\\r\\n\\r\\n\\r\\n<ul><li>Agile, specifically&nbsp;Scrum<\\/li><li>Craft CMS<\\/li><li>Amazon Web Services<\\/li><li>Angular<\\/li><\\/ul>\\r\\n\\r\\n<p>As a result of these experiments, I&nbsp;have grown as a developer and a coworker in leaps and bounds. Most notably, I&nbsp;discovered agile methodologies. Upon discovering Scrum, I quickly began to read everything I could find on agile and Scrum. I went to <a href=\\\"https:\\/\\/adcwest.techwell.com\\/\\\" target=\\\"_blank\\\">Agile Dev West<\\/a> and&nbsp;<a href=\\\"http:\\/\\/agilegravyinc.com\\/\\\" target=\\\"_blank\\\">Agile Gravy<\\/a>,&nbsp;became&nbsp;a <a href=\\\"https:\\/\\/www.scrumalliance.org\\/certifications\\/practitioners\\/cspo-certification\\\" target=\\\"_blank\\\">Certified Scrum Product Owner<\\/a> and <a href=\\\"https:\\/\\/www.scrumalliance.org\\/certifications\\/practitioners\\/certified-scrummaster-csm\\\" target=\\\"_blank\\\">Certified ScrumMaster<sup>\\u00ae<\\/sup><\\/a> through&nbsp;<a href=\\\"https:\\/\\/www.scrumalliance.org\\/\\\" target=\\\"_blank\\\">Scrum Alliance<\\/a>, and joined a local agile users\' group.I&nbsp;quickly began to advise my team on how to better apply these methodologies, and to the organization at large through feedback to the agile coaches guiding the organizational agile transformation.<\\/p>\\r\\n\\r\\n<p>From a technical perspective, I&nbsp;grew in several ways.&nbsp;Though the site utilized the <a href=\\\"https:\\/\\/craftcms.com\\/\\\">Craft&nbsp;CMS<\\/a>&nbsp;to a degree, much of the initial&nbsp;development we were doing did not utilize the CMS. The lion\'s share of the initial work involved building&nbsp;a custom plugin for generating insurance quotes via calls to APIs built by other teams within the organization. This work afforded me the opportunity to use PHP&nbsp;in ways that I&nbsp;had not known it was capable, specifically using it as a middle layer between an Angular front end and the APIs.<\\/p>\\r\\n\\r\\n<p>As this initial setup tapered off, we began to tie the content of our site into Craft. As we did so,&nbsp;I&nbsp;developed a great appreciation for&nbsp;Craft. We utilized every feature of Craft&nbsp;<br><\\/p>\",\"20\":{\"date\":\"\"},\"15\":\"1\",\"12\":[\"39\"],\"14\":\"\",\"11\":\"<p>This project was an initiative to launch a new, web-based subsidiary of a larger insurance company.<\\/p>\",\"7\":\"\",\"21\":\"<p>This project was an initiative to launch a new, web-based subsidiary of a larger insurance company.<\\/p>\",\"16\":[\"31\",\"32\",\"33\",\"34\",\"35\",\"36\",\"37\",\"38\"],\"19\":{\"date\":\"6\\/15\\/2015\"},\"17\":\"www.sayinsurance.com\",\"18\":\"https:\\/\\/\"}}', '2016-09-01 04:23:24', '2016-09-01 04:23:24', '05068f85-86f2-4bbe-bf67-25d94789ca14'),
 ('84', '44', '8', '1', 'en_us', '1', '', '{\"typeId\":null,\"authorId\":\"1\",\"title\":\"Certified ScrumMaster\",\"slug\":\"certified-scrummaster\",\"postDate\":1472768675,\"expiryDate\":null,\"enabled\":1,\"parentId\":null,\"fields\":{\"23\":\"Scrum Alliance\",\"24\":{\"date\":\"6\\/3\\/2016\"},\"25\":{\"date\":\"6\\/3\\/2018\"},\"17\":\"www.scrumalliance.org\",\"18\":\"https:\\/\\/\"}}', '2016-09-01 22:24:35', '2016-09-01 22:24:35', '56d459ea-ae2e-48be-aeb5-85be0383bab6'),
 ('85', '45', '8', '1', 'en_us', '1', '', '{\"typeId\":null,\"authorId\":\"1\",\"title\":\"Certified Product Owner\",\"slug\":\"certified-product-owner\",\"postDate\":1472768723,\"expiryDate\":null,\"enabled\":1,\"parentId\":null,\"fields\":{\"23\":\"Scrum Alliance\",\"24\":{\"date\":\"6\\/10\\/2016\"},\"25\":{\"date\":\"6\\/10\\/2018\"},\"17\":\"www.scrumalliance.org\",\"18\":\"https:\\/\\/\"}}', '2016-09-01 22:25:23', '2016-09-01 22:25:23', '6f16b129-acef-48c7-832d-d6de5971ec03'),
 ('86', '43', '4', '1', 'en_us', '7', '', '{\"typeId\":\"4\",\"authorId\":\"1\",\"title\":\"Daniel Boone Regional Library\",\"slug\":\"daniel-boone-regional-library\",\"postDate\":1472700960,\"expiryDate\":null,\"enabled\":1,\"parentId\":null,\"fields\":{\"1\":\"<p>Stuff<\\/p>\",\"20\":{\"date\":\"6\\/15\\/2015\"},\"15\":\"\",\"12\":[\"9\"],\"14\":\"up down\",\"11\":\"<p>Blah, lbah.<\\/p>\",\"7\":[\"27\"],\"21\":\"<p>Yada, yada.<\\/p>\",\"16\":[\"31\",\"40\",\"41\",\"32\",\"42\"],\"19\":{\"date\":\"8\\/1\\/2013\"},\"17\":\"www.dbrl.org\",\"18\":\"http:\\/\\/\"}}', '2016-09-01 22:26:15', '2016-09-01 22:26:15', 'bffcf782-eaf7-42c1-8c6b-cbe3c2a59044'),
 ('87', '30', '4', '1', 'en_us', '13', '', '{\"typeId\":\"4\",\"authorId\":\"1\",\"title\":\"Say Insurance\",\"slug\":\"say-insurance\",\"postDate\":1433118900,\"expiryDate\":null,\"enabled\":1,\"parentId\":null,\"fields\":{\"1\":\"<p>This project was an initiative to launch a new, web-based subsidiary of a larger insurance company.<\\/p>\\r\\n\\r\\n<p>The company used this initiative to experiment with new technologies and&nbsp;workflow methodologies. Among these new technologies and methodologies are:<\\/p>\\r\\n\\r\\n\\r\\n\\r\\n\\r\\n\\r\\n\\r\\n\\r\\n\\r\\n\\r\\n\\r\\n\\r\\n<p>New to me:<\\/p>\\r\\n\\r\\n\\r\\n\\r\\n\\r\\n\\r\\n\\r\\n\\r\\n\\r\\n\\r\\n\\r\\n\\r\\n<ul><li>PHPUnit<\\/li><li>Jasmine unit testing framework<\\/li><\\/ul>\\r\\n\\r\\n<p>New to the company:<\\/p>\\r\\n\\r\\n\\r\\n\\r\\n\\r\\n\\r\\n\\r\\n\\r\\n\\r\\n\\r\\n\\r\\n\\r\\n<ul><li>Linux<\\/li><li>MySQL<\\/li><li>PHP<\\/li><\\/ul>\\r\\n\\r\\n<p>New to everyone involved:<\\/p>\\r\\n\\r\\n\\r\\n\\r\\n\\r\\n\\r\\n\\r\\n\\r\\n\\r\\n\\r\\n\\r\\n\\r\\n<ul><li>Agile, specifically&nbsp;Scrum<\\/li><li>Craft CMS<\\/li><li>Amazon Web Services<\\/li><li>Angular<\\/li><\\/ul>\\r\\n\\r\\n<p>As a result of these experiments, I&nbsp;have grown as a developer and a coworker in leaps and bounds. Most notably, I&nbsp;discovered agile methodologies. Upon discovering Scrum, I quickly began to read everything I could find on agile and Scrum. I went to <a href=\\\"https:\\/\\/adcwest.techwell.com\\/\\\" target=\\\"_blank\\\">Agile Dev West<\\/a> and&nbsp;<a href=\\\"http:\\/\\/agilegravyinc.com\\/\\\" target=\\\"_blank\\\">Agile Gravy<\\/a>,&nbsp;became&nbsp;a <a href=\\\"https:\\/\\/www.scrumalliance.org\\/certifications\\/practitioners\\/cspo-certification\\\" target=\\\"_blank\\\">Certified Scrum Product Owner<\\/a> and <a href=\\\"https:\\/\\/www.scrumalliance.org\\/certifications\\/practitioners\\/certified-scrummaster-csm\\\" target=\\\"_blank\\\">Certified ScrumMaster<sup>\\u00ae<\\/sup><\\/a> through&nbsp;<a href=\\\"https:\\/\\/www.scrumalliance.org\\/\\\" target=\\\"_blank\\\">Scrum Alliance<\\/a>, and joined a local agile users\' group.I&nbsp;quickly began to advise my team on how to better apply these methodologies, and to the organization at large through feedback to the agile coaches guiding the organizational agile transformation.<\\/p>\\r\\n\\r\\n\\r\\n\\r\\n<p>From a technical perspective, I&nbsp;grew in several ways.&nbsp;Though the site utilized the <a href=\\\"https:\\/\\/craftcms.com\\/\\\">Craft&nbsp;CMS<\\/a>&nbsp;to a degree, much of the initial&nbsp;development we were doing did not utilize the CMS. The lion\'s share of the initial work involved building&nbsp;a custom plugin for generating insurance quotes via calls to APIs built by other teams within the organization. This work afforded me the opportunity to use PHP&nbsp;in ways that I&nbsp;had not known it was capable, specifically using it as a middle layer between an Angular front end and the APIs.<\\/p>\\r\\n\\r\\n\\r\\n\\r\\n<p>As this initial setup tapered off, we began to tie the content of our site into Craft. As we did so,&nbsp;I&nbsp;developed a great appreciation for&nbsp;Craft. We utilized every feature of Craft&nbsp;<br><\\/p>\",\"20\":{\"date\":\"\"},\"15\":\"1\",\"12\":[\"39\"],\"14\":\"\",\"11\":\"<p>This project was an initiative to launch a new, web-based subsidiary of a larger insurance company.<\\/p>\",\"7\":\"\",\"21\":\"<p>This project was an initiative to launch a new, web-based subsidiary of a larger insurance company.<\\/p>\",\"16\":[\"34\",\"36\",\"35\",\"38\",\"32\",\"37\",\"31\",\"33\"],\"19\":{\"date\":\"6\\/15\\/2015\"},\"17\":\"www.sayinsurance.com\",\"18\":\"https:\\/\\/\"}}', '2016-09-01 22:48:15', '2016-09-01 22:48:15', '111c409a-73f5-4d82-bb13-d1fece73cf9e'),
 ('88', '2', '1', '1', 'en_us', '5', '', '{\"typeId\":\"1\",\"authorId\":null,\"title\":\"Hello\",\"slug\":\"homepage\",\"postDate\":1453171596,\"expiryDate\":null,\"enabled\":1,\"parentId\":null,\"fields\":{\"1\":\"<p>I\'m Jim Christie. I\'m a web devoloper, an agile coach, a cyclist, and sometimes, an artist. As anyone who works on the internet should, I love cats.<\\/p>\\r\\n\\r\\n<p>I&nbsp;have over five years of web development experience. I lean strongly toward back end functionality of websites. I can do design, but I don\'t love it and, consequently, I\'m not the best at it.<\\/p>\\r\\n\\r\\n<p>I\'ve become a strong supporter of agile methodologies.<\\/p>\",\"27\":{\"new1\":{\"type\":\"skillStars\",\"enabled\":\"1\",\"fields\":{\"skill\":\"PHP\",\"skillStrength\":\"4\"}},\"new2\":{\"type\":\"skillStars\",\"enabled\":\"1\",\"fields\":{\"skill\":\"JavaScript\",\"skillStrength\":\"5\"}},\"new3\":{\"type\":\"skillStars\",\"enabled\":\"1\",\"fields\":{\"skill\":\"jQuery\",\"skillStrength\":\"5\"}}},\"2\":\"\",\"3\":\"\"}}', '2016-09-01 23:28:22', '2016-09-01 23:28:22', 'af5ab341-683a-4b57-aa79-90f21684bd6d'),
 ('89', '2', '1', '1', 'en_us', '6', '', '{\"typeId\":\"1\",\"authorId\":null,\"title\":\"Hello\",\"slug\":\"homepage\",\"postDate\":1453171596,\"expiryDate\":null,\"enabled\":1,\"parentId\":null,\"fields\":{\"1\":\"<p>I\'m Jim Christie. I\'m a web devoloper, an agile coach, a cyclist, and sometimes, an artist. As anyone who works on the internet should, I love cats.<\\/p>\\r\\n\\r\\n<p>I&nbsp;have over five years of web development experience. I lean strongly toward back end functionality of websites. I can do design, but I don\'t love it and, consequently, I\'m not the best at it.<\\/p>\\r\\n\\r\\n\\r\\n\\r\\n<p>I\'ve become a strong supporter of agile methodologies.<\\/p>\",\"27\":{\"46\":{\"type\":\"skillStars\",\"enabled\":\"1\",\"fields\":{\"skill\":\"PHP\",\"skillStrength\":\"4\"}},\"47\":{\"type\":\"skillStars\",\"enabled\":\"1\",\"fields\":{\"skill\":\"JavaScript\",\"skillStrength\":\"5\"}},\"48\":{\"type\":\"skillStars\",\"enabled\":\"1\",\"fields\":{\"skill\":\"jQuery\",\"skillStrength\":\"5\"}},\"new1\":{\"type\":\"skillStars\",\"enabled\":\"1\",\"fields\":{\"skill\":\"Scrum\",\"skillStrength\":\"4\"}}},\"2\":\"\",\"3\":\"\"}}', '2016-09-02 00:08:56', '2016-09-02 00:08:56', '3292ba93-41f6-482c-9f0e-274380b2663e'),
 ('90', '2', '1', '1', 'en_us', '7', '', '{\"typeId\":\"1\",\"authorId\":null,\"title\":\"Hello\",\"slug\":\"homepage\",\"postDate\":1453171596,\"expiryDate\":null,\"enabled\":1,\"parentId\":null,\"fields\":{\"1\":\"<p>I\'m Jim Christie. I\'m a web devoloper, an agile coach, a cyclist, and sometimes, an artist. As anyone who works on the internet should, I love cats.<\\/p>\\r\\n\\r\\n<p>I&nbsp;have over five years of web development experience. I lean strongly toward back end functionality of websites. I can do design, but I don\'t love it and, consequently, I\'m not the best at it.<\\/p>\\r\\n\\r\\n\\r\\n\\r\\n\\r\\n\\r\\n<p>I\'ve become a strong supporter of agile methodologies.<\\/p>\",\"27\":{\"46\":{\"type\":\"skillStars\",\"enabled\":\"1\",\"fields\":{\"skill\":\"PHP\",\"skillStrength\":\"4\"}},\"47\":{\"type\":\"skillStars\",\"enabled\":\"1\",\"fields\":{\"skill\":\"JavaScript\",\"skillStrength\":\"5\"}},\"48\":{\"type\":\"skillStars\",\"enabled\":\"1\",\"fields\":{\"skill\":\"jQuery\",\"skillStrength\":\"5\"}},\"49\":{\"type\":\"skillStars\",\"enabled\":\"1\",\"fields\":{\"skill\":\"Scrum\",\"skillStrength\":\"4\"}},\"new1\":{\"type\":\"skillStars\",\"enabled\":\"1\",\"fields\":{\"skill\":\"Angular\",\"skillStrength\":\"3\"}},\"new2\":{\"type\":\"skillStars\",\"enabled\":\"1\",\"fields\":{\"skill\":\"Extreme Programming\",\"skillStrength\":\"2\"}}},\"2\":\"\",\"3\":\"\"}}', '2016-09-02 00:12:17', '2016-09-02 00:12:17', '3e68ad95-2ba4-4a14-bfd0-8d82690ea520'),
 ('91', '2', '1', '1', 'en_us', '8', '', '{\"typeId\":\"1\",\"authorId\":null,\"title\":\"Hello\",\"slug\":\"homepage\",\"postDate\":1453171596,\"expiryDate\":null,\"enabled\":1,\"parentId\":null,\"fields\":{\"1\":\"<p>I\'m Jim Christie. I\'m a web devoloper, an agile coach, a cyclist, and sometimes, an artist. As anyone who works on the internet should, I love cats.<\\/p>\\r\\n\\r\\n<p>I&nbsp;have over five years of web development experience. I lean strongly toward back end functionality of websites. I can do design, but I don\'t love it and, consequently, I\'m not the best at it.<\\/p>\\r\\n\\r\\n\\r\\n\\r\\n\\r\\n\\r\\n\\r\\n\\r\\n<p>I\'ve become a strong supporter of agile methodologies.<\\/p>\",\"27\":{\"46\":{\"type\":\"skillStars\",\"enabled\":\"1\",\"fields\":{\"skill\":\"PHP\",\"skillStrength\":\"4\"}},\"47\":{\"type\":\"skillStars\",\"enabled\":\"1\",\"fields\":{\"skill\":\"JavaScript\",\"skillStrength\":\"5\"}},\"48\":{\"type\":\"skillStars\",\"enabled\":\"1\",\"fields\":{\"skill\":\"jQuery\",\"skillStrength\":\"5\"}},\"49\":{\"type\":\"skillStars\",\"enabled\":\"1\",\"fields\":{\"skill\":\"Scrum\",\"skillStrength\":\"4\"}},\"50\":{\"type\":\"skillStars\",\"enabled\":\"1\",\"fields\":{\"skill\":\"Angular\",\"skillStrength\":\"3\"}},\"51\":{\"type\":\"skillStars\",\"enabled\":\"1\",\"fields\":{\"skill\":\"XP\",\"skillStrength\":\"2\"}}},\"2\":\"\",\"3\":\"\"}}', '2016-09-02 00:12:53', '2016-09-02 00:12:53', '246bb306-471f-4f96-9b88-f176a58a3ed2'),
 ('92', '2', '1', '1', 'en_us', '9', '', '{\"typeId\":\"1\",\"authorId\":null,\"title\":\"Hello\",\"slug\":\"homepage\",\"postDate\":1453171596,\"expiryDate\":null,\"enabled\":1,\"parentId\":null,\"fields\":{\"1\":\"<p>I\'m Jim Christie. I\'m a web devoloper, an agile coach, a cyclist, and sometimes, an artist. As anyone who works on the internet should, I love cats.<\\/p>\\r\\n\\r\\n<p>I&nbsp;have over five years of web development experience. I lean strongly toward back end functionality of websites. I can do design, but I don\'t love it and, consequently, I\'m not the best at it.<\\/p>\\r\\n\\r\\n\\r\\n\\r\\n\\r\\n\\r\\n\\r\\n\\r\\n\\r\\n\\r\\n<p>I\'ve become a strong supporter of agile methodologies.<\\/p>\",\"27\":{\"46\":{\"type\":\"skillStars\",\"enabled\":\"1\",\"fields\":{\"skill\":\"PHP\",\"skillStrength\":\"4\"}},\"47\":{\"type\":\"skillStars\",\"enabled\":\"1\",\"fields\":{\"skill\":\"JavaScript\",\"skillStrength\":\"5\"}},\"48\":{\"type\":\"skillStars\",\"enabled\":\"1\",\"fields\":{\"skill\":\"jQuery\",\"skillStrength\":\"5\"}},\"49\":{\"type\":\"skillStars\",\"enabled\":\"1\",\"fields\":{\"skill\":\"Scrum\",\"skillStrength\":\"4\"}},\"50\":{\"type\":\"skillStars\",\"enabled\":\"1\",\"fields\":{\"skill\":\"Angular\",\"skillStrength\":\"3\"}},\"51\":{\"type\":\"skillStars\",\"enabled\":\"1\",\"fields\":{\"skill\":\"XP\",\"skillStrength\":\"2\"}},\"new1\":{\"type\":\"skillStars\",\"enabled\":\"1\",\"fields\":{\"skill\":\"Kanban\",\"skillStrength\":\"3\"}}},\"2\":\"\",\"3\":\"\"}}', '2016-09-02 00:14:24', '2016-09-02 00:14:24', 'd1e5d9b7-e005-4c77-bb16-20286e0af6e5'),
 ('93', '53', '9', '1', 'en_us', '1', '', '{\"typeId\":null,\"authorId\":\"1\",\"title\":\"Agile Dev West\",\"slug\":\"agile-dev-west\",\"postDate\":1472776606,\"expiryDate\":null,\"enabled\":1,\"parentId\":null,\"fields\":{\"26\":{\"date\":\"6\\/4\\/2016\"},\"17\":\"adcwest.techwell.com\",\"18\":\"https:\\/\\/\"}}', '2016-09-02 00:36:46', '2016-09-02 00:36:46', 'efc51adb-7cd8-4668-b444-e67670d19c0e'),
 ('94', '54', '9', '1', 'en_us', '1', '', '{\"typeId\":null,\"authorId\":\"1\",\"title\":\"Agile Gravy\",\"slug\":\"agile-gravy\",\"postDate\":1472776660,\"expiryDate\":null,\"enabled\":1,\"parentId\":null,\"fields\":{\"26\":{\"date\":\"9\\/29\\/2016\"},\"17\":\"http:\\/\\/agilegravyinc.com\\/\",\"18\":\"http:\\/\\/\"}}', '2016-09-02 00:37:40', '2016-09-02 00:37:40', 'd6fc8fae-2bbc-4718-aa2d-7f0d99eee479'),
 ('95', '43', '4', '1', 'en_us', '8', '', '{\"typeId\":\"4\",\"authorId\":\"1\",\"title\":\"Daniel Boone Regional Library\",\"slug\":\"daniel-boone-regional-library\",\"postDate\":1472700960,\"expiryDate\":null,\"enabled\":1,\"parentId\":null,\"fields\":{\"1\":\"<p>Stuff<\\/p>\",\"20\":{\"date\":\"6\\/15\\/2015\"},\"15\":\"1\",\"12\":[\"9\"],\"14\":\"up down\",\"11\":\"<p>Blah, lbah.<\\/p>\",\"7\":[\"27\"],\"21\":\"<p>Yada, yada.<\\/p>\",\"16\":[\"31\",\"40\",\"41\",\"32\",\"42\"],\"19\":{\"date\":\"8\\/1\\/2013\"},\"17\":\"www.dbrl.org\",\"18\":\"http:\\/\\/\"}}', '2016-09-03 00:13:34', '2016-09-03 00:13:34', 'c7625d42-8513-4f12-8920-6e6c7530b68d'),
 ('96', '30', '4', '1', 'en_us', '14', '', '{\"typeId\":\"4\",\"authorId\":\"1\",\"title\":\"Say Insurance\",\"slug\":\"say-insurance\",\"postDate\":1433118900,\"expiryDate\":null,\"enabled\":1,\"parentId\":null,\"fields\":{\"1\":\"<p>This project was an initiative to launch a new, web-based subsidiary of a larger insurance company.<\\/p>\\r\\n\\r\\n<p>The company used this initiative to experiment with new technologies and&nbsp;workflow methodologies. Among these new technologies and methodologies are:<\\/p>\\r\\n\\r\\n\\r\\n\\r\\n\\r\\n\\r\\n\\r\\n\\r\\n\\r\\n\\r\\n\\r\\n\\r\\n\\r\\n\\r\\n<p>New to me:<\\/p>\\r\\n\\r\\n\\r\\n\\r\\n\\r\\n\\r\\n\\r\\n\\r\\n\\r\\n\\r\\n\\r\\n\\r\\n\\r\\n\\r\\n<ul><li>PHPUnit<\\/li><li>Jasmine unit testing framework<\\/li><\\/ul>\\r\\n\\r\\n<p>New to the company:<\\/p>\\r\\n\\r\\n\\r\\n\\r\\n\\r\\n\\r\\n\\r\\n\\r\\n\\r\\n\\r\\n\\r\\n\\r\\n\\r\\n\\r\\n<ul><li>Linux<\\/li><li>MySQL<\\/li><li>PHP<\\/li><\\/ul>\\r\\n\\r\\n<p>New to everyone involved:<\\/p>\\r\\n\\r\\n\\r\\n\\r\\n\\r\\n\\r\\n\\r\\n\\r\\n\\r\\n\\r\\n\\r\\n\\r\\n\\r\\n\\r\\n<ul><li>Agile, specifically&nbsp;Scrum<\\/li><li>Craft CMS<\\/li><li>Amazon Web Services<\\/li><li>Angular<\\/li><\\/ul>\\r\\n\\r\\n<p>As a result of these experiments, I&nbsp;have grown as a developer and a coworker in leaps and bounds. Most notably, I&nbsp;discovered agile methodologies. Upon discovering Scrum, I quickly began to read everything I could find on agile and Scrum. I went to <a href=\\\"https:\\/\\/adcwest.techwell.com\\/\\\" target=\\\"_blank\\\">Agile Dev West<\\/a> and&nbsp;<a href=\\\"http:\\/\\/agilegravyinc.com\\/\\\" target=\\\"_blank\\\">Agile Gravy<\\/a>,&nbsp;became&nbsp;a <a href=\\\"https:\\/\\/www.scrumalliance.org\\/certifications\\/practitioners\\/cspo-certification\\\" target=\\\"_blank\\\">Certified Scrum Product Owner<\\/a> and <a href=\\\"https:\\/\\/www.scrumalliance.org\\/certifications\\/practitioners\\/certified-scrummaster-csm\\\" target=\\\"_blank\\\">Certified ScrumMaster<sup>\\u00ae<\\/sup><\\/a> through&nbsp;<a href=\\\"https:\\/\\/www.scrumalliance.org\\/\\\" target=\\\"_blank\\\">Scrum Alliance<\\/a>, and joined a local agile users\' group.I&nbsp;quickly began to advise my team on how to better apply these methodologies, and to the organization at large through feedback to the agile coaches guiding the organizational agile transformation.<\\/p>\\r\\n\\r\\n\\r\\n\\r\\n\\r\\n\\r\\n<p>From a technical perspective, I&nbsp;grew in several ways.&nbsp;Though the site utilized the <a href=\\\"https:\\/\\/craftcms.com\\/\\\">Craft&nbsp;CMS<\\/a>&nbsp;to a degree, much of the initial&nbsp;development we were doing did not utilize the CMS. The lion\'s share of the initial work involved building&nbsp;a custom plugin for generating insurance quotes via calls to APIs built by other teams within the organization. This work afforded me the opportunity to use PHP&nbsp;in ways that I&nbsp;had not known it was capable, specifically using it as a middle layer between an Angular front end and the APIs.<\\/p>\\r\\n\\r\\n\\r\\n\\r\\n\\r\\n\\r\\n<p>As this initial setup tapered off, we began to tie the content of our site into Craft. As we did so,&nbsp;I&nbsp;developed a great appreciation for&nbsp;Craft. We utilized every feature of Craft&nbsp;<br><\\/p>\",\"20\":{\"date\":\"\"},\"15\":\"1\",\"12\":[\"39\"],\"14\":\"\",\"11\":\"<p>This project was an initiative to launch a new, web-based subsidiary of a larger insurance company.<\\/p>\",\"7\":\"\",\"21\":\"<p>This project was an initiative to launch a new, web-based subsidiary of a larger insurance company.<\\/p>\",\"16\":[\"34\",\"36\",\"35\",\"38\",\"32\",\"37\",\"31\",\"33\"],\"19\":{\"date\":\"6\\/15\\/2015\"},\"17\":\"www.sayinsurance.com\",\"18\":\"https:\\/\\/\"}}', '2016-09-03 00:13:43', '2016-09-03 00:13:43', '95c0eaf6-1447-43de-9679-4557aae870ec'),
 ('97', '43', '4', '1', 'en_us', '9', '', '{\"typeId\":\"4\",\"authorId\":\"1\",\"title\":\"Daniel Boone Regional Library\",\"slug\":\"daniel-boone-regional-library\",\"postDate\":1472700960,\"expiryDate\":null,\"enabled\":1,\"parentId\":null,\"fields\":{\"1\":\"<p>Stuff<\\/p>\",\"20\":{\"date\":\"6\\/15\\/2015\"},\"15\":\"1\",\"12\":[\"9\"],\"14\":\"up down\",\"11\":\"\",\"7\":[\"27\"],\"21\":\"<p>Yada, yada.<\\/p>\",\"16\":[\"31\",\"40\",\"41\",\"32\",\"42\"],\"19\":{\"date\":\"8\\/1\\/2013\"},\"17\":\"www.dbrl.org\",\"18\":\"http:\\/\\/\"}}', '2016-09-03 00:41:55', '2016-09-03 00:41:55', '7e53005d-baec-480f-a58a-9cd748bb2b9b'),
 ('98', '30', '4', '1', 'en_us', '15', '', '{\"typeId\":\"4\",\"authorId\":\"1\",\"title\":\"Say Insurance\",\"slug\":\"say-insurance\",\"postDate\":1433118900,\"expiryDate\":null,\"enabled\":1,\"parentId\":null,\"fields\":{\"1\":\"<p>This project was an initiative to launch a new, web-based subsidiary of a larger insurance company.<\\/p>\\r\\n\\r\\n<p>The company used this initiative to experiment with new technologies and&nbsp;workflow methodologies. Among these new technologies and methodologies are:<\\/p>\\r\\n\\r\\n\\r\\n\\r\\n\\r\\n\\r\\n\\r\\n\\r\\n\\r\\n\\r\\n\\r\\n\\r\\n\\r\\n\\r\\n\\r\\n\\r\\n<p>New to me:<\\/p>\\r\\n\\r\\n\\r\\n\\r\\n\\r\\n\\r\\n\\r\\n\\r\\n\\r\\n\\r\\n\\r\\n\\r\\n\\r\\n\\r\\n\\r\\n\\r\\n<ul><li>PHPUnit<\\/li><li>Jasmine unit testing framework<\\/li><\\/ul>\\r\\n\\r\\n<p>New to the company:<\\/p>\\r\\n\\r\\n\\r\\n\\r\\n\\r\\n\\r\\n\\r\\n\\r\\n\\r\\n\\r\\n\\r\\n\\r\\n\\r\\n\\r\\n\\r\\n\\r\\n<ul><li>Linux<\\/li><li>MySQL<\\/li><li>PHP<\\/li><\\/ul>\\r\\n\\r\\n<p>New to everyone involved:<\\/p>\\r\\n\\r\\n\\r\\n\\r\\n\\r\\n\\r\\n\\r\\n\\r\\n\\r\\n\\r\\n\\r\\n\\r\\n\\r\\n\\r\\n\\r\\n\\r\\n<ul><li>Agile, specifically&nbsp;Scrum<\\/li><li>Craft CMS<\\/li><li>Amazon Web Services<\\/li><li>Angular<\\/li><\\/ul>\\r\\n\\r\\n<p>As a result of these experiments, I&nbsp;have grown as a developer and a coworker in leaps and bounds. Most notably, I&nbsp;discovered agile methodologies. Upon discovering Scrum, I quickly began to read everything I could find on agile and Scrum. I went to <a href=\\\"https:\\/\\/adcwest.techwell.com\\/\\\" target=\\\"_blank\\\">Agile Dev West<\\/a> and&nbsp;<a href=\\\"http:\\/\\/agilegravyinc.com\\/\\\" target=\\\"_blank\\\">Agile Gravy<\\/a>,&nbsp;became&nbsp;a <a href=\\\"https:\\/\\/www.scrumalliance.org\\/certifications\\/practitioners\\/cspo-certification\\\" target=\\\"_blank\\\">Certified Scrum Product Owner<\\/a> and <a href=\\\"https:\\/\\/www.scrumalliance.org\\/certifications\\/practitioners\\/certified-scrummaster-csm\\\" target=\\\"_blank\\\">Certified ScrumMaster<sup>\\u00ae<\\/sup><\\/a> through&nbsp;<a href=\\\"https:\\/\\/www.scrumalliance.org\\/\\\" target=\\\"_blank\\\">Scrum Alliance<\\/a>, and joined a local agile users\' group.I&nbsp;quickly began to advise my team on how to better apply these methodologies, and to the organization at large through feedback to the agile coaches guiding the organizational agile transformation.<\\/p>\\r\\n\\r\\n\\r\\n\\r\\n\\r\\n\\r\\n\\r\\n\\r\\n<p>From a technical perspective, I&nbsp;grew in several ways.&nbsp;Though the site utilized the <a href=\\\"https:\\/\\/craftcms.com\\/\\\">Craft&nbsp;CMS<\\/a>&nbsp;to a degree, much of the initial&nbsp;development we were doing did not utilize the CMS. The lion\'s share of the initial work involved building&nbsp;a custom plugin for generating insurance quotes via calls to APIs built by other teams within the organization. This work afforded me the opportunity to use PHP&nbsp;in ways that I&nbsp;had not known it was capable, specifically using it as a middle layer between an Angular front end and the APIs.<\\/p>\\r\\n\\r\\n\\r\\n\\r\\n\\r\\n\\r\\n\\r\\n\\r\\n<p>As this initial setup tapered off, we began to tie the content of our site into Craft. As we did so,&nbsp;I&nbsp;developed a great appreciation for&nbsp;Craft. We utilized every feature of Craft&nbsp;<br><\\/p>\",\"20\":{\"date\":\"\"},\"15\":\"1\",\"12\":[\"39\"],\"14\":\"\",\"11\":\"<p>This project was an initiative to launch a new, web-based subsidiary of a larger insurance company.&nbsp;I would like to give you a backstage pass to my imagination. I wrestled a bear once. A 750lbs black bear. Go with the feeling of the nature. Take it easy. Know why you\'re here. And remeber to balance your internal energy with the environment.<\\/p>\",\"7\":\"\",\"21\":\"<p>This project was an initiative to launch a new, web-based subsidiary of a larger insurance company.<\\/p>\",\"16\":[\"34\",\"36\",\"35\",\"38\",\"32\",\"37\",\"31\",\"33\"],\"19\":{\"date\":\"6\\/15\\/2015\"},\"17\":\"www.sayinsurance.com\",\"18\":\"https:\\/\\/\"}}', '2016-09-03 03:22:16', '2016-09-03 03:22:16', '829e5dda-3e9d-405c-9d15-de0416f9b4fa'),
 ('99', '30', '4', '1', 'en_us', '16', '', '{\"typeId\":\"4\",\"authorId\":\"1\",\"title\":\"Say Insurance\",\"slug\":\"say-insurance\",\"postDate\":1433118900,\"expiryDate\":null,\"enabled\":1,\"parentId\":null,\"fields\":{\"1\":\"<p>This project was an initiative to launch a new, web-based subsidiary of a larger insurance company.<\\/p>\\r\\n\\r\\n<p>The company used this initiative to experiment with new technologies and&nbsp;workflow methodologies. Among these new technologies and methodologies are:<\\/p>\\r\\n\\r\\n\\r\\n\\r\\n\\r\\n\\r\\n\\r\\n\\r\\n\\r\\n\\r\\n\\r\\n\\r\\n\\r\\n\\r\\n\\r\\n\\r\\n\\r\\n\\r\\n<p>New to me:<\\/p>\\r\\n\\r\\n\\r\\n\\r\\n\\r\\n\\r\\n\\r\\n\\r\\n\\r\\n\\r\\n\\r\\n\\r\\n\\r\\n\\r\\n\\r\\n\\r\\n\\r\\n\\r\\n<ul><li>PHPUnit<\\/li><li>Jasmine unit testing framework<\\/li><\\/ul>\\r\\n\\r\\n<p>New to the company:<\\/p>\\r\\n\\r\\n\\r\\n\\r\\n\\r\\n\\r\\n\\r\\n\\r\\n\\r\\n\\r\\n\\r\\n\\r\\n\\r\\n\\r\\n\\r\\n\\r\\n\\r\\n\\r\\n<ul><li>Linux<\\/li><li>MySQL<\\/li><li>PHP<\\/li><\\/ul>\\r\\n\\r\\n<p>New to everyone involved:<\\/p>\\r\\n\\r\\n\\r\\n\\r\\n\\r\\n\\r\\n\\r\\n\\r\\n\\r\\n\\r\\n\\r\\n\\r\\n\\r\\n\\r\\n\\r\\n\\r\\n\\r\\n\\r\\n<ul><li>Agile, specifically&nbsp;Scrum<\\/li><li>Craft CMS<\\/li><li>Amazon Web Services<\\/li><li>Angular<\\/li><\\/ul>\\r\\n\\r\\n<p>As a result of these experiments, I&nbsp;have grown as a developer and a coworker in leaps and bounds. Most notably, I&nbsp;discovered agile methodologies. Upon discovering Scrum, I quickly began to read everything I could find on agile and Scrum. I went to <a href=\\\"https:\\/\\/adcwest.techwell.com\\/\\\" target=\\\"_blank\\\">Agile Dev West<\\/a> and&nbsp;<a href=\\\"http:\\/\\/agilegravyinc.com\\/\\\" target=\\\"_blank\\\">Agile Gravy<\\/a>,&nbsp;became&nbsp;a <a href=\\\"https:\\/\\/www.scrumalliance.org\\/certifications\\/practitioners\\/cspo-certification\\\" target=\\\"_blank\\\">Certified Scrum Product Owner<\\/a> and <a href=\\\"https:\\/\\/www.scrumalliance.org\\/certifications\\/practitioners\\/certified-scrummaster-csm\\\" target=\\\"_blank\\\">Certified ScrumMaster<sup>\\u00ae<\\/sup><\\/a> through&nbsp;<a href=\\\"https:\\/\\/www.scrumalliance.org\\/\\\" target=\\\"_blank\\\">Scrum Alliance<\\/a>, and joined a local agile users\' group.I&nbsp;quickly began to advise my team on how to better apply these methodologies, and to the organization at large through feedback to the agile coaches guiding the organizational agile transformation.<\\/p>\\r\\n\\r\\n\\r\\n\\r\\n\\r\\n\\r\\n\\r\\n\\r\\n\\r\\n\\r\\n<p>From a technical perspective, I&nbsp;grew in several ways.&nbsp;Though the site utilized the <a href=\\\"https:\\/\\/craftcms.com\\/\\\">Craft&nbsp;CMS<\\/a>&nbsp;to a degree, much of the initial&nbsp;development we were doing did not utilize the CMS. The lion\'s share of the initial work involved building&nbsp;a custom plugin for generating insurance quotes via calls to APIs built by other teams within the organization. This work afforded me the opportunity to use PHP&nbsp;in ways that I&nbsp;had not known it was capable, specifically using it as a middle layer between an Angular front end and the APIs.<\\/p>\\r\\n\\r\\n\\r\\n\\r\\n\\r\\n\\r\\n\\r\\n\\r\\n\\r\\n\\r\\n<p>As this initial setup tapered off, we began to tie the content of our site into Craft. As we did so,&nbsp;I&nbsp;developed a great appreciation for&nbsp;Craft. We utilized every feature of Craft&nbsp;<br><\\/p>\",\"20\":{\"date\":\"\"},\"15\":\"1\",\"12\":[\"39\"],\"14\":\"\",\"11\":\"<p>This project was an initiative to launch a new, web-based subsidiary of a larger insurance company.&nbsp;<\\/p>\",\"7\":\"\",\"21\":\"<p>This project was an initiative to launch a new, web-based subsidiary of a larger insurance company.<\\/p>\",\"16\":[\"34\",\"36\",\"35\",\"38\",\"32\",\"37\",\"31\",\"33\"],\"19\":{\"date\":\"6\\/15\\/2015\"},\"17\":\"www.sayinsurance.com\",\"18\":\"https:\\/\\/\"}}', '2016-09-03 03:40:51', '2016-09-03 03:40:51', '57446049-b57f-4f39-a3f9-fcc7952a5d28'),
 ('100', '43', '4', '1', 'en_us', '10', '', '{\"typeId\":\"4\",\"authorId\":\"1\",\"title\":\"Daniel Boone Regional Library\",\"slug\":\"daniel-boone-regional-library\",\"postDate\":1472700960,\"expiryDate\":null,\"enabled\":1,\"parentId\":null,\"fields\":{\"1\":\"<p>Stuff<\\/p>\",\"20\":{\"date\":\"6\\/15\\/2015\"},\"15\":\"1\",\"12\":[\"55\"],\"14\":\"up down\",\"11\":\"\",\"7\":\"\",\"21\":\"<p>Yada, yada.<\\/p>\",\"16\":[\"31\",\"40\",\"41\",\"32\",\"42\"],\"19\":{\"date\":\"8\\/1\\/2013\"},\"17\":\"www.dbrl.org\",\"18\":\"http:\\/\\/\"}}', '2016-09-03 07:53:04', '2016-09-03 07:53:04', '56688611-122d-43c9-96dd-71b4e2e83b3d'),
 ('101', '4', '2', '1', 'en_us', '16', '', '{\"typeId\":\"8\",\"authorId\":\"1\",\"title\":\"It\'s Business Time\",\"slug\":\"new-test-entry\",\"postDate\":1467137940,\"expiryDate\":null,\"enabled\":1,\"parentId\":null,\"fields\":{\"1\":\"<p>I\'m just checking out craft. I can\'t figure out how to add an image to my post.<\\/p>\\r\\n\\r\\n<p>Paragraph 2<\\/p>\\r\\n\\r\\n\\r\\n\\r\\n\\r\\n\\r\\n\\r\\n\\r\\n\\r\\n\\r\\n\\r\\n\\r\\n\\r\\n\\r\\n\\r\\n\\r\\n\\r\\n\\r\\n<p><br><\\/p>\\r\\n\\r\\n\\r\\n\\r\\n\\r\\n\\r\\n\\r\\n\\r\\n\\r\\n\\r\\n\\r\\n\\r\\n\\r\\n\\r\\n\\r\\n\\r\\n\\r\\n\\r\\n<p><br><\\/p>\",\"30\":[\"45\",\"44\"],\"15\":\"1\",\"12\":[\"9\"],\"14\":\"\",\"11\":\"<p>The magic Indian is a mysterious spiritual force, and we\'re going to Cathedral Rock, and that\'s the vortex of the heart. I wrestled a bear once. A 750lbs black bear. I wrestled a bear once. A 750lbs black bear.<\\/p>\\r\\n\\r\\n<p>I wrestled a bear once. A 750lbs black bear. Listen to the silence. And when the silence is deafening, you\'re in the center of your own universe. Go with the feeling of the nature. Take it easy. Know why you\'re here. And remeber to balance your internal energy with the environment.<\\/p>\",\"2\":\"\",\"3\":[\"9\",\"11\"]}}', '2016-09-05 01:34:05', '2016-09-05 01:34:05', '081d45b1-b6d8-4d5d-9130-36a9719c0ba3'),
 ('102', '56', '10', '1', 'en_us', '1', '', '{\"typeId\":\"16\",\"authorId\":\"1\",\"title\":\"Angular\",\"slug\":\"angular\",\"postDate\":1473044456,\"expiryDate\":null,\"enabled\":1,\"parentId\":null,\"fields\":{\"19\":{\"date\":\"6\\/6\\/2015\"},\"31\":\"3\"}}', '2016-09-05 03:00:56', '2016-09-05 03:00:56', 'bee77e41-3f7d-4c47-a86a-4ec2ac8a8b3b');
INSERT INTO `craft_entryversions` (`id`, `entryId`, `sectionId`, `creatorId`, `locale`, `num`, `notes`, `data`, `dateCreated`, `dateUpdated`, `uid`) VALUES
 ('103', '57', '10', '1', 'en_us', '1', '', '{\"typeId\":\"16\",\"authorId\":\"1\",\"title\":\"JavaScript\",\"slug\":\"javascript\",\"postDate\":1473044503,\"expiryDate\":null,\"enabled\":1,\"parentId\":null,\"fields\":{\"19\":{\"date\":\"6\\/1\\/2014\"},\"31\":\"5\"}}', '2016-09-05 03:01:43', '2016-09-05 03:01:43', '92b45498-26c5-497a-b9b7-6e92befa3ceb'),
 ('104', '57', '10', '1', 'en_us', '2', '', '{\"typeId\":\"16\",\"authorId\":\"1\",\"title\":\"JavaScript\",\"slug\":\"javascript\",\"postDate\":1473044460,\"expiryDate\":null,\"enabled\":1,\"parentId\":null,\"fields\":{\"19\":{\"date\":\"6\\/1\\/2014\"},\"31\":\"5\"}}', '2016-09-05 03:02:00', '2016-09-05 03:02:00', '7c33eed8-c93b-4f02-a467-dd9d9cedc36b'),
 ('105', '56', '10', '1', 'en_us', '2', '', '{\"typeId\":\"19\",\"authorId\":\"1\",\"title\":\"Angular\",\"slug\":\"angular\",\"postDate\":1473044400,\"expiryDate\":null,\"enabled\":1,\"parentId\":null,\"fields\":{\"19\":{\"date\":\"6\\/6\\/2015\"},\"31\":\"3\"}}', '2016-09-05 03:02:07', '2016-09-05 03:02:07', '20b211db-f160-4cef-aace-7f6c2f05e2be'),
 ('106', '58', '10', '1', 'en_us', '1', '', '{\"typeId\":\"19\",\"authorId\":\"1\",\"title\":\"jQuery\",\"slug\":\"jquery\",\"postDate\":1473044555,\"expiryDate\":null,\"enabled\":1,\"parentId\":null,\"fields\":{\"19\":{\"date\":\"6\\/1\\/2012\"},\"31\":\"5\"}}', '2016-09-05 03:02:35', '2016-09-05 03:02:35', 'a0aa6169-fc22-431c-be5e-cbf3efd0bba1'),
 ('107', '59', '10', '1', 'en_us', '1', '', '{\"typeId\":\"16\",\"authorId\":\"1\",\"title\":\"PHP\",\"slug\":\"php\",\"postDate\":1473044573,\"expiryDate\":null,\"enabled\":1,\"parentId\":null,\"fields\":{\"19\":{\"date\":\"1\\/1\\/2015\"},\"31\":\"4\"}}', '2016-09-05 03:02:53', '2016-09-05 03:02:53', '48aa453f-6d65-4d08-9867-7f9ca6f5732d'),
 ('108', '57', '10', '1', 'en_us', '3', '', '{\"typeId\":\"16\",\"authorId\":\"1\",\"title\":\"JavaScript\",\"slug\":\"javascript\",\"postDate\":1473044460,\"expiryDate\":null,\"enabled\":1,\"parentId\":null,\"fields\":{\"19\":{\"date\":\"6\\/1\\/2014\"},\"31\":\"5\"}}', '2016-09-05 03:02:59', '2016-09-05 03:02:59', '669faca3-cdb9-4dc1-b502-b7ee7f6435c8'),
 ('109', '60', '10', '1', 'en_us', '1', '', '{\"typeId\":\"18\",\"authorId\":\"1\",\"title\":\"Scrum\",\"slug\":\"scrum\",\"postDate\":1473044601,\"expiryDate\":null,\"enabled\":1,\"parentId\":null,\"fields\":{\"19\":{\"date\":\"6\\/1\\/2015\"},\"31\":\"4\"}}', '2016-09-05 03:03:21', '2016-09-05 03:03:21', '2414cec7-437c-4e8c-9726-cb2803e539b0'),
 ('110', '61', '10', '1', 'en_us', '1', '', '{\"typeId\":\"18\",\"authorId\":\"1\",\"title\":\"Kanban\",\"slug\":\"kanban\",\"postDate\":1473044651,\"expiryDate\":null,\"enabled\":1,\"parentId\":null,\"fields\":{\"19\":{\"date\":\"9\\/1\\/2015\"},\"31\":\"3\"}}', '2016-09-05 03:04:11', '2016-09-05 03:04:11', '169db4ba-a527-4f24-9230-e96f66454bcc'),
 ('111', '61', '10', '1', 'en_us', '2', '', '{\"typeId\":\"18\",\"authorId\":\"1\",\"title\":\"Kanban\",\"slug\":\"kanban\",\"postDate\":1473044640,\"expiryDate\":null,\"enabled\":1,\"parentId\":null,\"fields\":{\"19\":{\"date\":\"9\\/1\\/2015\"},\"31\":\"3\"}}', '2016-09-05 03:04:21', '2016-09-05 03:04:21', '4870e9c7-0056-4d91-8cb0-4bb780e1e730'),
 ('112', '62', '10', '1', 'en_us', '1', '', '{\"typeId\":\"18\",\"authorId\":\"1\",\"title\":\"XP\",\"slug\":\"xp\",\"postDate\":1473044696,\"expiryDate\":null,\"enabled\":1,\"parentId\":null,\"fields\":{\"19\":{\"date\":\"6\\/1\\/2016\"},\"31\":\"2\"}}', '2016-09-05 03:04:56', '2016-09-05 03:04:56', 'fcb5fc48-4be3-4dc5-8d0b-9f92c237cdc2'),
 ('113', '56', '10', '1', 'en_us', '3', '', '{\"typeId\":\"19\",\"authorId\":\"1\",\"title\":\"Angular\",\"slug\":\"angular\",\"postDate\":1473044400,\"expiryDate\":null,\"enabled\":1,\"parentId\":null,\"fields\":{\"19\":{\"date\":\"6\\/6\\/2015\"},\"31\":\"3\"}}', '2016-09-05 03:06:54', '2016-09-05 03:06:54', '485cb196-039c-45cb-9981-e2166667fd48');



DROP TABLE IF EXISTS `craft_fieldgroups`;


--
-- Schema for table `craft_fieldgroups`
--
CREATE TABLE `craft_fieldgroups` (
  `id` int(11) NOT NULL AUTO_INCREMENT,
  `name` varchar(255) COLLATE utf8_unicode_ci NOT NULL,
  `dateCreated` datetime NOT NULL,
  `dateUpdated` datetime NOT NULL,
  `uid` char(36) COLLATE utf8_unicode_ci NOT NULL DEFAULT '0',
  PRIMARY KEY (`id`),
  UNIQUE KEY `craft_fieldgroups_name_unq_idx` (`name`)
) ENGINE=InnoDB AUTO_INCREMENT=13 DEFAULT CHARSET=utf8 COLLATE=utf8_unicode_ci;

--
-- Data for table `craft_fieldgroups`
--

INSERT INTO `craft_fieldgroups` (`id`, `name`, `dateCreated`, `dateUpdated`, `uid`) VALUES
 ('1', 'Blog', '2015-12-05 19:12:27', '2016-08-21 22:55:42', 'c0826702-39cb-4aa2-bf41-29df38abcbff'),
 ('3', 'Artwork Metadata', '2016-06-28 19:29:08', '2016-06-28 19:29:31', 'f04938a4-776a-486a-8730-73f334e8d286'),
 ('4', 'Artwork Display Settings', '2016-08-20 15:15:18', '2016-08-20 15:15:18', 'a6db787d-b77a-4a02-bbc1-5a5f13663c82'),
 ('5', 'Blog Display Settings', '2016-08-21 22:42:56', '2016-08-21 22:42:56', 'b1956940-ad2e-4e19-9770-ac5069547e21'),
 ('6', 'Display Settings', '2016-08-30 00:10:36', '2016-08-30 00:10:36', '4d68950c-bc08-414d-96c1-5f728a8f590b'),
 ('7', 'Web Development', '2016-08-30 00:24:38', '2016-08-30 00:32:03', '89226a82-8bf2-4a1d-bfe7-515c9ca6aacb'),
 ('8', 'Featured Image', '2016-08-30 00:25:58', '2016-08-30 00:25:58', '4b957632-76b5-4199-b2d5-9cab0503348e'),
 ('9', 'Certifications', '2016-09-01 22:10:45', '2016-09-01 22:10:45', '9aae5efb-9d7e-44d9-b79b-72a8da53883e'),
 ('10', 'Conferences', '2016-09-01 22:34:36', '2016-09-01 22:34:36', '68dda455-6584-464b-80aa-b9d382a397a0'),
 ('11', 'Home', '2016-09-01 23:20:03', '2016-09-01 23:20:03', 'd7729143-498a-496b-8053-b40b67bb9b0d'),
 ('12', 'Skills', '2016-09-05 02:53:29', '2016-09-05 02:53:29', '003650eb-a1ed-44e0-854c-a93b21335783');



DROP TABLE IF EXISTS `craft_fieldlayoutfields`;


--
-- Schema for table `craft_fieldlayoutfields`
--
CREATE TABLE `craft_fieldlayoutfields` (
  `id` int(11) NOT NULL AUTO_INCREMENT,
  `layoutId` int(11) NOT NULL,
  `tabId` int(11) NOT NULL,
  `fieldId` int(11) NOT NULL,
  `required` tinyint(1) unsigned NOT NULL DEFAULT '0',
  `sortOrder` smallint(6) unsigned DEFAULT NULL,
  `dateCreated` datetime NOT NULL,
  `dateUpdated` datetime NOT NULL,
  `uid` char(36) COLLATE utf8_unicode_ci NOT NULL DEFAULT '0',
  PRIMARY KEY (`id`),
  UNIQUE KEY `craft_fieldlayoutfields_layoutId_fieldId_unq_idx` (`layoutId`,`fieldId`),
  KEY `craft_fieldlayoutfields_sortOrder_idx` (`sortOrder`),
  KEY `craft_fieldlayoutfields_tabId_fk` (`tabId`),
  KEY `craft_fieldlayoutfields_fieldId_fk` (`fieldId`)
) ENGINE=InnoDB AUTO_INCREMENT=334 DEFAULT CHARSET=utf8 COLLATE=utf8_unicode_ci;

--
-- Data for table `craft_fieldlayoutfields`
--

INSERT INTO `craft_fieldlayoutfields` (`id`, `layoutId`, `tabId`, `fieldId`, `required`, `sortOrder`, `dateCreated`, `dateUpdated`, `uid`) VALUES
 ('229', '104', '75', '1', '0', '1', '2016-08-31 00:39:02', '2016-08-31 00:39:02', 'ed1d3c36-eb9b-4691-b891-cfef0cc2578f'),
 ('230', '104', '75', '7', '0', '2', '2016-08-31 00:39:02', '2016-08-31 00:39:02', '5e09bff1-6483-4912-8770-70510c03669a'),
 ('231', '104', '75', '16', '0', '3', '2016-08-31 00:39:02', '2016-08-31 00:39:02', 'ffdab309-76c5-4e68-a3a4-338d94a5707b'),
 ('232', '104', '75', '19', '0', '4', '2016-08-31 00:39:02', '2016-08-31 00:39:02', '9ae3989d-aa60-40ec-be2c-7314e80b2ace'),
 ('233', '104', '75', '20', '0', '5', '2016-08-31 00:39:02', '2016-08-31 00:39:02', '4fdaa746-cb05-41ac-823c-f648ab6f9d87'),
 ('234', '104', '75', '18', '0', '6', '2016-08-31 00:39:02', '2016-08-31 00:39:02', 'bd3bce80-d69b-4e14-a18f-b06f63033e0d'),
 ('235', '104', '75', '17', '0', '7', '2016-08-31 00:39:02', '2016-08-31 00:39:02', '045e97d9-63c7-4445-96a1-f0fbfebf0b7e'),
 ('236', '104', '76', '11', '0', '1', '2016-08-31 00:39:02', '2016-08-31 00:39:02', '2ce3ac43-1bd2-4ea4-b4be-331eeb83d531'),
 ('237', '104', '76', '21', '0', '2', '2016-08-31 00:39:02', '2016-08-31 00:39:02', '268fe62c-3fe4-4b2b-b154-2095b7e4acc0'),
 ('238', '104', '77', '12', '0', '1', '2016-08-31 00:39:02', '2016-08-31 00:39:02', '7e8ec8ab-639b-4f6d-9c51-23992fd16165'),
 ('239', '104', '77', '14', '0', '2', '2016-08-31 00:39:02', '2016-08-31 00:39:02', 'e57eadb2-b6a1-4223-91f4-3c647e7d95db'),
 ('240', '104', '78', '15', '0', '1', '2016-08-31 00:39:02', '2016-08-31 00:39:02', '772bdd4e-9c22-4c59-b2cf-7de33e20fad7'),
 ('242', '107', '80', '7', '0', '1', '2016-09-01 02:13:44', '2016-09-01 02:13:44', '7f5f5712-6a3c-459b-b662-ae37924e3696'),
 ('243', '107', '80', '6', '0', '2', '2016-09-01 02:13:44', '2016-09-01 02:13:44', '2eeb61b2-94a3-4313-ae5a-3473f6076648'),
 ('244', '107', '80', '5', '0', '3', '2016-09-01 02:13:44', '2016-09-01 02:13:44', 'b4a3d67d-c600-4bd3-948c-c8c7adf26a9c'),
 ('245', '107', '80', '4', '0', '4', '2016-09-01 02:13:44', '2016-09-01 02:13:44', '59ba47a1-f906-4545-870e-e042600df5d4'),
 ('246', '107', '81', '15', '0', '1', '2016-09-01 02:13:44', '2016-09-01 02:13:44', '3c0bcc7d-ff77-46cc-8dee-d2b6bc2aeda8'),
 ('247', '107', '81', '14', '0', '2', '2016-09-01 02:13:44', '2016-09-01 02:13:44', '79b1a30e-0f33-4d18-817c-77bf4f184fdc'),
 ('248', '107', '81', '22', '0', '3', '2016-09-01 02:13:44', '2016-09-01 02:13:44', 'd551efb4-9ea2-44dc-968c-c4d9a4d6cb83'),
 ('249', '108', '82', '7', '0', '1', '2016-09-01 02:13:54', '2016-09-01 02:13:54', 'cd4241a3-a5ba-4711-9a86-d47161b66eba'),
 ('250', '108', '82', '6', '0', '2', '2016-09-01 02:13:54', '2016-09-01 02:13:54', '19fb9b47-3777-42e0-8666-58389271cc9a'),
 ('251', '108', '82', '5', '0', '3', '2016-09-01 02:13:54', '2016-09-01 02:13:54', 'b114e779-2d6f-4029-8546-047d52169e31'),
 ('252', '108', '82', '4', '0', '4', '2016-09-01 02:13:54', '2016-09-01 02:13:54', 'a3885caa-4895-4abf-b070-45a4af362441'),
 ('253', '108', '83', '15', '0', '1', '2016-09-01 02:13:54', '2016-09-01 02:13:54', '368119b2-044b-4b09-a380-b13bbf3a4f1c'),
 ('254', '108', '83', '14', '0', '2', '2016-09-01 02:13:54', '2016-09-01 02:13:54', '5e0a8c3c-f656-4743-9475-bab734def618'),
 ('255', '108', '83', '22', '0', '3', '2016-09-01 02:13:54', '2016-09-01 02:13:54', 'f2d017de-bf67-47e5-871d-a2502a4ff9d9'),
 ('256', '110', '84', '23', '0', '1', '2016-09-01 22:21:26', '2016-09-01 22:21:26', 'fd24a682-22fc-41d8-9104-54fefe3d3f53'),
 ('257', '110', '84', '24', '0', '2', '2016-09-01 22:21:26', '2016-09-01 22:21:26', '4f025277-e867-4aa7-a384-fe09dd58417f'),
 ('258', '110', '84', '25', '0', '3', '2016-09-01 22:21:26', '2016-09-01 22:21:26', '9f076000-c480-4116-8b93-e415769c89bf'),
 ('259', '110', '84', '18', '0', '4', '2016-09-01 22:21:26', '2016-09-01 22:21:26', '3929f798-296f-4d08-89be-84ddab2848a1'),
 ('260', '110', '84', '17', '0', '5', '2016-09-01 22:21:26', '2016-09-01 22:21:26', 'c1540bf0-3d47-4164-ad16-a11916f901d3'),
 ('261', '115', '85', '28', '0', '1', '2016-09-01 23:25:38', '2016-09-01 23:25:38', '308d2fc5-72b4-43b7-ac5c-a71a3040ac7d'),
 ('262', '115', '85', '29', '0', '2', '2016-09-01 23:25:38', '2016-09-01 23:25:38', '1dad9d73-b172-4b3f-a67f-15dea1ee8f6f'),
 ('263', '116', '86', '1', '0', '1', '2016-09-01 23:27:37', '2016-09-01 23:27:37', '182d2bd1-f773-4323-9bdf-e2e08d4d5674'),
 ('264', '116', '86', '2', '0', '2', '2016-09-01 23:27:37', '2016-09-01 23:27:37', 'd177ba52-2ea4-4188-b02e-c3b0aab24d74'),
 ('265', '116', '86', '3', '0', '3', '2016-09-01 23:27:37', '2016-09-01 23:27:37', '0abf703f-f363-400d-bd2b-cd3990b9c4f6'),
 ('266', '116', '86', '27', '0', '4', '2016-09-01 23:27:37', '2016-09-01 23:27:37', '04c59baf-dc86-4742-91ea-384889ba378f'),
 ('267', '117', '87', '26', '0', '1', '2016-09-02 00:35:35', '2016-09-02 00:35:35', '9b9c1c99-6397-4999-89e1-880d18a5a399'),
 ('268', '117', '87', '18', '0', '2', '2016-09-02 00:35:35', '2016-09-02 00:35:35', 'de7031cc-a884-4548-b15b-c16c95e7e82a'),
 ('269', '117', '87', '17', '0', '3', '2016-09-02 00:35:35', '2016-09-02 00:35:35', 'a8af9ed4-ad93-4755-8a6e-c322c509eb9a'),
 ('270', '120', '88', '1', '0', '1', '2016-09-04 18:56:52', '2016-09-04 18:56:52', '973cbf48-baf1-46fa-a6c4-3f7df639efaa'),
 ('271', '120', '88', '7', '0', '2', '2016-09-04 18:56:52', '2016-09-04 18:56:52', 'bbf46d64-753a-47aa-82f5-3c0a1bde6091'),
 ('315', '127', '101', '1', '0', '1', '2016-09-05 02:52:03', '2016-09-05 02:52:03', '2eeb7952-1068-44e8-8839-0f4141ded17c'),
 ('316', '127', '101', '11', '0', '2', '2016-09-05 02:52:03', '2016-09-05 02:52:03', 'e7ff1a74-0ff4-48fd-995a-94cb80d17cfb'),
 ('317', '127', '101', '12', '0', '3', '2016-09-05 02:52:03', '2016-09-05 02:52:03', 'e4e8888e-0771-4afd-bc83-a3b5e379768a'),
 ('318', '127', '102', '15', '0', '1', '2016-09-05 02:52:03', '2016-09-05 02:52:03', '4373c36a-81bb-4ef5-ba4e-89fe91c36bf2'),
 ('319', '127', '102', '14', '0', '2', '2016-09-05 02:52:03', '2016-09-05 02:52:03', '9274e82a-c52d-4a29-a3c1-6c65527451c9'),
 ('320', '128', '103', '1', '0', '1', '2016-09-05 02:52:14', '2016-09-05 02:52:14', '86bf88af-c545-480b-a42c-bb0ebebd6527'),
 ('321', '128', '103', '11', '0', '2', '2016-09-05 02:52:14', '2016-09-05 02:52:14', 'd7f838c5-645b-40c5-a0a1-f4320fb9bb4b'),
 ('322', '128', '103', '12', '0', '3', '2016-09-05 02:52:14', '2016-09-05 02:52:14', '10d21b14-9c87-47e7-84f9-8394e97f641c'),
 ('323', '128', '104', '15', '0', '1', '2016-09-05 02:52:14', '2016-09-05 02:52:14', 'b3dbb9c1-7a4c-4f71-83aa-c939c8b9a5d5'),
 ('324', '128', '104', '14', '0', '2', '2016-09-05 02:52:14', '2016-09-05 02:52:14', 'c4bf9735-eefd-4b7e-ab8c-43ca163c8139'),
 ('326', '130', '106', '31', '0', '1', '2016-09-05 02:58:15', '2016-09-05 02:58:15', '66067be4-7742-4eae-8fb1-8b3085831e4e'),
 ('327', '130', '106', '19', '0', '2', '2016-09-05 02:58:15', '2016-09-05 02:58:15', 'd40ca106-b437-486e-820d-19b2c22308eb'),
 ('328', '131', '107', '31', '0', '1', '2016-09-05 02:58:29', '2016-09-05 02:58:29', '37a2b614-6240-489f-9f74-88ee8d3f2aae'),
 ('329', '131', '107', '19', '0', '2', '2016-09-05 02:58:29', '2016-09-05 02:58:29', '81bae5d2-1cd2-4c6d-a3bd-e0cf76877a46'),
 ('330', '132', '108', '31', '0', '1', '2016-09-05 02:59:46', '2016-09-05 02:59:46', 'e177d7fe-a5b5-47c4-8151-76551c7afe86'),
 ('331', '132', '108', '19', '0', '2', '2016-09-05 02:59:46', '2016-09-05 02:59:46', 'a30aae61-992e-4a30-9844-a00d58ed0402'),
 ('332', '133', '109', '31', '0', '1', '2016-09-05 03:00:13', '2016-09-05 03:00:13', '4788d47c-b333-4294-babc-39f62dfe5f2f'),
 ('333', '133', '109', '19', '0', '2', '2016-09-05 03:00:13', '2016-09-05 03:00:13', 'c1ed75ec-6e54-40d7-a642-baaddd68e3b7');



DROP TABLE IF EXISTS `craft_fieldlayouts`;


--
-- Schema for table `craft_fieldlayouts`
--
CREATE TABLE `craft_fieldlayouts` (
  `id` int(11) NOT NULL AUTO_INCREMENT,
  `type` varchar(150) COLLATE utf8_unicode_ci NOT NULL,
  `dateCreated` datetime NOT NULL,
  `dateUpdated` datetime NOT NULL,
  `uid` char(36) COLLATE utf8_unicode_ci NOT NULL DEFAULT '0',
  PRIMARY KEY (`id`),
  KEY `craft_fieldlayouts_type_idx` (`type`)
) ENGINE=InnoDB AUTO_INCREMENT=134 DEFAULT CHARSET=utf8 COLLATE=utf8_unicode_ci;

--
-- Data for table `craft_fieldlayouts`
--

INSERT INTO `craft_fieldlayouts` (`id`, `type`, `dateCreated`, `dateUpdated`, `uid`) VALUES
 ('22', 'Asset', '2016-01-18 23:01:19', '2016-01-18 23:01:19', 'ef8c01b6-8bc0-4e10-8881-65974204f6ec'),
 ('89', 'Asset', '2016-08-25 01:48:34', '2016-08-25 01:48:34', '94f5766c-1097-4415-955b-0b62eb9eb7bd'),
 ('90', 'Entry', '2016-08-27 16:38:52', '2016-08-27 16:38:52', '1ae116b2-74b6-497e-866f-04d5791aca2f'),
 ('91', 'Entry', '2016-08-28 02:00:15', '2016-08-28 02:00:15', 'b7f9cd08-21e8-4609-aa1e-b615f85c4368'),
 ('104', 'Entry', '2016-08-31 00:39:02', '2016-08-31 00:39:02', 'ee43a2ca-784d-4278-b72e-7217cf6cc5d3'),
 ('106', 'Tag', '2016-08-31 01:29:36', '2016-08-31 01:29:36', '06a95602-b33c-4781-b096-3ccff2162975'),
 ('107', 'Entry', '2016-09-01 02:13:44', '2016-09-01 02:13:44', 'f17d614b-feb9-4af0-8ea4-82574e76331c'),
 ('108', 'Entry', '2016-09-01 02:13:54', '2016-09-01 02:13:54', 'b5b05885-0f00-4666-accb-18c37f9bc54a'),
 ('110', 'Entry', '2016-09-01 22:21:26', '2016-09-01 22:21:26', 'f8b0a12c-3625-4912-875e-009bc8960a2f'),
 ('115', 'MatrixBlock', '2016-09-01 23:25:38', '2016-09-01 23:25:38', 'e6bbd492-4438-437f-b8f3-f49de247fac0'),
 ('116', 'Entry', '2016-09-01 23:27:37', '2016-09-01 23:27:37', '73c68a9c-2de1-43ea-a627-b93108370d73'),
 ('117', 'Entry', '2016-09-02 00:35:35', '2016-09-02 00:35:35', '33e45719-0ae1-429d-be09-de58f83ab061'),
 ('120', 'Entry', '2016-09-04 18:56:52', '2016-09-04 18:56:52', '944d1c6f-45e8-4c53-87bf-d9b6b8354ecb'),
 ('127', 'Entry', '2016-09-05 02:52:03', '2016-09-05 02:52:03', '524aff87-4fbf-4a8b-80d6-74b746109819'),
 ('128', 'Entry', '2016-09-05 02:52:14', '2016-09-05 02:52:14', '610a6395-0c1a-4964-9645-3bdb51db14ba'),
 ('130', 'Entry', '2016-09-05 02:58:15', '2016-09-05 02:58:15', '4178ea9f-dac1-4a89-8b38-eab6d6805a47'),
 ('131', 'Entry', '2016-09-05 02:58:29', '2016-09-05 02:58:29', 'b06a8dec-4b07-44bf-b278-9559b050c647'),
 ('132', 'Entry', '2016-09-05 02:59:46', '2016-09-05 02:59:46', '87347a98-7165-4193-bd16-99650ac42f1f'),
 ('133', 'Entry', '2016-09-05 03:00:13', '2016-09-05 03:00:13', '0feee342-0f4a-4fd1-8daa-1e325233bbd5');



DROP TABLE IF EXISTS `craft_fieldlayouttabs`;


--
-- Schema for table `craft_fieldlayouttabs`
--
CREATE TABLE `craft_fieldlayouttabs` (
  `id` int(11) NOT NULL AUTO_INCREMENT,
  `layoutId` int(11) NOT NULL,
  `name` varchar(255) COLLATE utf8_unicode_ci NOT NULL,
  `sortOrder` smallint(6) unsigned DEFAULT NULL,
  `dateCreated` datetime NOT NULL,
  `dateUpdated` datetime NOT NULL,
  `uid` char(36) COLLATE utf8_unicode_ci NOT NULL DEFAULT '0',
  PRIMARY KEY (`id`),
  KEY `craft_fieldlayouttabs_sortOrder_idx` (`sortOrder`),
  KEY `craft_fieldlayouttabs_layoutId_fk` (`layoutId`)
) ENGINE=InnoDB AUTO_INCREMENT=110 DEFAULT CHARSET=utf8 COLLATE=utf8_unicode_ci;

--
-- Data for table `craft_fieldlayouttabs`
--

INSERT INTO `craft_fieldlayouttabs` (`id`, `layoutId`, `name`, `sortOrder`, `dateCreated`, `dateUpdated`, `uid`) VALUES
 ('75', '104', 'Web Development', '1', '2016-08-31 00:39:02', '2016-08-31 00:39:02', 'f4f9e981-afc6-4dce-aaf4-8950988b2c15'),
 ('76', '104', 'Snippets', '2', '2016-08-31 00:39:02', '2016-08-31 00:39:02', '6d3eb5ba-8614-4cc9-af57-58435b5b3398'),
 ('77', '104', 'Featured Image', '3', '2016-08-31 00:39:02', '2016-08-31 00:39:02', 'b77da7d6-2815-40a3-b00d-9ac89e35785a'),
 ('78', '104', 'Display Settings', '4', '2016-08-31 00:39:02', '2016-08-31 00:39:02', 'd9ff2246-0f0e-4e4f-a886-ba194fbb29fa'),
 ('80', '107', 'Artwork Metadata', '1', '2016-09-01 02:13:44', '2016-09-01 02:13:44', 'ecbb0208-6b73-42c1-9a13-a14492c28590'),
 ('81', '107', 'Artwork Display Settings', '2', '2016-09-01 02:13:44', '2016-09-01 02:13:44', 'dfb99bdc-eef6-4798-8382-d04a4bf4b083'),
 ('82', '108', 'Artwork Metadata', '1', '2016-09-01 02:13:54', '2016-09-01 02:13:54', 'bc2ee613-292f-4b47-9791-54d7aa0577a3'),
 ('83', '108', 'Artwork Display Settings', '2', '2016-09-01 02:13:54', '2016-09-01 02:13:54', 'abda16d6-c6b3-41fe-b23e-82afe1453fb1'),
 ('84', '110', 'Certifications', '1', '2016-09-01 22:21:26', '2016-09-01 22:21:26', 'ff7d00cf-cce4-4d15-a4cd-dbf4a1557c0a'),
 ('85', '115', 'Content', '1', '2016-09-01 23:25:38', '2016-09-01 23:25:38', 'e83ecfa8-3b38-49a4-b5f8-5d65faa8be07'),
 ('86', '116', 'Default', '1', '2016-09-01 23:27:37', '2016-09-01 23:27:37', 'c4816046-d2ed-4c5e-bc72-f2908d7f938e'),
 ('87', '117', 'Conferences', '1', '2016-09-02 00:35:35', '2016-09-02 00:35:35', '113f8ec1-88aa-4886-90e8-75e4bdebdb4f'),
 ('88', '120', 'Testimonial', '1', '2016-09-04 18:56:52', '2016-09-04 18:56:52', '4fd46d5e-c8a5-4a3b-9091-39eeb7c60306'),
 ('101', '127', 'Blog', '1', '2016-09-05 02:52:03', '2016-09-05 02:52:03', '4c9dabee-0046-4769-949e-4bf190704674'),
 ('102', '127', 'Blog Display Settings', '2', '2016-09-05 02:52:03', '2016-09-05 02:52:03', 'd3c27ae6-4d50-4569-97db-f931420850d1'),
 ('103', '128', 'Blog', '1', '2016-09-05 02:52:14', '2016-09-05 02:52:14', '39760d59-1929-4379-9760-5d779f018688'),
 ('104', '128', 'Blog Display Settings', '2', '2016-09-05 02:52:14', '2016-09-05 02:52:14', '77c1df49-8521-4352-8ee6-06eb66cb45c2'),
 ('106', '130', 'Skills', '1', '2016-09-05 02:58:15', '2016-09-05 02:58:15', 'a6f628db-4e50-40ce-b7ff-121284430e71'),
 ('107', '131', 'Skill', '1', '2016-09-05 02:58:29', '2016-09-05 02:58:29', 'e2442fbc-ffd7-4252-a770-cd05f61084a8'),
 ('108', '132', 'Skills', '1', '2016-09-05 02:59:46', '2016-09-05 02:59:46', '5fae95b2-4ad0-4b06-a122-3ba0c32bda03'),
 ('109', '133', 'Skills', '1', '2016-09-05 03:00:13', '2016-09-05 03:00:13', 'd6373d02-e879-4849-a9ec-f115bd1d1a46');



DROP TABLE IF EXISTS `craft_fields`;


--
-- Schema for table `craft_fields`
--
CREATE TABLE `craft_fields` (
  `id` int(11) NOT NULL AUTO_INCREMENT,
  `groupId` int(11) DEFAULT NULL,
  `name` varchar(255) COLLATE utf8_unicode_ci NOT NULL,
  `handle` varchar(58) COLLATE utf8_unicode_ci NOT NULL,
  `context` varchar(255) COLLATE utf8_unicode_ci NOT NULL DEFAULT 'global',
  `instructions` text COLLATE utf8_unicode_ci,
  `translatable` tinyint(1) unsigned NOT NULL DEFAULT '0',
  `type` varchar(150) COLLATE utf8_unicode_ci NOT NULL,
  `settings` text COLLATE utf8_unicode_ci,
  `dateCreated` datetime NOT NULL,
  `dateUpdated` datetime NOT NULL,
  `uid` char(36) COLLATE utf8_unicode_ci NOT NULL DEFAULT '0',
  PRIMARY KEY (`id`),
  UNIQUE KEY `craft_fields_handle_context_unq_idx` (`handle`,`context`),
  KEY `craft_fields_context_idx` (`context`),
  KEY `craft_fields_groupId_fk` (`groupId`)
) ENGINE=InnoDB AUTO_INCREMENT=32 DEFAULT CHARSET=utf8 COLLATE=utf8_unicode_ci;

--
-- Data for table `craft_fields`
--

INSERT INTO `craft_fields` (`id`, `groupId`, `name`, `handle`, `context`, `instructions`, `translatable`, `type`, `settings`, `dateCreated`, `dateUpdated`, `uid`) VALUES
 ('1', '1', 'Body', 'body', 'global', NULL, '1', 'RichText', '{\"configFile\":\"Standard.json\",\"columnType\":\"text\"}', '2015-12-05 19:12:27', '2015-12-05 19:12:27', '76f3fba6-0355-45d6-b808-a02f81068ac3'),
 ('2', '1', 'Tags', 'tags', 'global', NULL, '0', 'Tags', '{\"source\":\"taggroup:1\"}', '2015-12-05 19:12:27', '2015-12-05 19:12:27', 'f4e70c99-d2ad-4acc-8c32-66583ca5ea04'),
 ('3', '1', 'Test Assets', 'testAssets', 'global', 'Upload an image?', '0', 'Assets', '{\"useSingleFolder\":\"1\",\"sources\":\"*\",\"defaultUploadLocationSource\":\"2\",\"defaultUploadLocationSubpath\":\"\",\"singleUploadLocationSource\":\"2\",\"singleUploadLocationSubpath\":\"\",\"restrictFiles\":\"1\",\"allowedKinds\":[\"image\"],\"limit\":\"\",\"viewMode\":\"list\",\"selectionLabel\":\"\"}', '2016-01-19 02:43:59', '2016-01-19 02:45:49', '075ca2fd-b74d-4fb3-bcd0-5f52518c7513'),
 ('4', '3', 'Title', 'artworkTitle', 'global', 'The title of the work', '0', 'RichText', '{\"configFile\":\"\",\"availableAssetSources\":\"*\",\"availableTransforms\":\"*\",\"cleanupHtml\":\"1\",\"purifyHtml\":\"1\",\"columnType\":\"text\"}', '2016-06-28 19:28:51', '2016-06-28 19:36:03', '4d3df312-25e9-46ce-aea5-009d79c18bbc'),
 ('5', '3', 'Media', 'media', 'global', 'The type of media used. E.g., acrylic on canvas, digital, etc.', '0', 'RichText', '{\"configFile\":\"\",\"availableAssetSources\":\"*\",\"availableTransforms\":\"*\",\"cleanupHtml\":\"1\",\"purifyHtml\":\"1\",\"columnType\":\"text\"}', '2016-06-28 19:30:08', '2016-06-28 19:35:48', '578acf51-6807-4e21-9052-712e291578a8'),
 ('6', '3', 'Artists&apos;s statement', 'artistStatement', 'global', 'Talk about the work here', '0', 'RichText', '{\"configFile\":\"\",\"availableAssetSources\":\"*\",\"availableTransforms\":\"*\",\"cleanupHtml\":\"1\",\"purifyHtml\":\"1\",\"columnType\":\"text\"}', '2016-06-28 19:31:17', '2016-06-28 19:35:55', 'fef42372-a843-441c-ad2c-d5035bd26983'),
 ('7', '3', 'Images', 'images', 'global', '', '0', 'Assets', '{\"useSingleFolder\":\"\",\"sources\":\"*\",\"defaultUploadLocationSource\":\"2\",\"defaultUploadLocationSubpath\":\"images\\/\",\"singleUploadLocationSource\":\"2\",\"singleUploadLocationSubpath\":\"\",\"restrictFiles\":\"\",\"limit\":\"\",\"viewMode\":\"list\",\"selectionLabel\":\"\"}', '2016-08-09 01:47:31', '2016-08-09 02:07:36', 'bfd063f8-20ab-4039-bb03-09be6f1d4a7f'),
 ('11', '1', 'Homepage Snippet', 'homepageSnippet', 'global', 'This is the text that will display on the home page. Don\'t add too much!', '0', 'RichText', '{\"configFile\":\"\",\"availableAssetSources\":\"\",\"availableTransforms\":\"\",\"cleanupHtml\":\"1\",\"purifyHtml\":\"1\",\"columnType\":\"text\"}', '2016-08-21 22:58:39', '2016-08-21 22:58:39', 'e35146de-b876-4857-b7d4-aacc93ee2a41'),
 ('12', '8', 'Featured Image', 'featuredImage', 'global', '', '0', 'Assets', '{\"useSingleFolder\":\"\",\"sources\":\"*\",\"defaultUploadLocationSource\":\"2\",\"defaultUploadLocationSubpath\":\"\",\"singleUploadLocationSource\":\"2\",\"singleUploadLocationSubpath\":\"\",\"restrictFiles\":\"\",\"limit\":\"\",\"viewMode\":\"list\",\"selectionLabel\":\"\"}', '2016-08-21 23:18:54', '2016-08-30 00:26:19', 'e430ee9b-fb6a-4a3e-a37e-e1fdb0cfe717'),
 ('14', '8', 'Focal Point', 'focalPoint', 'global', 'Add some CSS to position the image. Left/right first, top/bottom second. ', '0', 'PlainText', '{\"placeholder\":\"\",\"maxLength\":\"\",\"multiline\":\"\",\"initialRows\":\"4\"}', '2016-08-30 00:11:08', '2016-08-30 00:26:46', '91d2ff21-4410-487e-88f0-48ba57ce73de'),
 ('15', '6', 'Featured', 'featured', 'global', '', '0', 'Lightswitch', '{\"default\":\"1\"}', '2016-08-30 00:11:33', '2016-08-30 00:11:33', '40955ac5-bccb-487c-b02b-5dc1f7f8b0b1'),
 ('16', '7', 'Skills', 'skills', 'global', 'Skills used', '0', 'Tags', '{\"source\":\"taggroup:1\",\"selectionLabel\":\"\"}', '2016-08-30 00:30:20', '2016-09-01 22:39:11', 'a134de7d-7a62-43d3-b244-a1e751cdf8e7'),
 ('17', '7', 'Web Link', 'webLink', 'global', 'The URL of the project.', '0', 'PlainText', '{\"placeholder\":\"\",\"maxLength\":\"\",\"multiline\":\"\",\"initialRows\":\"4\"}', '2016-08-30 00:39:06', '2016-08-30 00:39:06', 'b7d36419-bea2-4c9d-be28-1f970de96dc5'),
 ('18', '7', 'Web Prefix', 'webPrefix', 'global', 'Choose whether the site is http or https', '0', 'RadioButtons', '{\"options\":[{\"label\":\"http:\\/\\/\",\"value\":\"http:\\/\\/\",\"default\":\"1\"},{\"label\":\"https:\\/\\/\",\"value\":\"https:\\/\\/\",\"default\":\"\"}]}', '2016-08-30 00:40:37', '2016-08-31 03:05:18', '755ce0bb-e7a7-4e19-882f-198c2d25ac43'),
 ('19', '7', 'Start Date', 'startDate', 'global', 'The year I started working on this project.', '0', 'Date', '{\"minuteIncrement\":\"60\",\"showDate\":1,\"showTime\":0}', '2016-08-30 00:45:36', '2016-08-30 00:45:36', '9c9e86cc-ecfa-4a0a-80ad-28d7e4930c92'),
 ('20', '7', 'End Date', 'endDate', 'global', 'The date I finished working on this project', '0', 'Date', '{\"minuteIncrement\":\"60\",\"showDate\":1,\"showTime\":0}', '2016-08-30 00:46:09', '2016-08-30 00:46:09', '4bcce717-8a60-46d0-ba93-9fcc28985277'),
 ('21', '1', 'Index Snippet', 'indexSnippet', 'global', 'This is the snippet that will show up when a bunch of posts are listed. It can be as long as you want, but it\'s probably not a good idea to make it more than a short paragraph or two very short paragraphs.', '0', 'RichText', '{\"configFile\":\"\",\"availableAssetSources\":\"*\",\"availableTransforms\":\"*\",\"cleanupHtml\":\"1\",\"purifyHtml\":\"1\",\"columnType\":\"text\"}', '2016-08-31 00:19:46', '2016-08-31 00:19:59', 'c15a481e-cccd-4a30-8523-bbae11e382fd'),
 ('22', '4', 'Image Orientation', 'orientation', 'global', 'landscape or portrait', '0', 'RadioButtons', '{\"options\":[{\"label\":\"landscape\",\"value\":\"landscape\",\"default\":\"1\"},{\"label\":\"portrait\",\"value\":\"portrait\",\"default\":\"\"}]}', '2016-09-01 02:11:37', '2016-09-01 02:13:07', '0b0cc15f-7dbf-4451-8bae-c9a5c027e8d3'),
 ('23', '9', 'Certification Authority', 'certificationAuthority', 'global', '', '0', 'PlainText', '{\"placeholder\":\"\",\"maxLength\":\"\",\"multiline\":\"\",\"initialRows\":\"4\"}', '2016-09-01 22:11:31', '2016-09-01 22:11:31', '305c9da5-ae7c-44d2-81db-15f85ebf666e'),
 ('24', '9', 'Certification Date', 'certificationDate', 'global', '', '0', 'Date', '{\"minuteIncrement\":\"30\",\"showDate\":1,\"showTime\":0}', '2016-09-01 22:12:31', '2016-09-01 22:12:31', '26d89fa8-5e19-4aa0-8240-700b07abe455'),
 ('25', '9', 'Expiration Date', 'expirationDate', 'global', '', '0', 'Date', '{\"minuteIncrement\":\"30\",\"showDate\":1,\"showTime\":0}', '2016-09-01 22:12:46', '2016-09-01 22:12:46', 'ee10c92e-eac2-4773-ae32-c6b4fce9bad0'),
 ('26', '10', 'Date', 'date', 'global', '', '0', 'Date', '{\"minuteIncrement\":\"30\",\"showDate\":1,\"showTime\":0}', '2016-09-01 22:35:05', '2016-09-01 22:35:05', '568bbeb5-dce2-4839-b6d0-957737b384c7'),
 ('27', '11', 'Home Page Skills', 'homePageSkills', 'global', 'This field will display skills and stars to indicate the strength of those skills.', '0', 'Matrix', '{\"maxBlocks\":null}', '2016-09-01 23:25:37', '2016-09-01 23:25:37', '9b6e033a-07cf-48fe-92b0-248cb99576bc'),
 ('28', NULL, 'Skill', 'skill', 'matrixBlockType:1', '', '0', 'PlainText', '{\"placeholder\":\"\",\"maxLength\":\"\",\"multiline\":\"\",\"initialRows\":\"4\"}', '2016-09-01 23:25:38', '2016-09-01 23:25:38', '3397ebea-9298-461f-a9d6-ea2c7d169916'),
 ('29', NULL, 'Skill Strength', 'skillStrength', 'matrixBlockType:1', 'A number between one and five', '0', 'Number', '{\"min\":\"1\",\"max\":\"5\",\"decimals\":\"0\"}', '2016-09-01 23:25:38', '2016-09-01 23:25:38', 'b9991165-ea70-45c4-bf0a-a349c27b209e'),
 ('30', '1', 'Certifications Link', 'certificationsLink', 'global', '', '0', 'Entries', '{\"sources\":[\"section:8\"],\"limit\":\"\",\"selectionLabel\":\"\"}', '2016-09-05 01:32:29', '2016-09-05 01:32:29', 'f9242b85-2ce2-4e59-bf6c-5e80fe1fddf2'),
 ('31', '12', 'Strength', 'strength', 'global', '', '0', 'Number', '{\"min\":\"1\",\"max\":\"5\",\"decimals\":\"0\"}', '2016-09-05 02:56:13', '2016-09-05 02:56:13', '374d40c8-9d69-44e7-9f61-af2915f94524');



DROP TABLE IF EXISTS `craft_globalsets`;


--
-- Schema for table `craft_globalsets`
--
CREATE TABLE `craft_globalsets` (
  `id` int(11) NOT NULL,
  `name` varchar(255) COLLATE utf8_unicode_ci NOT NULL,
  `handle` varchar(255) COLLATE utf8_unicode_ci NOT NULL,
  `fieldLayoutId` int(10) DEFAULT NULL,
  `dateCreated` datetime NOT NULL,
  `dateUpdated` datetime NOT NULL,
  `uid` char(36) COLLATE utf8_unicode_ci NOT NULL DEFAULT '0',
  PRIMARY KEY (`id`),
  UNIQUE KEY `craft_globalsets_name_unq_idx` (`name`),
  UNIQUE KEY `craft_globalsets_handle_unq_idx` (`handle`),
  KEY `craft_globalsets_fieldLayoutId_fk` (`fieldLayoutId`)
) ENGINE=InnoDB DEFAULT CHARSET=utf8 COLLATE=utf8_unicode_ci;

DROP TABLE IF EXISTS `craft_info`;


--
-- Schema for table `craft_info`
--
CREATE TABLE `craft_info` (
  `id` int(11) NOT NULL AUTO_INCREMENT,
  `version` varchar(15) COLLATE utf8_unicode_ci NOT NULL,
  `build` int(11) unsigned NOT NULL,
  `schemaVersion` varchar(15) COLLATE utf8_unicode_ci NOT NULL,
  `releaseDate` datetime NOT NULL,
  `edition` tinyint(1) unsigned NOT NULL DEFAULT '0',
  `siteName` varchar(100) COLLATE utf8_unicode_ci NOT NULL,
  `siteUrl` varchar(255) COLLATE utf8_unicode_ci NOT NULL,
  `timezone` varchar(30) COLLATE utf8_unicode_ci DEFAULT NULL,
  `on` tinyint(1) unsigned NOT NULL DEFAULT '0',
  `maintenance` tinyint(1) unsigned NOT NULL DEFAULT '0',
  `track` varchar(40) COLLATE utf8_unicode_ci NOT NULL,
  `dateCreated` datetime NOT NULL,
  `dateUpdated` datetime NOT NULL,
  `uid` char(36) COLLATE utf8_unicode_ci NOT NULL DEFAULT '0',
  PRIMARY KEY (`id`)
) ENGINE=InnoDB AUTO_INCREMENT=2 DEFAULT CHARSET=utf8 COLLATE=utf8_unicode_ci;

--
-- Data for table `craft_info`
--

INSERT INTO `craft_info` (`id`, `version`, `build`, `schemaVersion`, `releaseDate`, `edition`, `siteName`, `siteUrl`, `timezone`, `on`, `maintenance`, `track`, `dateCreated`, `dateUpdated`, `uid`) VALUES
 ('1', '2.6', '2916', '2.6.5', '2016-08-25 18:41:22', '0', 'Jim Christie', 'http://localhost/dev/www/', 'UTC', '1', '0', 'stable', '2015-12-05 19:12:26', '2016-08-26 01:16:43', '0c07b140-69e9-4bd3-be1b-ff617b9d94ed');



DROP TABLE IF EXISTS `craft_locales`;


--
-- Schema for table `craft_locales`
--
CREATE TABLE `craft_locales` (
  `locale` char(12) COLLATE utf8_unicode_ci NOT NULL,
  `sortOrder` smallint(6) unsigned DEFAULT NULL,
  `dateCreated` datetime NOT NULL,
  `dateUpdated` datetime NOT NULL,
  `uid` char(36) COLLATE utf8_unicode_ci NOT NULL DEFAULT '0',
  PRIMARY KEY (`locale`),
  KEY `craft_locales_sortOrder_idx` (`sortOrder`)
) ENGINE=InnoDB DEFAULT CHARSET=utf8 COLLATE=utf8_unicode_ci;

--
-- Data for table `craft_locales`
--

INSERT INTO `craft_locales` (`locale`, `sortOrder`, `dateCreated`, `dateUpdated`, `uid`) VALUES
 ('en_us', '1', '2015-12-05 19:12:26', '2015-12-05 19:12:26', '68cf1a3a-32a0-4024-90ce-5342d50f00dd');



DROP TABLE IF EXISTS `craft_matrixblocks`;


--
-- Schema for table `craft_matrixblocks`
--
CREATE TABLE `craft_matrixblocks` (
  `id` int(11) NOT NULL,
  `ownerId` int(11) NOT NULL,
  `fieldId` int(11) NOT NULL,
  `typeId` int(11) DEFAULT NULL,
  `sortOrder` smallint(6) unsigned DEFAULT NULL,
  `ownerLocale` char(12) COLLATE utf8_unicode_ci DEFAULT NULL,
  `dateCreated` datetime NOT NULL,
  `dateUpdated` datetime NOT NULL,
  `uid` char(36) COLLATE utf8_unicode_ci NOT NULL DEFAULT '0',
  PRIMARY KEY (`id`),
  KEY `craft_matrixblocks_ownerId_idx` (`ownerId`),
  KEY `craft_matrixblocks_fieldId_idx` (`fieldId`),
  KEY `craft_matrixblocks_typeId_idx` (`typeId`),
  KEY `craft_matrixblocks_sortOrder_idx` (`sortOrder`),
  KEY `craft_matrixblocks_ownerLocale_fk` (`ownerLocale`)
) ENGINE=InnoDB DEFAULT CHARSET=utf8 COLLATE=utf8_unicode_ci;

--
-- Data for table `craft_matrixblocks`
--

INSERT INTO `craft_matrixblocks` (`id`, `ownerId`, `fieldId`, `typeId`, `sortOrder`, `ownerLocale`, `dateCreated`, `dateUpdated`, `uid`) VALUES
 ('46', '2', '27', '1', '1', NULL, '2016-09-01 23:28:22', '2016-09-02 00:14:24', '5188465d-8e86-4bd5-8ad9-c908a94ac8bc'),
 ('47', '2', '27', '1', '2', NULL, '2016-09-01 23:28:22', '2016-09-02 00:14:24', 'a856110c-d6d9-43a0-aba3-9f0a09a7bb60'),
 ('48', '2', '27', '1', '3', NULL, '2016-09-01 23:28:22', '2016-09-02 00:14:24', '65a87738-6f44-4a30-bd23-d804ec10df79'),
 ('49', '2', '27', '1', '4', NULL, '2016-09-02 00:08:56', '2016-09-02 00:14:24', '556d040d-1cce-4bfd-a43b-6bd8e193bf0d'),
 ('50', '2', '27', '1', '5', NULL, '2016-09-02 00:12:17', '2016-09-02 00:14:24', '2d411a38-7f18-4325-a4b6-007ce789f7da'),
 ('51', '2', '27', '1', '6', NULL, '2016-09-02 00:12:17', '2016-09-02 00:14:24', '26a917d0-3ab1-4c7e-a1eb-62971337bf2a'),
 ('52', '2', '27', '1', '7', NULL, '2016-09-02 00:14:24', '2016-09-02 00:14:24', '330a4dd5-960a-4b85-b003-99983eb3d326');



DROP TABLE IF EXISTS `craft_matrixblocktypes`;


--
-- Schema for table `craft_matrixblocktypes`
--
CREATE TABLE `craft_matrixblocktypes` (
  `id` int(11) NOT NULL AUTO_INCREMENT,
  `fieldId` int(11) NOT NULL,
  `fieldLayoutId` int(11) DEFAULT NULL,
  `name` varchar(255) COLLATE utf8_unicode_ci NOT NULL,
  `handle` varchar(255) COLLATE utf8_unicode_ci NOT NULL,
  `sortOrder` smallint(6) unsigned DEFAULT NULL,
  `dateCreated` datetime NOT NULL,
  `dateUpdated` datetime NOT NULL,
  `uid` char(36) COLLATE utf8_unicode_ci NOT NULL DEFAULT '0',
  PRIMARY KEY (`id`),
  UNIQUE KEY `craft_matrixblocktypes_name_fieldId_unq_idx` (`name`,`fieldId`),
  UNIQUE KEY `craft_matrixblocktypes_handle_fieldId_unq_idx` (`handle`,`fieldId`),
  KEY `craft_matrixblocktypes_fieldId_fk` (`fieldId`),
  KEY `craft_matrixblocktypes_fieldLayoutId_fk` (`fieldLayoutId`)
) ENGINE=InnoDB AUTO_INCREMENT=2 DEFAULT CHARSET=utf8 COLLATE=utf8_unicode_ci;

--
-- Data for table `craft_matrixblocktypes`
--

INSERT INTO `craft_matrixblocktypes` (`id`, `fieldId`, `fieldLayoutId`, `name`, `handle`, `sortOrder`, `dateCreated`, `dateUpdated`, `uid`) VALUES
 ('1', '27', '115', 'Skill Stars', 'skillStars', '1', '2016-09-01 23:25:38', '2016-09-01 23:25:38', '9c9090eb-17aa-4884-aa2a-6192eb0ffe1f');



DROP TABLE IF EXISTS `craft_matrixcontent_homepageskills`;


--
-- Schema for table `craft_matrixcontent_homepageskills`
--
CREATE TABLE `craft_matrixcontent_homepageskills` (
  `id` int(11) NOT NULL AUTO_INCREMENT,
  `elementId` int(11) NOT NULL,
  `locale` char(12) COLLATE utf8_unicode_ci NOT NULL,
  `field_skillStars_skill` text COLLATE utf8_unicode_ci,
  `field_skillStars_skillStrength` tinyint(1) unsigned DEFAULT '0',
  `dateCreated` datetime NOT NULL,
  `dateUpdated` datetime NOT NULL,
  `uid` char(36) COLLATE utf8_unicode_ci NOT NULL DEFAULT '0',
  PRIMARY KEY (`id`),
  UNIQUE KEY `craft_matrixcontent_homepageskills_elementId_locale_unq_idx` (`elementId`,`locale`),
  KEY `craft_matrixcontent_homepageskills_locale_fk` (`locale`)
) ENGINE=InnoDB AUTO_INCREMENT=8 DEFAULT CHARSET=utf8 COLLATE=utf8_unicode_ci;

--
-- Data for table `craft_matrixcontent_homepageskills`
--

INSERT INTO `craft_matrixcontent_homepageskills` (`id`, `elementId`, `locale`, `field_skillStars_skill`, `field_skillStars_skillStrength`, `dateCreated`, `dateUpdated`, `uid`) VALUES
 ('1', '46', 'en_us', 'PHP', '4', '2016-09-01 23:28:21', '2016-09-02 00:14:24', '8b22f533-c996-44b8-8bc0-855ac9df260b'),
 ('2', '47', 'en_us', 'JavaScript', '5', '2016-09-01 23:28:22', '2016-09-02 00:14:24', '40040124-c160-4a13-86ec-3a61c24ba78e'),
 ('3', '48', 'en_us', 'jQuery', '5', '2016-09-01 23:28:22', '2016-09-02 00:14:24', '9adbae6b-029a-4cda-9ef2-520933a7e7f4'),
 ('4', '49', 'en_us', 'Scrum', '4', '2016-09-02 00:08:56', '2016-09-02 00:14:24', '75b3a4d6-6d7c-4b02-b20b-a0abd5d25443'),
 ('5', '50', 'en_us', 'Angular', '3', '2016-09-02 00:12:17', '2016-09-02 00:14:24', 'f36813f8-dcdb-4530-b8cb-3bbe53383ad8'),
 ('6', '51', 'en_us', 'XP', '2', '2016-09-02 00:12:17', '2016-09-02 00:14:24', 'bae3366e-0888-4b73-8277-e4563de1456d'),
 ('7', '52', 'en_us', 'Kanban', '3', '2016-09-02 00:14:24', '2016-09-02 00:14:24', '5842123c-0cbf-4c39-9cbb-222390d69aec');



DROP TABLE IF EXISTS `craft_migrations`;


--
-- Schema for table `craft_migrations`
--
CREATE TABLE `craft_migrations` (
  `id` int(11) NOT NULL AUTO_INCREMENT,
  `pluginId` int(11) DEFAULT NULL,
  `version` varchar(255) COLLATE utf8_unicode_ci NOT NULL,
  `applyTime` datetime NOT NULL,
  `dateCreated` datetime NOT NULL,
  `dateUpdated` datetime NOT NULL,
  `uid` char(36) COLLATE utf8_unicode_ci NOT NULL DEFAULT '0',
  PRIMARY KEY (`id`),
  UNIQUE KEY `craft_migrations_version_unq_idx` (`version`),
  KEY `craft_migrations_pluginId_fk` (`pluginId`)
) ENGINE=InnoDB AUTO_INCREMENT=34 DEFAULT CHARSET=utf8 COLLATE=utf8_unicode_ci;

--
-- Data for table `craft_migrations`
--

INSERT INTO `craft_migrations` (`id`, `pluginId`, `version`, `applyTime`, `dateCreated`, `dateUpdated`, `uid`) VALUES
 ('1', NULL, 'm000000_000000_base', '2015-12-05 19:12:26', '2015-12-05 19:12:26', '2015-12-05 19:12:26', '2499e4ef-7867-413a-a882-779fc7e158c0'),
 ('2', NULL, 'm140730_000001_add_filename_and_format_to_transformindex', '2015-12-05 19:12:26', '2015-12-05 19:12:26', '2015-12-05 19:12:26', 'feaab15e-ec35-4dee-adda-c08fefc8d14f'),
 ('3', NULL, 'm140815_000001_add_format_to_transforms', '2015-12-05 19:12:26', '2015-12-05 19:12:26', '2015-12-05 19:12:26', 'df6661d7-cd87-426d-992c-23396adfcc14'),
 ('4', NULL, 'm140822_000001_allow_more_than_128_items_per_field', '2015-12-05 19:12:26', '2015-12-05 19:12:26', '2015-12-05 19:12:26', 'c9a798e6-bb23-4785-9b21-8323273a67e6'),
 ('5', NULL, 'm140829_000001_single_title_formats', '2015-12-05 19:12:26', '2015-12-05 19:12:26', '2015-12-05 19:12:26', '1d6cc2f3-3cb3-49d7-99bf-a2f317d53e6c'),
 ('6', NULL, 'm140831_000001_extended_cache_keys', '2015-12-05 19:12:26', '2015-12-05 19:12:26', '2015-12-05 19:12:26', '061d6306-f421-438d-9cf8-67244e9072d4'),
 ('7', NULL, 'm140922_000001_delete_orphaned_matrix_blocks', '2015-12-05 19:12:26', '2015-12-05 19:12:26', '2015-12-05 19:12:26', '9f42f27e-359a-40c6-b0e0-8aa0de2b3beb'),
 ('8', NULL, 'm141008_000001_elements_index_tune', '2015-12-05 19:12:26', '2015-12-05 19:12:26', '2015-12-05 19:12:26', '664f9157-dfcc-4a1c-8d08-2a71d74ddaab'),
 ('9', NULL, 'm141009_000001_assets_source_handle', '2015-12-05 19:12:26', '2015-12-05 19:12:26', '2015-12-05 19:12:26', 'ab7ce04c-5ee2-42e8-87f6-80117db9894d'),
 ('10', NULL, 'm141024_000001_field_layout_tabs', '2015-12-05 19:12:26', '2015-12-05 19:12:26', '2015-12-05 19:12:26', '0d4c1787-740b-4764-8720-072d69ae3401'),
 ('11', NULL, 'm141030_000000_plugin_schema_versions', '2015-12-05 19:12:26', '2015-12-05 19:12:26', '2015-12-05 19:12:26', 'cc7343b0-ace1-4c72-987b-a1dead3e6136'),
 ('12', NULL, 'm141030_000001_drop_structure_move_permission', '2015-12-05 19:12:26', '2015-12-05 19:12:26', '2015-12-05 19:12:26', '300bc5a4-7ce2-4590-9108-f34e10033698'),
 ('13', NULL, 'm141103_000001_tag_titles', '2015-12-05 19:12:26', '2015-12-05 19:12:26', '2015-12-05 19:12:26', '9690e2a1-5ba3-4d8a-a44c-4a42b78f9c6c'),
 ('14', NULL, 'm141109_000001_user_status_shuffle', '2015-12-05 19:12:26', '2015-12-05 19:12:26', '2015-12-05 19:12:26', 'db9f39e9-ba7c-4310-93e9-6cf5c40c34c9'),
 ('15', NULL, 'm141126_000001_user_week_start_day', '2015-12-05 19:12:26', '2015-12-05 19:12:26', '2015-12-05 19:12:26', '6789f62c-2ff5-40f9-b1b7-003876b960fd'),
 ('16', NULL, 'm150210_000001_adjust_user_photo_size', '2015-12-05 19:12:26', '2015-12-05 19:12:26', '2015-12-05 19:12:26', '8c1f1e05-009c-4c00-b846-a2ac40d56629'),
 ('17', NULL, 'm150724_000001_adjust_quality_settings', '2015-12-05 19:12:26', '2015-12-05 19:12:26', '2015-12-05 19:12:26', '9a7def1b-7eae-4f27-bed0-2b5ea8c214c8'),
 ('18', NULL, 'm150827_000000_element_index_settings', '2015-12-05 19:12:26', '2015-12-05 19:12:26', '2015-12-05 19:12:26', 'e07221be-7751-43b3-b842-32e21d7d4c7e'),
 ('19', NULL, 'm150918_000001_add_colspan_to_widgets', '2015-12-05 19:12:26', '2015-12-05 19:12:26', '2015-12-05 19:12:26', '965091ed-f034-45ee-aa6d-18a954dc7ae6'),
 ('20', NULL, 'm151007_000000_clear_asset_caches', '2015-12-05 19:12:26', '2015-12-05 19:12:26', '2015-12-05 19:12:26', '03eb7414-77b3-4843-aa80-6d7c53ca6a0f'),
 ('21', NULL, 'm151109_000000_text_url_formats', '2015-12-05 19:12:26', '2015-12-05 19:12:26', '2015-12-05 19:12:26', 'd68a1014-1edd-43b3-9d81-b86fc78c6101'),
 ('22', NULL, 'm151110_000000_move_logo', '2015-12-05 19:12:26', '2015-12-05 19:12:26', '2015-12-05 19:12:26', '931e5cea-2eb4-407e-b423-9d83c6c6f232'),
 ('23', NULL, 'm151117_000000_adjust_image_widthheight', '2015-12-05 19:12:26', '2015-12-05 19:12:26', '2015-12-05 19:12:26', 'f82520d9-6f88-4704-90f1-5eed242a3df5'),
 ('24', NULL, 'm151127_000000_clear_license_key_status', '2015-12-05 19:12:26', '2015-12-05 19:12:26', '2015-12-05 19:12:26', '92488b46-b4e5-4082-8649-99ea00fd5e6b'),
 ('25', NULL, 'm151127_000000_plugin_license_keys', '2015-12-05 19:12:26', '2015-12-05 19:12:26', '2015-12-05 19:12:26', '38617039-3a0f-40a9-856a-73e7e1e906cb'),
 ('26', NULL, 'm151130_000000_update_pt_widget_feeds', '2015-12-05 19:12:26', '2015-12-05 19:12:26', '2015-12-05 19:12:26', '1f0b9ed8-7215-4fb5-b318-99936a6c81fd'),
 ('27', NULL, 'm160114_000000_asset_sources_public_url_default_true', '2016-06-28 12:49:53', '2016-06-28 12:49:53', '2016-06-28 12:49:53', 'a5c7eaca-45e2-441c-989b-365f6d0e6db1'),
 ('28', NULL, 'm160223_000000_sortorder_to_smallint', '2016-06-28 12:49:53', '2016-06-28 12:49:53', '2016-06-28 12:49:53', '3c888c26-796d-44ec-b184-afdeb741b62c'),
 ('29', NULL, 'm160229_000000_set_default_entry_statuses', '2016-06-28 12:49:53', '2016-06-28 12:49:53', '2016-06-28 12:49:53', '6072c428-4b64-4c07-8b99-008c6a9764b0'),
 ('30', NULL, 'm160304_000000_client_permissions', '2016-06-28 12:49:53', '2016-06-28 12:49:53', '2016-06-28 12:49:53', '96ceb985-ed28-4415-87bb-6b0f3ee8264c'),
 ('31', NULL, 'm160322_000000_asset_filesize', '2016-06-28 12:49:53', '2016-06-28 12:49:53', '2016-06-28 12:49:53', 'd9600031-7d42-4b57-82c6-1679726c1221'),
 ('32', NULL, 'm160503_000000_orphaned_fieldlayouts', '2016-06-28 12:49:53', '2016-06-28 12:49:53', '2016-06-28 12:49:53', '9789b35b-ef35-4544-80ee-9768ab640706'),
 ('33', NULL, 'm160510_000000_tasksettings', '2016-06-28 12:49:53', '2016-06-28 12:49:53', '2016-06-28 12:49:53', '9e384d9e-c6ef-4b99-a40c-c31979c5a6d2');



DROP TABLE IF EXISTS `craft_plugins`;


--
-- Schema for table `craft_plugins`
--
CREATE TABLE `craft_plugins` (
  `id` int(11) NOT NULL AUTO_INCREMENT,
  `class` varchar(150) COLLATE utf8_unicode_ci NOT NULL,
  `version` varchar(15) COLLATE utf8_unicode_ci NOT NULL,
  `schemaVersion` varchar(15) COLLATE utf8_unicode_ci DEFAULT NULL,
  `licenseKey` char(24) COLLATE utf8_unicode_ci DEFAULT NULL,
  `licenseKeyStatus` enum('valid','invalid','mismatched','unknown') COLLATE utf8_unicode_ci NOT NULL DEFAULT 'unknown',
  `enabled` tinyint(1) unsigned NOT NULL DEFAULT '0',
  `settings` text COLLATE utf8_unicode_ci,
  `installDate` datetime NOT NULL,
  `dateCreated` datetime NOT NULL,
  `dateUpdated` datetime NOT NULL,
  `uid` char(36) COLLATE utf8_unicode_ci NOT NULL DEFAULT '0',
  PRIMARY KEY (`id`)
) ENGINE=InnoDB AUTO_INCREMENT=3 DEFAULT CHARSET=utf8 COLLATE=utf8_unicode_ci;

--
-- Data for table `craft_plugins`
--

INSERT INTO `craft_plugins` (`id`, `class`, `version`, `schemaVersion`, `licenseKey`, `licenseKeyStatus`, `enabled`, `settings`, `installDate`, `dateCreated`, `dateUpdated`, `uid`) VALUES
 ('2', 'ContactForm', '1.8.0', '1.0.0', NULL, 'unknown', '1', '{\"toEmail\":\"jim.e.christie@gmail.com\",\"prependSender\":\"On behalf of\",\"prependSubject\":\"New message from Jim Christie\",\"allowAttachments\":\"\",\"honeypotField\":\"trap some spiders\",\"successFlashMessage\":\"Your message has been sent.\"}', '2016-08-26 23:53:08', '2016-08-26 23:53:08', '2016-09-05 22:15:48', '2d154fa8-0405-4485-a34c-51d2be7ef1d3');



DROP TABLE IF EXISTS `craft_rackspaceaccess`;


--
-- Schema for table `craft_rackspaceaccess`
--
CREATE TABLE `craft_rackspaceaccess` (
  `id` int(11) NOT NULL AUTO_INCREMENT,
  `connectionKey` varchar(255) COLLATE utf8_unicode_ci NOT NULL,
  `token` varchar(255) COLLATE utf8_unicode_ci NOT NULL,
  `storageUrl` varchar(255) COLLATE utf8_unicode_ci NOT NULL,
  `cdnUrl` varchar(255) COLLATE utf8_unicode_ci NOT NULL,
  `dateCreated` datetime NOT NULL,
  `dateUpdated` datetime NOT NULL,
  `uid` char(36) COLLATE utf8_unicode_ci NOT NULL DEFAULT '0',
  PRIMARY KEY (`id`),
  UNIQUE KEY `craft_rackspaceaccess_connectionKey_unq_idx` (`connectionKey`)
) ENGINE=InnoDB DEFAULT CHARSET=utf8 COLLATE=utf8_unicode_ci;

DROP TABLE IF EXISTS `craft_relations`;


--
-- Schema for table `craft_relations`
--
CREATE TABLE `craft_relations` (
  `id` int(11) NOT NULL AUTO_INCREMENT,
  `fieldId` int(11) NOT NULL,
  `sourceId` int(11) NOT NULL,
  `sourceLocale` char(12) COLLATE utf8_unicode_ci DEFAULT NULL,
  `targetId` int(11) NOT NULL,
  `sortOrder` smallint(6) DEFAULT NULL,
  `dateCreated` datetime NOT NULL,
  `dateUpdated` datetime NOT NULL,
  `uid` char(36) COLLATE utf8_unicode_ci NOT NULL DEFAULT '0',
  PRIMARY KEY (`id`),
  UNIQUE KEY `craft_relations_fieldId_sourceId_sourceLocale_targetId_unq_idx` (`fieldId`,`sourceId`,`sourceLocale`,`targetId`),
  KEY `craft_relations_sourceId_fk` (`sourceId`),
  KEY `craft_relations_sourceLocale_fk` (`sourceLocale`),
  KEY `craft_relations_targetId_fk` (`targetId`)
) ENGINE=InnoDB AUTO_INCREMENT=276 DEFAULT CHARSET=utf8 COLLATE=utf8_unicode_ci;

--
-- Data for table `craft_relations`
--

INSERT INTO `craft_relations` (`id`, `fieldId`, `sourceId`, `sourceLocale`, `targetId`, `sortOrder`, `dateCreated`, `dateUpdated`, `uid`) VALUES
 ('58', '12', '3', NULL, '27', '1', '2016-08-30 00:14:30', '2016-08-30 00:14:30', '1a60517b-c1ce-4905-9b51-0390a2196d91'),
 ('60', '7', '23', NULL, '22', '1', '2016-08-30 00:15:06', '2016-08-30 00:15:06', '622d1a6d-330d-4eef-a6fb-1f3cd6b5d4ff'),
 ('61', '7', '21', NULL, '20', '1', '2016-08-30 00:15:21', '2016-08-30 00:15:21', 'e05a614b-b2ab-43cb-88ae-d89b88b4a6b5'),
 ('153', '7', '17', NULL, '19', '1', '2016-09-01 02:15:20', '2016-09-01 02:15:20', 'aced6997-5ae6-47de-b4ba-6cd95e4160fe'),
 ('156', '7', '25', NULL, '24', '1', '2016-09-01 02:20:42', '2016-09-01 02:20:42', '14352d8d-6fe3-429a-9c36-f4bc7068057d'),
 ('256', '16', '30', NULL, '34', '1', '2016-09-03 03:40:51', '2016-09-03 03:40:51', 'ed43836f-2f44-47e8-93d4-a8b121090cb4'),
 ('257', '16', '30', NULL, '36', '2', '2016-09-03 03:40:51', '2016-09-03 03:40:51', '6f70bab9-5a26-4583-bcf0-43545bfc63b9'),
 ('258', '16', '30', NULL, '35', '3', '2016-09-03 03:40:51', '2016-09-03 03:40:51', 'ce7dc9c1-6d90-48dc-992a-bf382b216e3a'),
 ('259', '16', '30', NULL, '38', '4', '2016-09-03 03:40:51', '2016-09-03 03:40:51', '9051a0b4-f81a-4694-ab71-8a2ae083d307'),
 ('260', '16', '30', NULL, '32', '5', '2016-09-03 03:40:51', '2016-09-03 03:40:51', '498623b9-4b2a-46db-ba33-3d5cc8930be0'),
 ('261', '16', '30', NULL, '37', '6', '2016-09-03 03:40:51', '2016-09-03 03:40:51', '3ec0121f-a0d4-4bce-a447-3ae60fb63c0a'),
 ('262', '16', '30', NULL, '31', '7', '2016-09-03 03:40:51', '2016-09-03 03:40:51', '37719362-7ad7-4951-870f-a12e83f413eb'),
 ('263', '16', '30', NULL, '33', '8', '2016-09-03 03:40:51', '2016-09-03 03:40:51', '7dd90023-cb5c-474b-bf71-e94db3c9fd79'),
 ('264', '12', '30', NULL, '39', '1', '2016-09-03 03:40:51', '2016-09-03 03:40:51', 'ac4beac4-b7c1-4181-9b9b-ab04fa53e5d5'),
 ('265', '16', '43', NULL, '31', '1', '2016-09-03 07:53:03', '2016-09-03 07:53:03', '17f0a12c-998e-45db-9a69-ce1763d52762'),
 ('266', '16', '43', NULL, '40', '2', '2016-09-03 07:53:03', '2016-09-03 07:53:03', '14726718-3b7f-4bdf-ada7-32172fa62e1c'),
 ('267', '16', '43', NULL, '41', '3', '2016-09-03 07:53:03', '2016-09-03 07:53:03', 'eb6c28d9-04d8-4a0f-91a7-d5c83bdf161c'),
 ('268', '16', '43', NULL, '32', '4', '2016-09-03 07:53:03', '2016-09-03 07:53:03', 'f76536e2-3c45-4654-8cf1-ca3a0aea92ea'),
 ('269', '16', '43', NULL, '42', '5', '2016-09-03 07:53:03', '2016-09-03 07:53:03', '9b8b2d1e-ca26-4604-80c9-05a72ea9ade4'),
 ('270', '12', '43', NULL, '55', '1', '2016-09-03 07:53:04', '2016-09-03 07:53:04', '1209a4b2-7caf-4e8e-b9cf-1833ebdd8ef8'),
 ('271', '3', '4', NULL, '9', '1', '2016-09-05 01:34:05', '2016-09-05 01:34:05', '8a5f91bc-a8d0-486b-98c4-cc5d295749dd'),
 ('272', '3', '4', NULL, '11', '2', '2016-09-05 01:34:05', '2016-09-05 01:34:05', 'fb0bd92c-f3ae-4837-9105-ec3449555741'),
 ('273', '12', '4', NULL, '9', '1', '2016-09-05 01:34:05', '2016-09-05 01:34:05', 'afe5c87b-6877-4afa-88d9-05e07c837c8f'),
 ('274', '30', '4', NULL, '45', '1', '2016-09-05 01:34:05', '2016-09-05 01:34:05', '925954c9-39f7-4f80-8e1f-b9d11a66a3fd'),
 ('275', '30', '4', NULL, '44', '2', '2016-09-05 01:34:05', '2016-09-05 01:34:05', 'd4983d1e-4468-4972-a539-ad2cb480c6f3');



DROP TABLE IF EXISTS `craft_routes`;


--
-- Schema for table `craft_routes`
--
CREATE TABLE `craft_routes` (
  `id` int(11) NOT NULL AUTO_INCREMENT,
  `locale` char(12) COLLATE utf8_unicode_ci DEFAULT NULL,
  `urlParts` varchar(255) COLLATE utf8_unicode_ci NOT NULL,
  `urlPattern` varchar(255) COLLATE utf8_unicode_ci NOT NULL,
  `template` varchar(255) COLLATE utf8_unicode_ci NOT NULL,
  `sortOrder` smallint(6) unsigned DEFAULT NULL,
  `dateCreated` datetime NOT NULL,
  `dateUpdated` datetime NOT NULL,
  `uid` char(36) COLLATE utf8_unicode_ci NOT NULL DEFAULT '0',
  PRIMARY KEY (`id`),
  UNIQUE KEY `craft_routes_urlPattern_unq_idx` (`urlPattern`),
  KEY `craft_routes_locale_idx` (`locale`)
) ENGINE=InnoDB DEFAULT CHARSET=utf8 COLLATE=utf8_unicode_ci;

DROP TABLE IF EXISTS `craft_searchindex`;


--
-- Schema for table `craft_searchindex`
--
CREATE TABLE `craft_searchindex` (
  `elementId` int(11) NOT NULL,
  `attribute` varchar(25) COLLATE utf8_unicode_ci NOT NULL,
  `fieldId` int(11) NOT NULL,
  `locale` char(12) COLLATE utf8_unicode_ci NOT NULL,
  `keywords` text COLLATE utf8_unicode_ci NOT NULL,
  PRIMARY KEY (`elementId`,`attribute`,`fieldId`,`locale`),
  FULLTEXT KEY `craft_searchindex_keywords_idx` (`keywords`)
) ENGINE=MyISAM DEFAULT CHARSET=utf8 COLLATE=utf8_unicode_ci;

--
-- Data for table `craft_searchindex`
--

INSERT INTO `craft_searchindex` (`elementId`, `attribute`, `fieldId`, `locale`, `keywords`) VALUES
 ('9', 'filename', '0', 'en_us', ' 1st floor data closet jpg '),
 ('9', 'extension', '0', 'en_us', ' jpg '),
 ('9', 'kind', '0', 'en_us', ' image '),
 ('9', 'slug', '0', 'en_us', ' 1st floor data closet '),
 ('9', 'title', '0', 'en_us', ' 1st floor data closet '),
 ('11', 'filename', '0', 'en_us', ' 2nd floor data closet messy jpg '),
 ('11', 'extension', '0', 'en_us', ' jpg '),
 ('11', 'kind', '0', 'en_us', ' image '),
 ('11', 'slug', '0', 'en_us', ' 2nd floor data closet messy '),
 ('11', 'title', '0', 'en_us', ' 2nd floor data closet messy '),
 ('20', 'filename', '0', 'en_us', ' puella jpg '),
 ('20', 'extension', '0', 'en_us', ' jpg '),
 ('20', 'kind', '0', 'en_us', ' image '),
 ('20', 'slug', '0', 'en_us', ' puella '),
 ('20', 'title', '0', 'en_us', ' puella '),
 ('19', 'filename', '0', 'en_us', ' masterpiece_500x399 png '),
 ('19', 'extension', '0', 'en_us', ' png '),
 ('19', 'kind', '0', 'en_us', ' image '),
 ('19', 'slug', '0', 'en_us', ' masterpiece 500x399 '),
 ('19', 'title', '0', 'en_us', ' masterpiece 500x399 '),
 ('22', 'filename', '0', 'en_us', ' puer jpg '),
 ('22', 'extension', '0', 'en_us', ' jpg '),
 ('22', 'kind', '0', 'en_us', ' image '),
 ('22', 'slug', '0', 'en_us', ' puer '),
 ('22', 'title', '0', 'en_us', ' puer '),
 ('24', 'filename', '0', 'en_us', ' meanddadbluecar jpg '),
 ('24', 'extension', '0', 'en_us', ' jpg '),
 ('24', 'kind', '0', 'en_us', ' image '),
 ('24', 'slug', '0', 'en_us', ' me and dad blue car '),
 ('24', 'title', '0', 'en_us', ' me and dad blue car '),
 ('26', 'filename', '0', 'en_us', ' me jpg '),
 ('26', 'extension', '0', 'en_us', ' jpg '),
 ('26', 'kind', '0', 'en_us', ' image '),
 ('26', 'slug', '0', 'en_us', ' me '),
 ('26', 'title', '0', 'en_us', ' me '),
 ('27', 'filename', '0', 'en_us', ' bacardi jpg '),
 ('27', 'extension', '0', 'en_us', ' jpg '),
 ('27', 'kind', '0', 'en_us', ' image '),
 ('27', 'slug', '0', 'en_us', ' bacardi '),
 ('27', 'title', '0', 'en_us', ' bacardi '),
 ('2', 'slug', '0', 'en_us', ' homepage '),
 ('2', 'title', '0', 'en_us', ' hello '),
 ('2', 'field', '1', 'en_us', ' i m jim christie i m a web devoloper an agile coach a cyclist and sometimes an artist as anyone who works on the internet should i love cats i have over five years of web development experience i lean strongly toward back end functionality of websites i can do design but i don t love it and consequently i m not the best at it i ve become a strong supporter of agile methodologies '),
 ('2', 'field', '2', 'en_us', ''),
 ('2', 'field', '3', 'en_us', ''),
 ('4', 'slug', '0', 'en_us', ' new test entry '),
 ('4', 'title', '0', 'en_us', ' it s business time '),
 ('4', 'field', '1', 'en_us', ' i m just checking out craft i can t figure out how to add an image to my post paragraph 2 '),
 ('4', 'field', '2', 'en_us', ''),
 ('4', 'field', '3', 'en_us', ' 1st floor data closet 2nd floor data closet messy '),
 ('4', 'field', '11', 'en_us', ' the magic indian is a mysterious spiritual force and we re going to cathedral rock and that s the vortex of the heart i wrestled a bear once a 750lbs black bear i wrestled a bear once a 750lbs black bear i wrestled a bear once a 750lbs black bear listen to the silence and when the silence is deafening you re in the center of your own universe go with the feeling of the nature take it easy know why you re here and remeber to balance your internal energy with the environment '),
 ('4', 'field', '12', 'en_us', ' 1st floor data closet '),
 ('4', 'field', '10', 'en_us', ' 0 '),
 ('4', 'field', '13', 'en_us', ''),
 ('3', 'slug', '0', 'en_us', ' we just installed craft '),
 ('3', 'title', '0', 'en_us', ' pleasure post '),
 ('3', 'field', '1', 'en_us', ' craft is the cms that s powering craft jimchristie me it s beautiful powerful flexible and easy to use and it s made by pixel tonic we can t wait to dive in and see what it s capable of this is even more captivating content which you couldn t see on the news index page because it was entered after a page break and the news index template only likes to show the content on the first page craft a nice alternative to word if you re making a website '),
 ('3', 'field', '2', 'en_us', ''),
 ('3', 'field', '3', 'en_us', ''),
 ('3', 'field', '11', 'en_us', ' go with the feeling of the nature take it easy know why you re here and remeber to balance your internal energy with the environment did you feel that look at me i m not out of breath anymore thats an advanced modern oxymoron it was good i like it and i beleived it man you got a way with using words thats like a lariat that does a snake whip on your back legs i mean on the back of your legs not that you have 4 legs and pulls you this way and thats what that line did to me and i believed every minute of it until i looked at the quadrangle that it produced with the verbs used in the sentence this is just common superficiality is thats whats so special about a woman superficiality with their face colours it s good for everyone to understand that they are to love their enemies simply because your enemies show you things about yourself you need to change so in actuality enemies are friends in reverse '),
 ('3', 'field', '12', 'en_us', ' bacardi '),
 ('3', 'field', '10', 'en_us', ' 1 '),
 ('3', 'field', '13', 'en_us', ''),
 ('17', 'slug', '0', 'en_us', ' untitled '),
 ('17', 'title', '0', 'en_us', ' untitled '),
 ('17', 'field', '7', 'en_us', ' masterpiece 500x399 '),
 ('17', 'field', '6', 'en_us', ' this was a project in a painting class in college the assignment was to create a painting by pouring paint on the canvas this was the second iteration of this assignment the first was criticized by the professor as being too layered my professor didn t like that he cold tell the order that the paint was poured onto the canvas though i disagreed however in the interest of getting a good grade i pushed my painting as far from that criticism as i could this was the result which i have been incredibly pleased with '),
 ('17', 'field', '5', 'en_us', ' acrylic on canvas applied by mixing paint with water and pouring it onto the canvas i then manipulated the canvas to force the paint to flow in different directions '),
 ('17', 'field', '4', 'en_us', ''),
 ('17', 'field', '8', 'en_us', ' 0 '),
 ('17', 'field', '9', 'en_us', ''),
 ('21', 'slug', '0', 'en_us', ' puella '),
 ('21', 'title', '0', 'en_us', ' puella '),
 ('21', 'field', '7', 'en_us', ' puella '),
 ('21', 'field', '6', 'en_us', ' this is one of my cats she s the best and the worst '),
 ('21', 'field', '5', 'en_us', ' digital created with autodesk sketchbook on a samsung note pro '),
 ('21', 'field', '4', 'en_us', ''),
 ('21', 'field', '8', 'en_us', ' 0 '),
 ('21', 'field', '9', 'en_us', ''),
 ('23', 'slug', '0', 'en_us', ' puer '),
 ('23', 'title', '0', 'en_us', ' puer '),
 ('23', 'field', '7', 'en_us', ' puer '),
 ('23', 'field', '6', 'en_us', ' one of my cats he loves having his armpits scratched '),
 ('23', 'field', '5', 'en_us', ' digital i experimented quite a bit with this one i started out using artflow on a samsung note 8 0 but finished it in autodesk sketchbook on a samsung note pro '),
 ('23', 'field', '4', 'en_us', ''),
 ('23', 'field', '8', 'en_us', ' 0 '),
 ('23', 'field', '9', 'en_us', ''),
 ('25', 'slug', '0', 'en_us', ' blue car '),
 ('25', 'title', '0', 'en_us', ' blue car '),
 ('25', 'field', '7', 'en_us', ' me and dad blue car '),
 ('25', 'field', '6', 'en_us', ' this was a 3x5 photo of me and my dad the photo was grainy in addition to being small making the painting incredibly difficult it took me almost two years to complete but i was incredibly pleased with the results '),
 ('25', 'field', '5', 'en_us', ' digital primarily done on a samsung note pro with the autodesk sketchbook app however i tinkered with other programs as well '),
 ('25', 'field', '4', 'en_us', ''),
 ('25', 'field', '8', 'en_us', ' 0 '),
 ('25', 'field', '9', 'en_us', ''),
 ('1', 'username', '0', 'en_us', ' jimirings '),
 ('1', 'firstname', '0', 'en_us', ''),
 ('1', 'lastname', '0', 'en_us', ''),
 ('1', 'fullname', '0', 'en_us', ''),
 ('1', 'email', '0', 'en_us', ' jimirings gmail com ');
INSERT INTO `craft_searchindex` (`elementId`, `attribute`, `fieldId`, `locale`, `keywords`) VALUES
 ('1', 'slug', '0', 'en_us', ''),
 ('28', 'slug', '0', 'en_us', ' contact '),
 ('28', 'title', '0', 'en_us', ' contact '),
 ('29', 'slug', '0', 'en_us', ' thanks '),
 ('29', 'title', '0', 'en_us', ' thanks '),
 ('4', 'field', '15', 'en_us', ' 1 '),
 ('4', 'field', '14', 'en_us', ''),
 ('3', 'field', '15', 'en_us', ' 1 '),
 ('3', 'field', '14', 'en_us', ''),
 ('25', 'field', '15', 'en_us', ' 1 '),
 ('25', 'field', '14', 'en_us', ' 30% center '),
 ('23', 'field', '15', 'en_us', ' 1 '),
 ('23', 'field', '14', 'en_us', ' right center '),
 ('21', 'field', '15', 'en_us', ' 1 '),
 ('21', 'field', '14', 'en_us', ' center center '),
 ('17', 'field', '15', 'en_us', ' 1 '),
 ('17', 'field', '14', 'en_us', ' center top '),
 ('30', 'field', '4', 'en_us', ''),
 ('30', 'field', '1', 'en_us', ' this project was an initiative to launch a new web based subsidiary of a larger insurance company the company used this initiative to experiment with new technologies and workflow methodologies among these new technologies and methodologies are new to me phpunitjasmine unit testing frameworknew to the company linuxmysqlphpnew to everyone involved agile specifically scrumcraft cmsamazon web servicesangularas a result of these experiments i have grown as a developer and a coworker in leaps and bounds most notably i discovered agile methodologies upon discovering scrum i quickly began to read everything i could find on agile and scrum i went to agile dev west and agile gravy became a certified scrum product owner and certified scrummaster through scrum alliance and joined a local agile users group i quickly began to advise my team on how to better apply these methodologies and to the organization at large through feedback to the agile coaches guiding the organizational agile transformation from a technical perspective i grew in several ways though the site utilized the craft cms to a degree much of the initial development we were doing did not utilize the cms the lion s share of the initial work involved building a custom plugin for generating insurance quotes via calls to apis built by other teams within the organization this work afforded me the opportunity to use php in ways that i had not known it was capable specifically using it as a middle layer between an angular front end and the apis as this initial setup tapered off we began to tie the content of our site into craft as we did so i developed a great appreciation for craft we utilized every feature of craft  '),
 ('30', 'field', '11', 'en_us', ' this project was an initiative to launch a new web based subsidiary of a larger insurance company '),
 ('30', 'field', '16', 'en_us', ' agile angular api craft cms javascript lamp php scrum '),
 ('30', 'field', '12', 'en_us', ' say insurance '),
 ('30', 'field', '14', 'en_us', ''),
 ('30', 'slug', '0', 'en_us', ' say insurance '),
 ('30', 'title', '0', 'en_us', ' say insurance '),
 ('31', 'name', '0', 'en_us', ' php '),
 ('31', 'slug', '0', 'en_us', ''),
 ('31', 'title', '0', 'en_us', ' php '),
 ('32', 'name', '0', 'en_us', ' javascript '),
 ('32', 'slug', '0', 'en_us', ''),
 ('32', 'title', '0', 'en_us', ' javascript '),
 ('33', 'name', '0', 'en_us', ' scrum '),
 ('33', 'slug', '0', 'en_us', ''),
 ('33', 'title', '0', 'en_us', ' scrum '),
 ('34', 'name', '0', 'en_us', ' agile '),
 ('34', 'slug', '0', 'en_us', ''),
 ('34', 'title', '0', 'en_us', ' agile '),
 ('35', 'name', '0', 'en_us', ' api '),
 ('35', 'slug', '0', 'en_us', ''),
 ('35', 'title', '0', 'en_us', ' api '),
 ('36', 'name', '0', 'en_us', ' angular '),
 ('36', 'slug', '0', 'en_us', ''),
 ('36', 'title', '0', 'en_us', ' angular '),
 ('37', 'name', '0', 'en_us', ' lamp '),
 ('37', 'slug', '0', 'en_us', ''),
 ('37', 'title', '0', 'en_us', ' lamp '),
 ('38', 'name', '0', 'en_us', ' craft cms '),
 ('38', 'slug', '0', 'en_us', ''),
 ('38', 'title', '0', 'en_us', ' craft cms '),
 ('39', 'filename', '0', 'en_us', ' sayinsurance png '),
 ('39', 'extension', '0', 'en_us', ' png '),
 ('39', 'kind', '0', 'en_us', ' image '),
 ('39', 'slug', '0', 'en_us', ''),
 ('39', 'title', '0', 'en_us', ' say insurance '),
 ('30', 'field', '7', 'en_us', ''),
 ('30', 'field', '20', 'en_us', ''),
 ('30', 'field', '19', 'en_us', ' 2015 06 15 '),
 ('30', 'field', '18', 'en_us', ' https '),
 ('30', 'field', '17', 'en_us', ' www sayinsurance com '),
 ('30', 'field', '15', 'en_us', ' 1 '),
 ('30', 'field', '21', 'en_us', ' this project was an initiative to launch a new web based subsidiary of a larger insurance company '),
 ('17', 'field', '22', 'en_us', ' portrait '),
 ('40', 'name', '0', 'en_us', ' drupal '),
 ('25', 'field', '22', 'en_us', ' landscape '),
 ('40', 'slug', '0', 'en_us', ''),
 ('40', 'title', '0', 'en_us', ' drupal '),
 ('41', 'name', '0', 'en_us', ' wordpress '),
 ('41', 'slug', '0', 'en_us', ''),
 ('41', 'title', '0', 'en_us', ' wordpress '),
 ('42', 'name', '0', 'en_us', ' jquery '),
 ('42', 'slug', '0', 'en_us', ''),
 ('42', 'title', '0', 'en_us', ' jquery '),
 ('43', 'field', '1', 'en_us', ' stuff '),
 ('43', 'field', '7', 'en_us', ''),
 ('43', 'field', '16', 'en_us', ' php drupal wordpress javascript jquery '),
 ('43', 'field', '19', 'en_us', ' 2013 08 01 '),
 ('43', 'field', '20', 'en_us', ' 2015 06 15 '),
 ('43', 'field', '18', 'en_us', ' http '),
 ('43', 'field', '17', 'en_us', ' www dbrl org '),
 ('43', 'field', '11', 'en_us', ''),
 ('43', 'field', '21', 'en_us', ' yada yada '),
 ('43', 'field', '12', 'en_us', ' dbrl '),
 ('43', 'field', '14', 'en_us', ' up down '),
 ('43', 'field', '15', 'en_us', ' 1 '),
 ('43', 'slug', '0', 'en_us', ' daniel boone regional library '),
 ('43', 'title', '0', 'en_us', ' daniel boone regional library '),
 ('44', 'field', '23', 'en_us', ' scrum alliance '),
 ('44', 'field', '24', 'en_us', ' 2016 06 03 '),
 ('44', 'field', '25', 'en_us', ' 2018 06 03 '),
 ('44', 'field', '18', 'en_us', ' https '),
 ('44', 'field', '17', 'en_us', ' www scrumalliance org '),
 ('44', 'slug', '0', 'en_us', ' certified scrummaster '),
 ('44', 'title', '0', 'en_us', ' certified scrummaster '),
 ('45', 'field', '23', 'en_us', ' scrum alliance '),
 ('45', 'field', '24', 'en_us', ' 2016 06 10 '),
 ('45', 'field', '25', 'en_us', ' 2018 06 10 '),
 ('45', 'field', '18', 'en_us', ' https '),
 ('45', 'field', '17', 'en_us', ' www scrumalliance org '),
 ('45', 'slug', '0', 'en_us', ' certified product owner '),
 ('45', 'title', '0', 'en_us', ' certified product owner ');
INSERT INTO `craft_searchindex` (`elementId`, `attribute`, `fieldId`, `locale`, `keywords`) VALUES
 ('2', 'field', '27', 'en_us', ' php 4 javascript 5 jquery 5 scrum 4 angular 3 xp 2 kanban 3 '),
 ('46', 'field', '28', 'en_us', ' php '),
 ('46', 'field', '29', 'en_us', ' 4 '),
 ('46', 'slug', '0', 'en_us', ''),
 ('47', 'field', '28', 'en_us', ' javascript '),
 ('47', 'field', '29', 'en_us', ' 5 '),
 ('47', 'slug', '0', 'en_us', ''),
 ('48', 'field', '28', 'en_us', ' jquery '),
 ('48', 'field', '29', 'en_us', ' 5 '),
 ('48', 'slug', '0', 'en_us', ''),
 ('49', 'field', '28', 'en_us', ' scrum '),
 ('49', 'field', '29', 'en_us', ' 4 '),
 ('49', 'slug', '0', 'en_us', ''),
 ('50', 'field', '28', 'en_us', ' angular '),
 ('50', 'field', '29', 'en_us', ' 3 '),
 ('50', 'slug', '0', 'en_us', ''),
 ('51', 'field', '28', 'en_us', ' xp '),
 ('51', 'field', '29', 'en_us', ' 2 '),
 ('51', 'slug', '0', 'en_us', ''),
 ('52', 'field', '28', 'en_us', ' kanban '),
 ('52', 'field', '29', 'en_us', ' 3 '),
 ('52', 'slug', '0', 'en_us', ''),
 ('53', 'field', '26', 'en_us', ' 2016 06 04 '),
 ('53', 'field', '18', 'en_us', ' https '),
 ('53', 'field', '17', 'en_us', ' adcwest techwell com '),
 ('53', 'slug', '0', 'en_us', ' agile dev west '),
 ('53', 'title', '0', 'en_us', ' agile dev west '),
 ('54', 'field', '26', 'en_us', ' 2016 09 29 '),
 ('54', 'field', '18', 'en_us', ' http '),
 ('54', 'field', '17', 'en_us', ' http agilegravyinc com '),
 ('54', 'slug', '0', 'en_us', ' agile gravy '),
 ('54', 'title', '0', 'en_us', ' agile gravy '),
 ('55', 'filename', '0', 'en_us', ' dbrl png '),
 ('55', 'extension', '0', 'en_us', ' png '),
 ('55', 'kind', '0', 'en_us', ' image '),
 ('55', 'slug', '0', 'en_us', ''),
 ('55', 'title', '0', 'en_us', ' dbrl '),
 ('4', 'field', '30', 'en_us', ' certified product owner certified scrummaster '),
 ('56', 'field', '31', 'en_us', ' 3 '),
 ('56', 'field', '19', 'en_us', ' 2015 06 06 '),
 ('56', 'slug', '0', 'en_us', ' angular '),
 ('56', 'title', '0', 'en_us', ' angular '),
 ('57', 'field', '31', 'en_us', ' 5 '),
 ('57', 'field', '19', 'en_us', ' 2014 06 01 '),
 ('57', 'slug', '0', 'en_us', ' javascript '),
 ('57', 'title', '0', 'en_us', ' javascript '),
 ('58', 'field', '31', 'en_us', ' 5 '),
 ('58', 'field', '19', 'en_us', ' 2012 06 01 '),
 ('58', 'slug', '0', 'en_us', ' jquery '),
 ('58', 'title', '0', 'en_us', ' jquery '),
 ('59', 'field', '31', 'en_us', ' 4 '),
 ('59', 'field', '19', 'en_us', ' 2015 01 01 '),
 ('59', 'slug', '0', 'en_us', ' php '),
 ('59', 'title', '0', 'en_us', ' php '),
 ('60', 'field', '31', 'en_us', ' 4 '),
 ('60', 'field', '19', 'en_us', ' 2015 06 01 '),
 ('60', 'slug', '0', 'en_us', ' scrum '),
 ('60', 'title', '0', 'en_us', ' scrum '),
 ('61', 'field', '31', 'en_us', ' 3 '),
 ('61', 'field', '19', 'en_us', ' 2015 09 01 '),
 ('61', 'slug', '0', 'en_us', ' kanban '),
 ('61', 'title', '0', 'en_us', ' kanban '),
 ('62', 'field', '31', 'en_us', ' 2 '),
 ('62', 'field', '19', 'en_us', ' 2016 06 01 '),
 ('62', 'slug', '0', 'en_us', ' xp '),
 ('62', 'title', '0', 'en_us', ' xp ');



DROP TABLE IF EXISTS `craft_sections`;


--
-- Schema for table `craft_sections`
--
CREATE TABLE `craft_sections` (
  `id` int(11) NOT NULL AUTO_INCREMENT,
  `structureId` int(11) DEFAULT NULL,
  `name` varchar(255) COLLATE utf8_unicode_ci NOT NULL,
  `handle` varchar(255) COLLATE utf8_unicode_ci NOT NULL,
  `type` enum('single','channel','structure') COLLATE utf8_unicode_ci NOT NULL DEFAULT 'channel',
  `hasUrls` tinyint(1) unsigned NOT NULL DEFAULT '1',
  `template` varchar(500) COLLATE utf8_unicode_ci DEFAULT NULL,
  `enableVersioning` tinyint(1) unsigned NOT NULL DEFAULT '0',
  `dateCreated` datetime NOT NULL,
  `dateUpdated` datetime NOT NULL,
  `uid` char(36) COLLATE utf8_unicode_ci NOT NULL DEFAULT '0',
  PRIMARY KEY (`id`),
  UNIQUE KEY `craft_sections_name_unq_idx` (`name`),
  UNIQUE KEY `craft_sections_handle_unq_idx` (`handle`),
  KEY `craft_sections_structureId_fk` (`structureId`)
) ENGINE=InnoDB AUTO_INCREMENT=12 DEFAULT CHARSET=utf8 COLLATE=utf8_unicode_ci;

--
-- Data for table `craft_sections`
--

INSERT INTO `craft_sections` (`id`, `structureId`, `name`, `handle`, `type`, `hasUrls`, `template`, `enableVersioning`, `dateCreated`, `dateUpdated`, `uid`) VALUES
 ('1', NULL, 'Homepage', 'homepage', 'single', '1', 'index', '1', '2015-12-05 19:12:27', '2016-01-19 02:46:36', '793a11d6-1a67-40a1-91a8-915891a4ea69'),
 ('2', NULL, 'Blog', 'blog', 'channel', '1', 'blog/_entry', '1', '2015-12-05 19:12:27', '2016-08-06 23:35:30', 'b015b92b-84d2-42ef-a3ad-1e7f5330a50c'),
 ('4', NULL, 'Web Development', 'webDevelopment', 'channel', '1', 'web-development/_entry', '1', '2016-08-09 00:21:44', '2016-08-09 00:21:44', '20f97d4b-4d93-4364-a882-8fbaf58a0032'),
 ('5', NULL, 'Art', 'art', 'channel', '1', 'art/_entry', '1', '2016-08-09 00:24:12', '2016-08-09 00:24:12', '3bd81052-205d-466b-9cd3-1c4f23f4b64c'),
 ('6', NULL, 'Contact', 'contact', 'single', '1', 'contact/_form.html', '1', '2016-08-27 16:38:52', '2016-08-28 01:59:12', 'ee4b1d6b-3980-4aae-ad0c-6896461d6014'),
 ('7', NULL, 'Thanks', 'thanks', 'single', '1', 'contact/_thanks.html', '1', '2016-08-28 02:00:15', '2016-08-28 02:01:23', 'c0c8660e-4a89-4b55-915d-9bf7d2824320'),
 ('8', NULL, 'Certifications', 'certifications', 'channel', '0', NULL, '1', '2016-09-01 22:08:47', '2016-09-01 22:33:47', 'f256ae8c-777a-49a5-a32a-b735ab06f285'),
 ('9', NULL, 'Conferences', 'conferences', 'channel', '0', NULL, '1', '2016-09-01 22:33:30', '2016-09-01 22:33:30', '77f5f021-89c0-4302-8bcb-82357cc3057d'),
 ('10', NULL, 'Skills', 'skills', 'channel', '0', NULL, '1', '2016-09-04 16:29:13', '2016-09-05 02:53:09', '81491946-1e68-44bb-a459-b69d218464f7'),
 ('11', NULL, 'Testimonials', 'testimonials', 'channel', '0', NULL, '1', '2016-09-04 18:55:47', '2016-09-04 18:55:47', '110fad17-c245-47d2-9bf7-800de6c78389');



DROP TABLE IF EXISTS `craft_sections_i18n`;


--
-- Schema for table `craft_sections_i18n`
--
CREATE TABLE `craft_sections_i18n` (
  `id` int(11) NOT NULL AUTO_INCREMENT,
  `sectionId` int(11) NOT NULL,
  `locale` char(12) COLLATE utf8_unicode_ci NOT NULL,
  `enabledByDefault` tinyint(1) unsigned NOT NULL DEFAULT '1',
  `urlFormat` text COLLATE utf8_unicode_ci,
  `nestedUrlFormat` text COLLATE utf8_unicode_ci,
  `dateCreated` datetime NOT NULL,
  `dateUpdated` datetime NOT NULL,
  `uid` char(36) COLLATE utf8_unicode_ci NOT NULL DEFAULT '0',
  PRIMARY KEY (`id`),
  UNIQUE KEY `craft_sections_i18n_sectionId_locale_unq_idx` (`sectionId`,`locale`),
  KEY `craft_sections_i18n_locale_fk` (`locale`)
) ENGINE=InnoDB AUTO_INCREMENT=12 DEFAULT CHARSET=utf8 COLLATE=utf8_unicode_ci;

--
-- Data for table `craft_sections_i18n`
--

INSERT INTO `craft_sections_i18n` (`id`, `sectionId`, `locale`, `enabledByDefault`, `urlFormat`, `nestedUrlFormat`, `dateCreated`, `dateUpdated`, `uid`) VALUES
 ('1', '1', 'en_us', '1', '__home__', NULL, '2015-12-05 19:12:27', '2016-06-28 12:49:53', '64a332fd-33b4-4a07-902e-61f6fa32892b'),
 ('2', '2', 'en_us', '1', 'blog/{slug}', NULL, '2015-12-05 19:12:27', '2016-08-06 23:35:30', '03f22932-6d49-498f-b0fc-950110263bf8'),
 ('4', '4', 'en_us', '1', 'web-development/{slug}', NULL, '2016-08-09 00:21:44', '2016-08-09 00:21:44', 'bdb27790-abdb-4f0d-b22b-c8f26286f988'),
 ('5', '5', 'en_us', '1', 'art/{slug}', NULL, '2016-08-09 00:24:12', '2016-08-09 00:24:12', 'df49d7e2-a64d-48ac-b682-004fe5f927f4'),
 ('6', '6', 'en_us', '1', 'contact', NULL, '2016-08-27 16:38:52', '2016-08-27 16:38:52', '56104703-7112-44bc-8e19-5f77b74805ea'),
 ('7', '7', 'en_us', '1', 'contact/thanks', NULL, '2016-08-28 02:00:15', '2016-08-28 02:01:23', '9ccb046c-e996-4777-b868-b65188666638'),
 ('8', '8', 'en_us', '1', NULL, NULL, '2016-09-01 22:08:47', '2016-09-01 22:33:47', 'fcd61d8b-d945-47bb-9503-f43d9872f805'),
 ('9', '9', 'en_us', '1', NULL, NULL, '2016-09-01 22:33:30', '2016-09-01 22:33:30', 'da7c334d-a18d-49af-a662-45087479539a'),
 ('10', '10', 'en_us', '1', NULL, NULL, '2016-09-04 16:29:13', '2016-09-04 16:29:13', '0068c7aa-3d54-4469-9d6d-d6511f67ae01'),
 ('11', '11', 'en_us', '1', NULL, NULL, '2016-09-04 18:55:47', '2016-09-04 18:55:47', '06ab128c-f529-489f-befc-1a3983f06b3b');



DROP TABLE IF EXISTS `craft_sessions`;


--
-- Schema for table `craft_sessions`
--
CREATE TABLE `craft_sessions` (
  `id` int(11) NOT NULL AUTO_INCREMENT,
  `userId` int(11) NOT NULL,
  `token` char(100) COLLATE utf8_unicode_ci NOT NULL,
  `dateCreated` datetime NOT NULL,
  `dateUpdated` datetime NOT NULL,
  `uid` char(36) COLLATE utf8_unicode_ci NOT NULL DEFAULT '0',
  PRIMARY KEY (`id`),
  KEY `craft_sessions_uid_idx` (`uid`),
  KEY `craft_sessions_token_idx` (`token`),
  KEY `craft_sessions_dateUpdated_idx` (`dateUpdated`),
  KEY `craft_sessions_userId_fk` (`userId`)
) ENGINE=InnoDB AUTO_INCREMENT=38 DEFAULT CHARSET=utf8 COLLATE=utf8_unicode_ci;

--
-- Data for table `craft_sessions`
--

INSERT INTO `craft_sessions` (`id`, `userId`, `token`, `dateCreated`, `dateUpdated`, `uid`) VALUES
 ('1', '1', 'cf6bafc1f748c60e80d53af86a474b55c0717255czozMjoiVTJiVjJzTml5bVRmNmdLYWRSaUtZUm5TWGtKbFRvTmciOw==', '2015-12-05 19:12:27', '2015-12-05 19:12:27', '8c9a8fff-891d-4c40-a72f-2b851b00e27a'),
 ('2', '1', '564b388dbc7fdce1baf020ecdaa2434e3301238fczozMjoiaHJWYXJzVU1lT1A5dXMybG1jZnl+b2JQQ0p1dmZwTksiOw==', '2016-01-18 20:28:55', '2016-01-18 20:28:55', '0165ca27-c33e-4467-a03e-428780b286e5'),
 ('3', '1', 'edea34ff871becb2251787cd2ff69c98bccd8cd8czozMjoiQWtVNDRLfmxHcHRDRVhHTFl6X2N0NUhtSmZ2NG1SU2giOw==', '2016-01-19 01:34:09', '2016-01-19 01:34:09', 'fa2f30f6-2d63-46f9-acd1-261445db9dd0'),
 ('4', '1', '77ef13e54446e8cee5e218f95f5a2ce11b12e72cczozMjoiUlJZVThnZkFJdnlQSTNIcmVRZU9jX0pqRmV5WTBQVUgiOw==', '2016-01-22 21:06:40', '2016-01-22 21:06:40', '719d265b-a478-47b7-9f8e-1c12b992b8d8'),
 ('5', '1', '2431859f49c2488291dea10104e779f942f40b9fczozMjoia2NCNzU2b2FfYTQwcWZ6Y1pHY2Z4akJEfmhKRXl3d0UiOw==', '2016-01-23 02:36:24', '2016-01-23 02:36:24', 'fc52e89e-d608-47cc-9d53-b2ab4aed050e'),
 ('7', '1', '05f69a618ca9c1487d943fc4315a983a6b017105czozMjoiSVVnWkdjb0RzVGttME9lZTJIYlZkR3dZY0NQdDg2SGIiOw==', '2016-06-28 18:04:18', '2016-06-28 18:04:18', 'a9085ebc-c527-4ca8-ae4f-857f8503056b'),
 ('8', '1', 'a2398cbfd144a8bb98af6fc1c59c20c50dc6566eczozMjoielMyT2k1ZF9wdjVsV1dIbWQ2WlYzd1h0djJ0RU1yV2UiOw==', '2016-07-06 00:03:06', '2016-07-06 00:03:06', 'feb80c29-7437-4878-a9f1-efbf8f25553e'),
 ('9', '1', '799d5407317df849107bef31571715a1e827f257czozMjoiMm52dUVMcGxNUnlJN3E5cTRldDltMGRQfklwd0FDeVIiOw==', '2016-07-06 23:34:12', '2016-07-06 23:34:12', '0f175bca-f488-45a0-a322-89ae8844652c'),
 ('10', '1', 'ace72ee8d8b1da52a5e09b5fe10d35c8113efa58czozMjoiZlZiN1VKWTlaNkFTWE9rODRTbm1nUGRnMUhqVzAyOEQiOw==', '2016-08-02 23:51:17', '2016-08-02 23:51:17', '8951209c-42ac-476a-9251-a366ad6d6a4b'),
 ('11', '1', '3bb17805d41116454ec59f183820e4ea6a8aa14aczozMjoiVHlJQzliVHVRZENwQlVjNWtVbjM4c3pha1RZUEIxdnIiOw==', '2016-08-04 15:08:32', '2016-08-04 15:08:32', '49521bbf-d17d-4f09-8e2b-bd11a6370bae'),
 ('12', '1', '8352eac1ba9c4c381b75d600f555f6d184cb332fczozMjoiclVpRDNFdFdFQ0tZb3VCfmJIb0lsNWgxa3hBQVFVbjgiOw==', '2016-08-05 22:43:57', '2016-08-05 22:43:57', 'c312ca82-d5a4-4343-a836-0351e0d4bfa5'),
 ('13', '1', '12c7650a3efa5874d43c7b39d0d9e1fec145fd97czozMjoiM2VNTXFKQk1ndVZkRmxvNGI2T3JRMXFHSVVhUDIwNU8iOw==', '2016-08-06 23:30:02', '2016-08-06 23:30:02', 'd921c677-4079-408e-8db2-01507e6d7139'),
 ('15', '1', '003e84ad450b7c3d0763b2ee612f05d0f5bb10b8czozMjoiU1NfRVhPZmt0cHBXUU9zVUVwSTBQemszc01NUFVmS1giOw==', '2016-08-21 01:12:49', '2016-08-21 01:12:49', '26168acd-b648-4235-985c-ece9538d87de'),
 ('16', '1', 'b995a3dd93b5a99a9b7ee53a63b12c0ee76083ddczozMjoidzlxeldRM3paTjVJSVhfcVIyV3cxUlBrdjhTQXBzTFciOw==', '2016-08-21 18:56:21', '2016-08-21 18:56:21', 'e70637cc-26a9-445a-aa5c-4f4f6831937a'),
 ('17', '1', '696cdac142f8d004e3f45bc7619813eccba8c0cdczozMjoiS0V2Q0JqVzJNbXBJdW9DVUU5N0FuRXhzbHhtTjludmkiOw==', '2016-08-21 22:08:39', '2016-08-21 22:08:39', 'f593042d-5565-4991-9252-34eb1973ab42'),
 ('18', '1', 'd053f20766836c5085448d93b26df5770d2aa69fczozMjoiWEhFMHFNUVFTT21CQkE1VVRzUVE5SlFjREx4bnd1NEwiOw==', '2016-08-22 02:47:03', '2016-08-22 02:47:03', 'c6fdbec6-02bb-4831-b533-580d3a27b911'),
 ('20', '1', 'f16a5a79ba4ae3d98614810d28f76f37ceefca48czozMjoidHFJYUpHaXB+d355aFJmSno3VjJJflV0RUJRTXJVU2UiOw==', '2016-08-25 00:48:25', '2016-08-25 00:48:25', '9cbdadfa-5460-486e-a2fe-5e654db229cf'),
 ('21', '1', '5021f5066b324d959e1d05be169e3e168fe92eb0czozMjoiZX45V1pEUjc4aVppdXlPQXFTT1VVa091dTZ1fmtqSVAiOw==', '2016-08-25 01:43:04', '2016-08-25 01:43:04', '1fdf4e90-8fcb-4e52-bada-ff3527e89d0f'),
 ('22', '1', '172afa58f53adaf1cbe00331596a096a2dd2da98czozMjoifmNWSWdsWXNxQWZqMFdOcnc0bTBvMFl1MGJrR0NJT0oiOw==', '2016-08-26 00:43:27', '2016-08-26 00:43:27', 'ce5b0e5b-bd93-424c-b566-d68365a608db'),
 ('23', '1', '09b2bf021abe2d2debffbb2afe86ab11cbacd402czozMjoidVdDRHhwTUs3OXU4dk1CY1FEWXN0OTZWRWVsX1NoTkciOw==', '2016-08-26 23:33:00', '2016-08-26 23:33:00', '57b496d3-f25e-4a3c-88b6-19e28ad80ac9'),
 ('24', '1', '805e9137bf894536b37ebb846c99dd04ce3e97c8czozMjoiMlhobV82T0liMENGTGlGeDdGdkd6b1B+Z01Xa3lQZTciOw==', '2016-08-27 16:27:29', '2016-08-27 16:27:29', 'e7687c39-bc8a-4f5f-8cf7-98011f1699d9'),
 ('25', '1', '93c3404bafbf9d5bfa28c0291393c08aefbe482fczozMjoiWGJkWW5WbVVieFNLRDYyVDB2U0FrVkZic3FzSHJ6ZmwiOw==', '2016-08-28 01:53:08', '2016-08-28 01:53:08', 'bde49e24-e285-4e30-be01-77f95e56db34'),
 ('26', '1', '700f1bc79274d6ea686761bcdd614357c1f06190czozMjoiSkNyZWhmX3dVQn5OWWFyV3lCN1JrY0FOU0tEc2pKUjMiOw==', '2016-08-30 00:08:05', '2016-08-30 00:08:05', '14e8df3a-b55e-404b-9e30-d30400e27595'),
 ('27', '1', 'ea64950ff58cef29d2c84de329f77f01a4013369czozMjoiQ19LRkF4bG5RQzFfcWM2YXM0a1pPaG9ZMU1TWH5XbUUiOw==', '2016-08-30 23:58:13', '2016-08-30 23:58:13', '2a26c2ef-d836-4d10-83c3-effc68e57c15'),
 ('28', '1', 'e20d3204fbab4a3c6bfccde685152ee183143731czozMjoiaWgzdHJMWDJlNDVuMjlxOHhrXzMwdkhrblNpQjY2Rm0iOw==', '2016-09-01 00:21:10', '2016-09-01 00:21:10', 'd7292b28-aaf4-45e8-9858-ef4c9286e50c'),
 ('29', '1', 'b8c70adc75acabc175294ff1e46e97cb2d47fc7cczozMjoiYkw0dUNlQ2l3T3RjNk44akVhQ0xlaTh2MUlTR1pDSFIiOw==', '2016-09-01 22:08:29', '2016-09-01 22:08:29', '035ac49f-dbf5-4ad2-89b0-aa858cb98459'),
 ('30', '1', 'b8e434ee43b6d5e0bb1df4233a8922ccec5102b8czozMjoiSDFfdWdpM2VLMUxzVFBRRmRXUUw1R250dnJFajh1b2kiOw==', '2016-09-03 00:12:56', '2016-09-03 00:12:56', '1bc7e2eb-71fb-48d2-9289-d91c6178b6ac'),
 ('31', '1', '417736035e2c7085a9ea69e8875561e5989b70aeczozMjoiaXRmNjlYMlJsNjZreGpvSGtSMEF0Zks3MWN+YUcwQTUiOw==', '2016-09-03 03:21:20', '2016-09-03 03:21:20', '093386a7-69ee-4fce-a2ae-a06c33a69118'),
 ('32', '1', '38fe66f3ad8adb43c039ed73b71360c2f4ac2524czozMjoiZkJMaHU4TGthMjVDNTNvSUVudGw4a2w2dVdPYn5XQV8iOw==', '2016-09-04 15:53:54', '2016-09-04 15:53:54', 'b11519ab-87d4-448e-ac28-d588cff5dbd3'),
 ('33', '1', 'fbe86a5466af726d943b849b2de4c9b7f56ff094czozMjoidmhlQks2U1hPMGxwQnRGbllQUXFQSXFYS0h2a0c2dUciOw==', '2016-09-04 18:55:17', '2016-09-04 18:55:17', 'a3573191-417e-4a76-9e22-c0d88ed53aef'),
 ('34', '1', 'e4654a1d7901e2d48f881064e128ac310ec89ddeczozMjoiYUY3cUtXY08zTHltXzZKcDBSaDBNeG5lN2xhR2RuMH4iOw==', '2016-09-05 01:30:04', '2016-09-05 01:30:04', '250a5f01-42f9-4ac9-9a59-cfbeb9fc48b1'),
 ('35', '1', '8e358b5da0c11f212bcaea184b9365501088c89dczozMjoiSHJmbnFnQ3RJcWNEZjNEOTl3M29sVk9kaDNmZjRDajkiOw==', '2016-09-05 02:50:46', '2016-09-05 02:50:46', '546fe29a-ecfb-4a09-89da-9ee87f0e0441'),
 ('36', '1', 'f468d7ec8bba8f96672c14da81a10629cc6c7a93czozMjoiakU2QWhfS1h+QWR0Z0gxM0hVTlpKV083UUI5bk9yZ2siOw==', '2016-09-05 04:50:19', '2016-09-05 04:50:19', 'fb51c546-ef45-4531-b15e-a540b6855c3c'),
 ('37', '1', '009145421a0c2ab9d15cdf04e9246521025e66f6czozMjoiX2thSGpFejdzfnlUTThPVF94aFg5MENiY1hyZzlHZEgiOw==', '2016-09-05 22:15:35', '2016-09-05 22:15:35', 'ddf48038-8d62-4b21-b191-9c2a5afcb6a7');



DROP TABLE IF EXISTS `craft_shunnedmessages`;


--
-- Schema for table `craft_shunnedmessages`
--
CREATE TABLE `craft_shunnedmessages` (
  `id` int(11) NOT NULL AUTO_INCREMENT,
  `userId` int(11) NOT NULL,
  `message` varchar(255) COLLATE utf8_unicode_ci NOT NULL,
  `expiryDate` datetime DEFAULT NULL,
  `dateCreated` datetime NOT NULL,
  `dateUpdated` datetime NOT NULL,
  `uid` char(36) COLLATE utf8_unicode_ci NOT NULL DEFAULT '0',
  PRIMARY KEY (`id`),
  UNIQUE KEY `craft_shunnedmessages_userId_message_unq_idx` (`userId`,`message`)
) ENGINE=InnoDB DEFAULT CHARSET=utf8 COLLATE=utf8_unicode_ci;

DROP TABLE IF EXISTS `craft_structureelements`;


--
-- Schema for table `craft_structureelements`
--
CREATE TABLE `craft_structureelements` (
  `id` int(11) NOT NULL AUTO_INCREMENT,
  `structureId` int(11) NOT NULL,
  `elementId` int(11) DEFAULT NULL,
  `root` int(11) unsigned DEFAULT NULL,
  `lft` int(11) unsigned NOT NULL,
  `rgt` int(11) unsigned NOT NULL,
  `level` smallint(6) unsigned NOT NULL,
  `dateCreated` datetime NOT NULL,
  `dateUpdated` datetime NOT NULL,
  `uid` char(36) COLLATE utf8_unicode_ci NOT NULL DEFAULT '0',
  PRIMARY KEY (`id`),
  UNIQUE KEY `craft_structureelements_structureId_elementId_unq_idx` (`structureId`,`elementId`),
  KEY `craft_structureelements_root_idx` (`root`),
  KEY `craft_structureelements_lft_idx` (`lft`),
  KEY `craft_structureelements_rgt_idx` (`rgt`),
  KEY `craft_structureelements_level_idx` (`level`),
  KEY `craft_structureelements_elementId_fk` (`elementId`)
) ENGINE=InnoDB AUTO_INCREMENT=2 DEFAULT CHARSET=utf8 COLLATE=utf8_unicode_ci;

--
-- Data for table `craft_structureelements`
--

INSERT INTO `craft_structureelements` (`id`, `structureId`, `elementId`, `root`, `lft`, `rgt`, `level`, `dateCreated`, `dateUpdated`, `uid`) VALUES
 ('1', '1', NULL, '1', '1', '2', '0', '2016-06-28 19:16:53', '2016-06-28 19:16:53', '1327d3b0-ade1-481f-9b25-475d8738c97b');



DROP TABLE IF EXISTS `craft_structures`;


--
-- Schema for table `craft_structures`
--
CREATE TABLE `craft_structures` (
  `id` int(11) NOT NULL AUTO_INCREMENT,
  `maxLevels` smallint(6) unsigned DEFAULT NULL,
  `dateCreated` datetime NOT NULL,
  `dateUpdated` datetime NOT NULL,
  `uid` char(36) COLLATE utf8_unicode_ci NOT NULL DEFAULT '0',
  PRIMARY KEY (`id`)
) ENGINE=InnoDB AUTO_INCREMENT=4 DEFAULT CHARSET=utf8 COLLATE=utf8_unicode_ci;

--
-- Data for table `craft_structures`
--

INSERT INTO `craft_structures` (`id`, `maxLevels`, `dateCreated`, `dateUpdated`, `uid`) VALUES
 ('1', NULL, '2016-06-28 19:13:15', '2016-08-07 00:15:10', '58009acc-a10d-45c0-9366-17a055236dee'),
 ('2', NULL, '2016-06-28 19:14:00', '2016-06-28 19:15:11', '2c80a1f4-3032-4abc-8467-d97eb3b3d56b'),
 ('3', NULL, '2016-08-06 23:50:45', '2016-08-07 00:15:02', '78c73bc1-8ead-4ff1-98bb-cec08efb0d9d');



DROP TABLE IF EXISTS `craft_systemsettings`;


--
-- Schema for table `craft_systemsettings`
--
CREATE TABLE `craft_systemsettings` (
  `id` int(11) NOT NULL AUTO_INCREMENT,
  `category` varchar(15) COLLATE utf8_unicode_ci NOT NULL,
  `settings` text COLLATE utf8_unicode_ci,
  `dateCreated` datetime NOT NULL,
  `dateUpdated` datetime NOT NULL,
  `uid` char(36) COLLATE utf8_unicode_ci NOT NULL DEFAULT '0',
  PRIMARY KEY (`id`),
  UNIQUE KEY `craft_systemsettings_category_unq_idx` (`category`)
) ENGINE=InnoDB AUTO_INCREMENT=2 DEFAULT CHARSET=utf8 COLLATE=utf8_unicode_ci;

--
-- Data for table `craft_systemsettings`
--

INSERT INTO `craft_systemsettings` (`id`, `category`, `settings`, `dateCreated`, `dateUpdated`, `uid`) VALUES
 ('1', 'email', '{\"protocol\":\"php\",\"emailAddress\":\"jimirings@gmail.com\",\"senderName\":\"Jim Christie Craft Dev\"}', '2015-12-05 19:12:27', '2015-12-05 19:12:27', '7b442633-3f0d-42df-88a9-bab5c2cfe1bf');



DROP TABLE IF EXISTS `craft_taggroups`;


--
-- Schema for table `craft_taggroups`
--
CREATE TABLE `craft_taggroups` (
  `id` int(11) NOT NULL AUTO_INCREMENT,
  `name` varchar(255) COLLATE utf8_unicode_ci NOT NULL,
  `handle` varchar(255) COLLATE utf8_unicode_ci NOT NULL,
  `fieldLayoutId` int(10) DEFAULT NULL,
  `dateCreated` datetime NOT NULL,
  `dateUpdated` datetime NOT NULL,
  `uid` char(36) COLLATE utf8_unicode_ci NOT NULL DEFAULT '0',
  PRIMARY KEY (`id`),
  UNIQUE KEY `craft_taggroups_name_unq_idx` (`name`),
  UNIQUE KEY `craft_taggroups_handle_unq_idx` (`handle`),
  KEY `craft_taggroups_fieldLayoutId_fk` (`fieldLayoutId`)
) ENGINE=InnoDB AUTO_INCREMENT=2 DEFAULT CHARSET=utf8 COLLATE=utf8_unicode_ci;

--
-- Data for table `craft_taggroups`
--

INSERT INTO `craft_taggroups` (`id`, `name`, `handle`, `fieldLayoutId`, `dateCreated`, `dateUpdated`, `uid`) VALUES
 ('1', 'Default', 'default', '106', '2015-12-05 19:12:27', '2016-08-31 01:29:36', '9b00a185-b2e5-4c10-8b30-ee52d66ad4e7');



DROP TABLE IF EXISTS `craft_tags`;


--
-- Schema for table `craft_tags`
--
CREATE TABLE `craft_tags` (
  `id` int(11) NOT NULL,
  `groupId` int(11) NOT NULL,
  `dateCreated` datetime NOT NULL,
  `dateUpdated` datetime NOT NULL,
  `uid` char(36) COLLATE utf8_unicode_ci NOT NULL DEFAULT '0',
  PRIMARY KEY (`id`),
  KEY `craft_tags_groupId_fk` (`groupId`)
) ENGINE=InnoDB DEFAULT CHARSET=utf8 COLLATE=utf8_unicode_ci;

--
-- Data for table `craft_tags`
--

INSERT INTO `craft_tags` (`id`, `groupId`, `dateCreated`, `dateUpdated`, `uid`) VALUES
 ('31', '1', '2016-08-30 01:21:51', '2016-08-30 01:21:51', '7c40d9eb-fccf-4dce-b8df-a02258cc2b93'),
 ('32', '1', '2016-08-30 01:21:56', '2016-08-30 01:21:56', '92b0c952-6a10-4762-b5f3-cdf9c2c64979'),
 ('33', '1', '2016-08-30 01:22:04', '2016-08-30 01:22:04', 'c82507e5-bcb4-45b8-90fa-47fc41da0453'),
 ('34', '1', '2016-08-30 01:22:12', '2016-08-30 01:22:12', '12c998f9-1921-476a-9b48-3130ba5fbe83'),
 ('35', '1', '2016-08-30 01:22:29', '2016-08-30 01:22:29', 'e692a824-302e-4b4e-835f-a7a954fae370'),
 ('36', '1', '2016-08-30 01:22:47', '2016-08-30 01:22:47', '6a97e20b-e5a9-4cf2-9a41-0e5cd5696ffc'),
 ('37', '1', '2016-08-30 01:22:51', '2016-08-30 01:22:51', '536d8900-23a7-431e-8642-a0ba027b929d'),
 ('38', '1', '2016-08-30 01:22:55', '2016-08-30 01:22:55', '844eae3c-51a6-42ae-96ca-634f4df621ed'),
 ('40', '1', '2016-09-01 03:35:39', '2016-09-01 03:35:39', '3a28c61b-4446-4026-a22a-4ac77747ae75'),
 ('41', '1', '2016-09-01 03:35:44', '2016-09-01 03:35:44', 'cdac3562-9c5d-4e65-a229-6560ab255255'),
 ('42', '1', '2016-09-01 03:35:52', '2016-09-01 03:35:52', '50239942-885a-4dca-8a5e-434dc34bba3f');



DROP TABLE IF EXISTS `craft_tasks`;


--
-- Schema for table `craft_tasks`
--
CREATE TABLE `craft_tasks` (
  `id` int(11) NOT NULL AUTO_INCREMENT,
  `root` int(11) unsigned DEFAULT NULL,
  `lft` int(11) unsigned NOT NULL,
  `rgt` int(11) unsigned NOT NULL,
  `level` smallint(6) unsigned NOT NULL,
  `currentStep` int(11) unsigned DEFAULT NULL,
  `totalSteps` int(11) unsigned DEFAULT NULL,
  `status` enum('pending','error','running') COLLATE utf8_unicode_ci DEFAULT NULL,
  `type` varchar(150) COLLATE utf8_unicode_ci NOT NULL,
  `description` varchar(255) COLLATE utf8_unicode_ci DEFAULT NULL,
  `settings` mediumtext COLLATE utf8_unicode_ci,
  `dateCreated` datetime NOT NULL,
  `dateUpdated` datetime NOT NULL,
  `uid` char(36) COLLATE utf8_unicode_ci NOT NULL DEFAULT '0',
  PRIMARY KEY (`id`),
  KEY `craft_tasks_root_idx` (`root`),
  KEY `craft_tasks_lft_idx` (`lft`),
  KEY `craft_tasks_rgt_idx` (`rgt`),
  KEY `craft_tasks_level_idx` (`level`)
) ENGINE=InnoDB AUTO_INCREMENT=21 DEFAULT CHARSET=utf8 COLLATE=utf8_unicode_ci;

DROP TABLE IF EXISTS `craft_templatecachecriteria`;


--
-- Schema for table `craft_templatecachecriteria`
--
CREATE TABLE `craft_templatecachecriteria` (
  `id` int(11) NOT NULL AUTO_INCREMENT,
  `cacheId` int(11) NOT NULL,
  `type` varchar(150) COLLATE utf8_unicode_ci NOT NULL,
  `criteria` text COLLATE utf8_unicode_ci NOT NULL,
  PRIMARY KEY (`id`),
  KEY `craft_templatecachecriteria_cacheId_fk` (`cacheId`),
  KEY `craft_templatecachecriteria_type_idx` (`type`)
) ENGINE=InnoDB DEFAULT CHARSET=utf8 COLLATE=utf8_unicode_ci;

DROP TABLE IF EXISTS `craft_templatecacheelements`;


--
-- Schema for table `craft_templatecacheelements`
--
CREATE TABLE `craft_templatecacheelements` (
  `cacheId` int(11) NOT NULL,
  `elementId` int(11) NOT NULL,
  KEY `craft_templatecacheelements_cacheId_fk` (`cacheId`),
  KEY `craft_templatecacheelements_elementId_fk` (`elementId`)
) ENGINE=InnoDB DEFAULT CHARSET=utf8 COLLATE=utf8_unicode_ci;

DROP TABLE IF EXISTS `craft_templatecaches`;


--
-- Schema for table `craft_templatecaches`
--
CREATE TABLE `craft_templatecaches` (
  `id` int(11) NOT NULL AUTO_INCREMENT,
  `cacheKey` varchar(255) COLLATE utf8_unicode_ci NOT NULL,
  `locale` char(12) COLLATE utf8_unicode_ci NOT NULL,
  `path` varchar(255) COLLATE utf8_unicode_ci DEFAULT NULL,
  `expiryDate` datetime NOT NULL,
  `body` mediumtext COLLATE utf8_unicode_ci NOT NULL,
  PRIMARY KEY (`id`),
  KEY `craft_templatecaches_expiryDate_cacheKey_locale_path_idx` (`expiryDate`,`cacheKey`,`locale`,`path`),
  KEY `craft_templatecaches_locale_fk` (`locale`)
) ENGINE=InnoDB DEFAULT CHARSET=utf8 COLLATE=utf8_unicode_ci;

DROP TABLE IF EXISTS `craft_tokens`;


--
-- Schema for table `craft_tokens`
--
CREATE TABLE `craft_tokens` (
  `id` int(11) NOT NULL AUTO_INCREMENT,
  `token` char(32) COLLATE utf8_unicode_ci NOT NULL,
  `route` text COLLATE utf8_unicode_ci,
  `usageLimit` tinyint(3) unsigned DEFAULT NULL,
  `usageCount` tinyint(3) unsigned DEFAULT NULL,
  `expiryDate` datetime NOT NULL,
  `dateCreated` datetime NOT NULL,
  `dateUpdated` datetime NOT NULL,
  `uid` char(36) COLLATE utf8_unicode_ci NOT NULL DEFAULT '0',
  PRIMARY KEY (`id`),
  UNIQUE KEY `craft_tokens_token_unq_idx` (`token`),
  KEY `craft_tokens_expiryDate_idx` (`expiryDate`)
) ENGINE=InnoDB DEFAULT CHARSET=utf8 COLLATE=utf8_unicode_ci;

DROP TABLE IF EXISTS `craft_usergroups`;


--
-- Schema for table `craft_usergroups`
--
CREATE TABLE `craft_usergroups` (
  `id` int(11) NOT NULL AUTO_INCREMENT,
  `name` varchar(255) COLLATE utf8_unicode_ci NOT NULL,
  `handle` varchar(255) COLLATE utf8_unicode_ci NOT NULL,
  `dateCreated` datetime NOT NULL,
  `dateUpdated` datetime NOT NULL,
  `uid` char(36) COLLATE utf8_unicode_ci NOT NULL DEFAULT '0',
  PRIMARY KEY (`id`)
) ENGINE=InnoDB DEFAULT CHARSET=utf8 COLLATE=utf8_unicode_ci;

DROP TABLE IF EXISTS `craft_usergroups_users`;


--
-- Schema for table `craft_usergroups_users`
--
CREATE TABLE `craft_usergroups_users` (
  `id` int(11) NOT NULL AUTO_INCREMENT,
  `groupId` int(11) NOT NULL,
  `userId` int(11) NOT NULL,
  `dateCreated` datetime NOT NULL,
  `dateUpdated` datetime NOT NULL,
  `uid` char(36) COLLATE utf8_unicode_ci NOT NULL DEFAULT '0',
  PRIMARY KEY (`id`),
  UNIQUE KEY `craft_usergroups_users_groupId_userId_unq_idx` (`groupId`,`userId`),
  KEY `craft_usergroups_users_userId_fk` (`userId`)
) ENGINE=InnoDB DEFAULT CHARSET=utf8 COLLATE=utf8_unicode_ci;

DROP TABLE IF EXISTS `craft_userpermissions`;


--
-- Schema for table `craft_userpermissions`
--
CREATE TABLE `craft_userpermissions` (
  `id` int(11) NOT NULL AUTO_INCREMENT,
  `name` varchar(255) COLLATE utf8_unicode_ci NOT NULL,
  `dateCreated` datetime NOT NULL,
  `dateUpdated` datetime NOT NULL,
  `uid` char(36) COLLATE utf8_unicode_ci NOT NULL DEFAULT '0',
  PRIMARY KEY (`id`),
  UNIQUE KEY `craft_userpermissions_name_unq_idx` (`name`)
) ENGINE=InnoDB DEFAULT CHARSET=utf8 COLLATE=utf8_unicode_ci;

DROP TABLE IF EXISTS `craft_userpermissions_usergroups`;


--
-- Schema for table `craft_userpermissions_usergroups`
--
CREATE TABLE `craft_userpermissions_usergroups` (
  `id` int(11) NOT NULL AUTO_INCREMENT,
  `permissionId` int(11) NOT NULL,
  `groupId` int(11) NOT NULL,
  `dateCreated` datetime NOT NULL,
  `dateUpdated` datetime NOT NULL,
  `uid` char(36) COLLATE utf8_unicode_ci NOT NULL DEFAULT '0',
  PRIMARY KEY (`id`),
  UNIQUE KEY `craft_userpermissions_usergroups_permissionId_groupId_unq_idx` (`permissionId`,`groupId`),
  KEY `craft_userpermissions_usergroups_groupId_fk` (`groupId`)
) ENGINE=InnoDB DEFAULT CHARSET=utf8 COLLATE=utf8_unicode_ci;

DROP TABLE IF EXISTS `craft_userpermissions_users`;


--
-- Schema for table `craft_userpermissions_users`
--
CREATE TABLE `craft_userpermissions_users` (
  `id` int(11) NOT NULL AUTO_INCREMENT,
  `permissionId` int(11) NOT NULL,
  `userId` int(11) NOT NULL,
  `dateCreated` datetime NOT NULL,
  `dateUpdated` datetime NOT NULL,
  `uid` char(36) COLLATE utf8_unicode_ci NOT NULL DEFAULT '0',
  PRIMARY KEY (`id`),
  UNIQUE KEY `craft_userpermissions_users_permissionId_userId_unq_idx` (`permissionId`,`userId`),
  KEY `craft_userpermissions_users_userId_fk` (`userId`)
) ENGINE=InnoDB DEFAULT CHARSET=utf8 COLLATE=utf8_unicode_ci;

DROP TABLE IF EXISTS `craft_users`;


--
-- Schema for table `craft_users`
--
CREATE TABLE `craft_users` (
  `id` int(11) NOT NULL,
  `username` varchar(100) COLLATE utf8_unicode_ci NOT NULL,
  `photo` varchar(100) COLLATE utf8_unicode_ci DEFAULT NULL,
  `firstName` varchar(100) COLLATE utf8_unicode_ci DEFAULT NULL,
  `lastName` varchar(100) COLLATE utf8_unicode_ci DEFAULT NULL,
  `email` varchar(255) COLLATE utf8_unicode_ci NOT NULL,
  `password` char(255) COLLATE utf8_unicode_ci DEFAULT NULL,
  `preferredLocale` char(12) COLLATE utf8_unicode_ci DEFAULT NULL,
  `weekStartDay` tinyint(1) unsigned NOT NULL DEFAULT '0',
  `admin` tinyint(1) unsigned NOT NULL DEFAULT '0',
  `client` tinyint(1) unsigned NOT NULL DEFAULT '0',
  `locked` tinyint(1) unsigned NOT NULL DEFAULT '0',
  `suspended` tinyint(1) unsigned NOT NULL DEFAULT '0',
  `pending` tinyint(1) unsigned NOT NULL DEFAULT '0',
  `archived` tinyint(1) unsigned NOT NULL DEFAULT '0',
  `lastLoginDate` datetime DEFAULT NULL,
  `lastLoginAttemptIPAddress` varchar(45) COLLATE utf8_unicode_ci DEFAULT NULL,
  `invalidLoginWindowStart` datetime DEFAULT NULL,
  `invalidLoginCount` tinyint(4) unsigned DEFAULT NULL,
  `lastInvalidLoginDate` datetime DEFAULT NULL,
  `lockoutDate` datetime DEFAULT NULL,
  `verificationCode` char(100) COLLATE utf8_unicode_ci DEFAULT NULL,
  `verificationCodeIssuedDate` datetime DEFAULT NULL,
  `unverifiedEmail` varchar(255) COLLATE utf8_unicode_ci DEFAULT NULL,
  `passwordResetRequired` tinyint(1) unsigned NOT NULL DEFAULT '0',
  `lastPasswordChangeDate` datetime DEFAULT NULL,
  `dateCreated` datetime NOT NULL,
  `dateUpdated` datetime NOT NULL,
  `uid` char(36) COLLATE utf8_unicode_ci NOT NULL DEFAULT '0',
  PRIMARY KEY (`id`),
  UNIQUE KEY `craft_users_username_unq_idx` (`username`),
  UNIQUE KEY `craft_users_email_unq_idx` (`email`),
  KEY `craft_users_verificationCode_idx` (`verificationCode`),
  KEY `craft_users_uid_idx` (`uid`),
  KEY `craft_users_preferredLocale_fk` (`preferredLocale`)
) ENGINE=InnoDB DEFAULT CHARSET=utf8 COLLATE=utf8_unicode_ci;

--
-- Data for table `craft_users`
--

INSERT INTO `craft_users` (`id`, `username`, `photo`, `firstName`, `lastName`, `email`, `password`, `preferredLocale`, `weekStartDay`, `admin`, `client`, `locked`, `suspended`, `pending`, `archived`, `lastLoginDate`, `lastLoginAttemptIPAddress`, `invalidLoginWindowStart`, `invalidLoginCount`, `lastInvalidLoginDate`, `lockoutDate`, `verificationCode`, `verificationCodeIssuedDate`, `unverifiedEmail`, `passwordResetRequired`, `lastPasswordChangeDate`, `dateCreated`, `dateUpdated`, `uid`) VALUES
 ('1', 'jimirings', NULL, NULL, NULL, 'jimirings@gmail.com', '$2y$13$yvgV.Qm0zSnASIO3JgJY0uibB5Mm0Ae0hYC7WuxTbJQdJbzvgenkC', NULL, '0', '1', '0', '0', '0', '0', '0', '2016-09-05 22:15:35', '127.0.0.1', NULL, NULL, '2016-08-25 00:39:50', NULL, NULL, NULL, NULL, '0', '2015-12-05 19:12:26', '2015-12-05 19:12:26', '2016-09-05 22:15:35', '6b327ccb-2612-44c1-b03b-17f44b224906');



DROP TABLE IF EXISTS `craft_widgets`;


--
-- Schema for table `craft_widgets`
--
CREATE TABLE `craft_widgets` (
  `id` int(11) NOT NULL AUTO_INCREMENT,
  `userId` int(11) NOT NULL,
  `type` varchar(150) COLLATE utf8_unicode_ci NOT NULL,
  `sortOrder` smallint(6) unsigned DEFAULT NULL,
  `colspan` tinyint(4) unsigned DEFAULT NULL,
  `settings` text COLLATE utf8_unicode_ci,
  `enabled` tinyint(1) unsigned NOT NULL DEFAULT '1',
  `dateCreated` datetime NOT NULL,
  `dateUpdated` datetime NOT NULL,
  `uid` char(36) COLLATE utf8_unicode_ci NOT NULL DEFAULT '0',
  PRIMARY KEY (`id`),
  KEY `craft_widgets_userId_fk` (`userId`)
) ENGINE=InnoDB AUTO_INCREMENT=5 DEFAULT CHARSET=utf8 COLLATE=utf8_unicode_ci;

--
-- Data for table `craft_widgets`
--

INSERT INTO `craft_widgets` (`id`, `userId`, `type`, `sortOrder`, `colspan`, `settings`, `enabled`, `dateCreated`, `dateUpdated`, `uid`) VALUES
 ('1', '1', 'RecentEntries', '1', NULL, NULL, '1', '2015-12-05 19:12:30', '2015-12-05 19:12:30', '7e02adb4-5db5-45bc-88ee-f68e32613683'),
 ('2', '1', 'GetHelp', '2', NULL, NULL, '1', '2015-12-05 19:12:30', '2015-12-05 19:12:30', '22c7d5bb-4eb0-473b-a754-6afd17ee6cf8'),
 ('3', '1', 'Updates', '3', NULL, NULL, '1', '2015-12-05 19:12:30', '2015-12-05 19:12:30', 'b9253e1b-72cc-4256-96d7-c7f6b7c45aef'),
 ('4', '1', 'Feed', '4', NULL, '{\"url\":\"https:\\/\\/craftcms.com\\/news.rss\",\"title\":\"Craft News\"}', '1', '2015-12-05 19:12:30', '2015-12-05 19:12:30', 'e03ae70c-6e46-4bd4-950a-497b4aaf14e1');


--
-- Constraints for tables
--


--
-- Constraints for table `craft_assetfiles`
--
ALTER TABLE `craft_assetfiles`
	ADD CONSTRAINT `craft_assetfiles_folderId_fk` FOREIGN KEY (`folderId`) REFERENCES `craft_assetfolders` (`id`) ON DELETE CASCADE,
	ADD CONSTRAINT `craft_assetfiles_id_fk` FOREIGN KEY (`id`) REFERENCES `craft_elements` (`id`) ON DELETE CASCADE,
	ADD CONSTRAINT `craft_assetfiles_sourceId_fk` FOREIGN KEY (`sourceId`) REFERENCES `craft_assetsources` (`id`) ON DELETE CASCADE;

--
-- Constraints for table `craft_assetfolders`
--
ALTER TABLE `craft_assetfolders`
	ADD CONSTRAINT `craft_assetfolders_parentId_fk` FOREIGN KEY (`parentId`) REFERENCES `craft_assetfolders` (`id`) ON DELETE CASCADE,
	ADD CONSTRAINT `craft_assetfolders_sourceId_fk` FOREIGN KEY (`sourceId`) REFERENCES `craft_assetsources` (`id`) ON DELETE CASCADE;

--
-- Constraints for table `craft_assetindexdata`
--
ALTER TABLE `craft_assetindexdata`
	ADD CONSTRAINT `craft_assetindexdata_sourceId_fk` FOREIGN KEY (`sourceId`) REFERENCES `craft_assetsources` (`id`) ON DELETE CASCADE;

--
-- Constraints for table `craft_assetsources`
--
ALTER TABLE `craft_assetsources`
	ADD CONSTRAINT `craft_assetsources_fieldLayoutId_fk` FOREIGN KEY (`fieldLayoutId`) REFERENCES `craft_fieldlayouts` (`id`) ON DELETE SET NULL;

--
-- Constraints for table `craft_categories`
--
ALTER TABLE `craft_categories`
	ADD CONSTRAINT `craft_categories_groupId_fk` FOREIGN KEY (`groupId`) REFERENCES `craft_categorygroups` (`id`) ON DELETE CASCADE,
	ADD CONSTRAINT `craft_categories_id_fk` FOREIGN KEY (`id`) REFERENCES `craft_elements` (`id`) ON DELETE CASCADE;

--
-- Constraints for table `craft_categorygroups`
--
ALTER TABLE `craft_categorygroups`
	ADD CONSTRAINT `craft_categorygroups_fieldLayoutId_fk` FOREIGN KEY (`fieldLayoutId`) REFERENCES `craft_fieldlayouts` (`id`) ON DELETE SET NULL,
	ADD CONSTRAINT `craft_categorygroups_structureId_fk` FOREIGN KEY (`structureId`) REFERENCES `craft_structures` (`id`) ON DELETE CASCADE;

--
-- Constraints for table `craft_categorygroups_i18n`
--
ALTER TABLE `craft_categorygroups_i18n`
	ADD CONSTRAINT `craft_categorygroups_i18n_groupId_fk` FOREIGN KEY (`groupId`) REFERENCES `craft_categorygroups` (`id`) ON DELETE CASCADE,
	ADD CONSTRAINT `craft_categorygroups_i18n_locale_fk` FOREIGN KEY (`locale`) REFERENCES `craft_locales` (`locale`) ON DELETE CASCADE ON UPDATE CASCADE;

--
-- Constraints for table `craft_content`
--
ALTER TABLE `craft_content`
	ADD CONSTRAINT `craft_content_elementId_fk` FOREIGN KEY (`elementId`) REFERENCES `craft_elements` (`id`) ON DELETE CASCADE,
	ADD CONSTRAINT `craft_content_locale_fk` FOREIGN KEY (`locale`) REFERENCES `craft_locales` (`locale`) ON DELETE CASCADE ON UPDATE CASCADE;

--
-- Constraints for table `craft_elements_i18n`
--
ALTER TABLE `craft_elements_i18n`
	ADD CONSTRAINT `craft_elements_i18n_elementId_fk` FOREIGN KEY (`elementId`) REFERENCES `craft_elements` (`id`) ON DELETE CASCADE,
	ADD CONSTRAINT `craft_elements_i18n_locale_fk` FOREIGN KEY (`locale`) REFERENCES `craft_locales` (`locale`) ON DELETE CASCADE ON UPDATE CASCADE;

--
-- Constraints for table `craft_emailmessages`
--
ALTER TABLE `craft_emailmessages`
	ADD CONSTRAINT `craft_emailmessages_locale_fk` FOREIGN KEY (`locale`) REFERENCES `craft_locales` (`locale`) ON DELETE CASCADE ON UPDATE CASCADE;

--
-- Constraints for table `craft_entries`
--
ALTER TABLE `craft_entries`
	ADD CONSTRAINT `craft_entries_authorId_fk` FOREIGN KEY (`authorId`) REFERENCES `craft_users` (`id`) ON DELETE CASCADE,
	ADD CONSTRAINT `craft_entries_id_fk` FOREIGN KEY (`id`) REFERENCES `craft_elements` (`id`) ON DELETE CASCADE,
	ADD CONSTRAINT `craft_entries_sectionId_fk` FOREIGN KEY (`sectionId`) REFERENCES `craft_sections` (`id`) ON DELETE CASCADE,
	ADD CONSTRAINT `craft_entries_typeId_fk` FOREIGN KEY (`typeId`) REFERENCES `craft_entrytypes` (`id`) ON DELETE CASCADE;

--
-- Constraints for table `craft_entrydrafts`
--
ALTER TABLE `craft_entrydrafts`
	ADD CONSTRAINT `craft_entrydrafts_creatorId_fk` FOREIGN KEY (`creatorId`) REFERENCES `craft_users` (`id`) ON DELETE CASCADE,
	ADD CONSTRAINT `craft_entrydrafts_entryId_fk` FOREIGN KEY (`entryId`) REFERENCES `craft_entries` (`id`) ON DELETE CASCADE,
	ADD CONSTRAINT `craft_entrydrafts_locale_fk` FOREIGN KEY (`locale`) REFERENCES `craft_locales` (`locale`) ON DELETE CASCADE ON UPDATE CASCADE,
	ADD CONSTRAINT `craft_entrydrafts_sectionId_fk` FOREIGN KEY (`sectionId`) REFERENCES `craft_sections` (`id`) ON DELETE CASCADE;

--
-- Constraints for table `craft_entrytypes`
--
ALTER TABLE `craft_entrytypes`
	ADD CONSTRAINT `craft_entrytypes_fieldLayoutId_fk` FOREIGN KEY (`fieldLayoutId`) REFERENCES `craft_fieldlayouts` (`id`) ON DELETE SET NULL,
	ADD CONSTRAINT `craft_entrytypes_sectionId_fk` FOREIGN KEY (`sectionId`) REFERENCES `craft_sections` (`id`) ON DELETE CASCADE;

--
-- Constraints for table `craft_entryversions`
--
ALTER TABLE `craft_entryversions`
	ADD CONSTRAINT `craft_entryversions_creatorId_fk` FOREIGN KEY (`creatorId`) REFERENCES `craft_users` (`id`) ON DELETE SET NULL,
	ADD CONSTRAINT `craft_entryversions_entryId_fk` FOREIGN KEY (`entryId`) REFERENCES `craft_entries` (`id`) ON DELETE CASCADE,
	ADD CONSTRAINT `craft_entryversions_locale_fk` FOREIGN KEY (`locale`) REFERENCES `craft_locales` (`locale`) ON DELETE CASCADE ON UPDATE CASCADE,
	ADD CONSTRAINT `craft_entryversions_sectionId_fk` FOREIGN KEY (`sectionId`) REFERENCES `craft_sections` (`id`) ON DELETE CASCADE;

--
-- Constraints for table `craft_fieldlayoutfields`
--
ALTER TABLE `craft_fieldlayoutfields`
	ADD CONSTRAINT `craft_fieldlayoutfields_fieldId_fk` FOREIGN KEY (`fieldId`) REFERENCES `craft_fields` (`id`) ON DELETE CASCADE,
	ADD CONSTRAINT `craft_fieldlayoutfields_layoutId_fk` FOREIGN KEY (`layoutId`) REFERENCES `craft_fieldlayouts` (`id`) ON DELETE CASCADE,
	ADD CONSTRAINT `craft_fieldlayoutfields_tabId_fk` FOREIGN KEY (`tabId`) REFERENCES `craft_fieldlayouttabs` (`id`) ON DELETE CASCADE;

--
-- Constraints for table `craft_fieldlayouttabs`
--
ALTER TABLE `craft_fieldlayouttabs`
	ADD CONSTRAINT `craft_fieldlayouttabs_layoutId_fk` FOREIGN KEY (`layoutId`) REFERENCES `craft_fieldlayouts` (`id`) ON DELETE CASCADE;

--
-- Constraints for table `craft_fields`
--
ALTER TABLE `craft_fields`
	ADD CONSTRAINT `craft_fields_groupId_fk` FOREIGN KEY (`groupId`) REFERENCES `craft_fieldgroups` (`id`) ON DELETE CASCADE;

--
-- Constraints for table `craft_globalsets`
--
ALTER TABLE `craft_globalsets`
	ADD CONSTRAINT `craft_globalsets_fieldLayoutId_fk` FOREIGN KEY (`fieldLayoutId`) REFERENCES `craft_fieldlayouts` (`id`) ON DELETE SET NULL,
	ADD CONSTRAINT `craft_globalsets_id_fk` FOREIGN KEY (`id`) REFERENCES `craft_elements` (`id`) ON DELETE CASCADE;

--
-- Constraints for table `craft_matrixblocks`
--
ALTER TABLE `craft_matrixblocks`
	ADD CONSTRAINT `craft_matrixblocks_fieldId_fk` FOREIGN KEY (`fieldId`) REFERENCES `craft_fields` (`id`) ON DELETE CASCADE,
	ADD CONSTRAINT `craft_matrixblocks_id_fk` FOREIGN KEY (`id`) REFERENCES `craft_elements` (`id`) ON DELETE CASCADE,
	ADD CONSTRAINT `craft_matrixblocks_ownerId_fk` FOREIGN KEY (`ownerId`) REFERENCES `craft_elements` (`id`) ON DELETE CASCADE,
	ADD CONSTRAINT `craft_matrixblocks_ownerLocale_fk` FOREIGN KEY (`ownerLocale`) REFERENCES `craft_locales` (`locale`) ON DELETE CASCADE ON UPDATE CASCADE,
	ADD CONSTRAINT `craft_matrixblocks_typeId_fk` FOREIGN KEY (`typeId`) REFERENCES `craft_matrixblocktypes` (`id`) ON DELETE CASCADE;

--
-- Constraints for table `craft_matrixblocktypes`
--
ALTER TABLE `craft_matrixblocktypes`
	ADD CONSTRAINT `craft_matrixblocktypes_fieldId_fk` FOREIGN KEY (`fieldId`) REFERENCES `craft_fields` (`id`) ON DELETE CASCADE,
	ADD CONSTRAINT `craft_matrixblocktypes_fieldLayoutId_fk` FOREIGN KEY (`fieldLayoutId`) REFERENCES `craft_fieldlayouts` (`id`) ON DELETE SET NULL;

--
-- Constraints for table `craft_matrixcontent_homepageskills`
--
ALTER TABLE `craft_matrixcontent_homepageskills`
	ADD CONSTRAINT `craft_matrixcontent_homepageskills_elementId_fk` FOREIGN KEY (`elementId`) REFERENCES `craft_elements` (`id`) ON DELETE CASCADE,
	ADD CONSTRAINT `craft_matrixcontent_homepageskills_locale_fk` FOREIGN KEY (`locale`) REFERENCES `craft_locales` (`locale`) ON DELETE CASCADE ON UPDATE CASCADE;

--
-- Constraints for table `craft_migrations`
--
ALTER TABLE `craft_migrations`
	ADD CONSTRAINT `craft_migrations_pluginId_fk` FOREIGN KEY (`pluginId`) REFERENCES `craft_plugins` (`id`) ON DELETE CASCADE;

--
-- Constraints for table `craft_relations`
--
ALTER TABLE `craft_relations`
	ADD CONSTRAINT `craft_relations_fieldId_fk` FOREIGN KEY (`fieldId`) REFERENCES `craft_fields` (`id`) ON DELETE CASCADE,
	ADD CONSTRAINT `craft_relations_sourceId_fk` FOREIGN KEY (`sourceId`) REFERENCES `craft_elements` (`id`) ON DELETE CASCADE,
	ADD CONSTRAINT `craft_relations_sourceLocale_fk` FOREIGN KEY (`sourceLocale`) REFERENCES `craft_locales` (`locale`) ON DELETE CASCADE ON UPDATE CASCADE,
	ADD CONSTRAINT `craft_relations_targetId_fk` FOREIGN KEY (`targetId`) REFERENCES `craft_elements` (`id`) ON DELETE CASCADE;

--
-- Constraints for table `craft_routes`
--
ALTER TABLE `craft_routes`
	ADD CONSTRAINT `craft_routes_locale_fk` FOREIGN KEY (`locale`) REFERENCES `craft_locales` (`locale`) ON DELETE CASCADE ON UPDATE CASCADE;

--
-- Constraints for table `craft_sections`
--
ALTER TABLE `craft_sections`
	ADD CONSTRAINT `craft_sections_structureId_fk` FOREIGN KEY (`structureId`) REFERENCES `craft_structures` (`id`) ON DELETE SET NULL;

--
-- Constraints for table `craft_sections_i18n`
--
ALTER TABLE `craft_sections_i18n`
	ADD CONSTRAINT `craft_sections_i18n_locale_fk` FOREIGN KEY (`locale`) REFERENCES `craft_locales` (`locale`) ON DELETE CASCADE ON UPDATE CASCADE,
	ADD CONSTRAINT `craft_sections_i18n_sectionId_fk` FOREIGN KEY (`sectionId`) REFERENCES `craft_sections` (`id`) ON DELETE CASCADE;

--
-- Constraints for table `craft_sessions`
--
ALTER TABLE `craft_sessions`
	ADD CONSTRAINT `craft_sessions_userId_fk` FOREIGN KEY (`userId`) REFERENCES `craft_users` (`id`) ON DELETE CASCADE;

--
-- Constraints for table `craft_shunnedmessages`
--
ALTER TABLE `craft_shunnedmessages`
	ADD CONSTRAINT `craft_shunnedmessages_userId_fk` FOREIGN KEY (`userId`) REFERENCES `craft_users` (`id`) ON DELETE CASCADE;

--
-- Constraints for table `craft_structureelements`
--
ALTER TABLE `craft_structureelements`
	ADD CONSTRAINT `craft_structureelements_elementId_fk` FOREIGN KEY (`elementId`) REFERENCES `craft_elements` (`id`) ON DELETE CASCADE,
	ADD CONSTRAINT `craft_structureelements_structureId_fk` FOREIGN KEY (`structureId`) REFERENCES `craft_structures` (`id`) ON DELETE CASCADE;

--
-- Constraints for table `craft_taggroups`
--
ALTER TABLE `craft_taggroups`
	ADD CONSTRAINT `craft_taggroups_fieldLayoutId_fk` FOREIGN KEY (`fieldLayoutId`) REFERENCES `craft_fieldlayouts` (`id`) ON DELETE SET NULL;

--
-- Constraints for table `craft_tags`
--
ALTER TABLE `craft_tags`
	ADD CONSTRAINT `craft_tags_groupId_fk` FOREIGN KEY (`groupId`) REFERENCES `craft_taggroups` (`id`) ON DELETE CASCADE,
	ADD CONSTRAINT `craft_tags_id_fk` FOREIGN KEY (`id`) REFERENCES `craft_elements` (`id`) ON DELETE CASCADE;

--
-- Constraints for table `craft_templatecachecriteria`
--
ALTER TABLE `craft_templatecachecriteria`
	ADD CONSTRAINT `craft_templatecachecriteria_cacheId_fk` FOREIGN KEY (`cacheId`) REFERENCES `craft_templatecaches` (`id`) ON DELETE CASCADE;

--
-- Constraints for table `craft_templatecacheelements`
--
ALTER TABLE `craft_templatecacheelements`
	ADD CONSTRAINT `craft_templatecacheelements_cacheId_fk` FOREIGN KEY (`cacheId`) REFERENCES `craft_templatecaches` (`id`) ON DELETE CASCADE,
	ADD CONSTRAINT `craft_templatecacheelements_elementId_fk` FOREIGN KEY (`elementId`) REFERENCES `craft_elements` (`id`) ON DELETE CASCADE;

--
-- Constraints for table `craft_templatecaches`
--
ALTER TABLE `craft_templatecaches`
	ADD CONSTRAINT `craft_templatecaches_locale_fk` FOREIGN KEY (`locale`) REFERENCES `craft_locales` (`locale`) ON DELETE CASCADE ON UPDATE CASCADE;

--
-- Constraints for table `craft_usergroups_users`
--
ALTER TABLE `craft_usergroups_users`
	ADD CONSTRAINT `craft_usergroups_users_groupId_fk` FOREIGN KEY (`groupId`) REFERENCES `craft_usergroups` (`id`) ON DELETE CASCADE,
	ADD CONSTRAINT `craft_usergroups_users_userId_fk` FOREIGN KEY (`userId`) REFERENCES `craft_users` (`id`) ON DELETE CASCADE;

--
-- Constraints for table `craft_userpermissions_usergroups`
--
ALTER TABLE `craft_userpermissions_usergroups`
	ADD CONSTRAINT `craft_userpermissions_usergroups_groupId_fk` FOREIGN KEY (`groupId`) REFERENCES `craft_usergroups` (`id`) ON DELETE CASCADE,
	ADD CONSTRAINT `craft_userpermissions_usergroups_permissionId_fk` FOREIGN KEY (`permissionId`) REFERENCES `craft_userpermissions` (`id`) ON DELETE CASCADE;

--
-- Constraints for table `craft_userpermissions_users`
--
ALTER TABLE `craft_userpermissions_users`
	ADD CONSTRAINT `craft_userpermissions_users_permissionId_fk` FOREIGN KEY (`permissionId`) REFERENCES `craft_userpermissions` (`id`) ON DELETE CASCADE,
	ADD CONSTRAINT `craft_userpermissions_users_userId_fk` FOREIGN KEY (`userId`) REFERENCES `craft_users` (`id`) ON DELETE CASCADE;

--
-- Constraints for table `craft_users`
--
ALTER TABLE `craft_users`
	ADD CONSTRAINT `craft_users_id_fk` FOREIGN KEY (`id`) REFERENCES `craft_elements` (`id`) ON DELETE CASCADE,
	ADD CONSTRAINT `craft_users_preferredLocale_fk` FOREIGN KEY (`preferredLocale`) REFERENCES `craft_locales` (`locale`) ON DELETE SET NULL ON UPDATE CASCADE;

--
-- Constraints for table `craft_widgets`
--
ALTER TABLE `craft_widgets`
	ADD CONSTRAINT `craft_widgets_userId_fk` FOREIGN KEY (`userId`) REFERENCES `craft_users` (`id`) ON DELETE CASCADE;

SET FOREIGN_KEY_CHECKS = 1;
