-- Generated by Craft v2.6.2973 on Apr 18, 2017, 1:09:09 AM.

--
-- Disable foreign key checks and autocommit.
--

SET FOREIGN_KEY_CHECKS = 0;
SET SQL_MODE = "NO_AUTO_VALUE_ON_ZERO";
SET AUTOCOMMIT = 0;
SET NAMES utf8;


DROP TABLE IF EXISTS `craft_assetfiles`;


--
-- Schema for table `craft_assetfiles`
--
CREATE TABLE `craft_assetfiles` (
  `id` int(11) NOT NULL,
  `sourceId` int(11) DEFAULT NULL,
  `folderId` int(11) NOT NULL,
  `filename` varchar(255) COLLATE utf8_unicode_ci NOT NULL,
  `kind` varchar(50) COLLATE utf8_unicode_ci NOT NULL DEFAULT 'unknown',
  `width` int(11) unsigned DEFAULT NULL,
  `height` int(11) unsigned DEFAULT NULL,
  `size` bigint(20) unsigned DEFAULT NULL,
  `dateModified` datetime DEFAULT NULL,
  `dateCreated` datetime NOT NULL,
  `dateUpdated` datetime NOT NULL,
  `uid` char(36) COLLATE utf8_unicode_ci NOT NULL DEFAULT '0',
  PRIMARY KEY (`id`),
  UNIQUE KEY `craft_assetfiles_filename_folderId_unq_idx` (`filename`,`folderId`),
  KEY `craft_assetfiles_sourceId_fk` (`sourceId`),
  KEY `craft_assetfiles_folderId_fk` (`folderId`)
) ENGINE=InnoDB DEFAULT CHARSET=utf8 COLLATE=utf8_unicode_ci;

--
-- Data for table `craft_assetfiles`
--

INSERT INTO `craft_assetfiles` (`id`, `sourceId`, `folderId`, `filename`, `kind`, `width`, `height`, `size`, `dateModified`, `dateCreated`, `dateUpdated`, `uid`) VALUES
 ('9', '2', '3', '1st-Floor-Data-Closet.jpg', 'image', '3264', '2448', '2453393', '2016-10-04 02:41:07', '2016-01-19 01:38:49', '2016-12-22 01:15:54', '736520ed-ce8c-451f-9257-a2db7e1c507d'),
 ('11', '2', '3', '2nd-Floor-Data-Closet-messy.jpg', 'image', '2448', '3264', '2776379', '2016-10-04 02:41:07', '2016-01-19 02:54:23', '2016-12-22 01:15:54', '83a7ab04-937b-4350-aa2a-9117c1896f37'),
 ('19', '2', '3', 'Masterpiece_500x399.png', 'image', '399', '500', '483561', '2016-10-04 02:41:07', '2016-08-09 02:07:50', '2016-12-22 01:15:58', 'def1b85d-2793-4a19-8d18-49504f578101'),
 ('20', '2', '3', 'Puella.jpg', 'image', '2303', '1810', '2607778', '2016-10-04 02:41:07', '2016-08-18 02:02:38', '2016-12-22 01:15:59', '4f8a4812-23cc-4c96-97d8-7c5bfda03ea3'),
 ('22', '2', '3', 'Puer.jpg', 'image', '2575', '1721', '1833159', '2016-10-04 02:41:07', '2016-08-18 02:45:17', '2016-12-22 01:15:59', '6113210b-183c-4ab6-872b-2b118f874d1c'),
 ('24', '2', '3', 'MeAndDadBlueCar.jpg', 'image', '2658', '1329', '2270911', '2016-10-04 02:41:07', '2016-08-19 02:14:04', '2016-12-22 01:15:59', 'fa088e50-b48e-460c-8004-8a98531a098a'),
 ('26', '2', '3', 'Me.jpg', 'image', '257', '300', '25255', '2016-10-04 02:41:07', '2016-08-21 01:36:17', '2016-12-22 01:15:58', '67dc1532-bdfe-4cd5-936e-e546ef363dfa'),
 ('27', '2', '3', 'bacardi.jpg', 'image', '1536', '2048', '403685', '2016-10-04 02:41:07', '2016-08-21 23:23:57', '2016-12-22 01:16:00', '2c342fc1-0f30-4989-972b-0252baf428e3'),
 ('39', '2', '3', 'SayInsurance.png', 'image', '1903', '962', '1666727', '2016-10-04 02:41:07', '2016-08-30 01:36:46', '2016-12-22 01:16:00', 'd13bf3bf-125f-4115-a17c-2c46083b3950'),
 ('55', '2', '3', 'DBRL.png', 'image', '1070', '953', '311057', '2016-10-04 02:41:07', '2016-09-03 07:52:55', '2016-12-22 01:15:55', '7301d367-ae1f-4d6e-8c7a-088932eacfdf'),
 ('63', '2', '3', 'craft-square-logo.png', 'image', '750', '750', '38979', '2016-10-04 02:41:07', '2016-09-08 01:05:53', '2016-12-22 01:16:00', '8e69d15b-5fa1-4196-a958-0d9a34f4f860'),
 ('66', '2', '3', 'Craft_logo.png', 'image', '655', '350', '25554', '2016-10-04 02:41:07', '2016-09-09 00:22:34', '2016-12-22 01:15:54', '7ee85cb8-f824-4e64-b304-1e346fd09976'),
 ('68', '2', '3', 'Dental-Terror.png', 'image', '1920', '1080', '4901917', '2016-10-04 02:41:07', '2016-09-11 15:23:22', '2016-12-22 01:15:57', 'b96ccc60-1110-4e27-8780-591dd1482511'),
 ('83', '2', '3', 'Dental-Terror-Original.jpg', 'image', '2444', '3268', '1092919', '2016-10-04 02:41:07', '2016-09-15 01:15:35', '2016-12-22 01:15:56', '57d759da-a234-46f4-876e-6bbd625589a7'),
 ('84', '2', '3', 'Dental-Terror-1.jpg', 'image', '1080', '1080', '293445', '2016-10-04 02:41:07', '2016-09-16 01:37:22', '2016-12-22 01:15:56', 'b86ed761-a878-4f2d-899d-82f27dff8f8b'),
 ('85', '2', '3', 'Dental-Terror-2.jpg', 'image', '1080', '1080', '227302', '2016-10-04 02:41:07', '2016-09-16 01:37:40', '2016-12-22 01:15:55', '329ebeff-1faf-4b08-941e-f0436321630c'),
 ('88', '2', '3', 'Dakota-Solomon.png', 'image', '1882', '933', '865825', '2016-10-04 02:41:07', '2016-10-03 17:24:47', '2016-12-22 01:15:55', '178f105c-329a-423a-9943-ed2dc09c6dda'),
 ('93', '2', '3', 'Brooke-Fletcher.png', 'image', '1906', '907', '407748', '2016-10-04 02:41:07', '2016-10-04 01:25:01', '2016-12-22 01:15:54', '9770b283-f133-4a48-878f-670bd50c7598'),
 ('97', '2', '3', 'McCurdys.jpg', 'image', '1793', '2547', '3783683', '2016-11-15 01:49:09', '2016-11-15 01:49:09', '2016-12-22 01:15:58', '5f0eb963-0446-41d2-a82e-4e96d6b22b71'),
 ('99', '2', '3', 'Manatee4_color_corrected.png', 'image', '2210', '2790', '7576847', '2016-11-15 01:59:00', '2016-11-15 01:59:01', '2016-12-22 01:15:58', 'b3922a60-13b6-4376-87fa-49f8ac6a68d6'),
 ('101', '2', '3', 'Ariel.jpg', 'image', '2421', '1902', '3422279', '2016-11-16 00:27:10', '2016-11-16 00:27:10', '2016-12-22 01:15:55', 'c52fb4cc-917b-4a8b-802a-74c01be2d67f'),
 ('109', '2', '3', 'cthulhu-was-here.jpg', 'image', '4000', '2992', '1111588', '2016-11-16 02:05:01', '2016-11-16 02:05:01', '2016-12-22 01:16:00', '5296ef22-0d88-44d0-bd34-e3898998d9d0'),
 ('111', '2', '3', 'Fibonacci_spiral_34.svg', 'image', '915', '579', '1265', '2016-12-22 01:03:00', '2016-12-14 00:58:49', '2016-12-22 01:15:57', 'cb3179f7-6a34-4bf6-8c62-d0688fea2961'),
 ('113', '2', '3', 'Fibonacci_spiral_34.png', 'image', '915', '579', '22670', '2016-12-22 01:03:00', '2016-12-14 01:46:18', '2016-12-22 01:15:56', 'e80e9a05-358d-4fbc-ba1c-4864264a50fb');



DROP TABLE IF EXISTS `craft_assetfolders`;


--
-- Schema for table `craft_assetfolders`
--
CREATE TABLE `craft_assetfolders` (
  `id` int(11) NOT NULL AUTO_INCREMENT,
  `parentId` int(11) DEFAULT NULL,
  `sourceId` int(11) DEFAULT NULL,
  `name` varchar(255) COLLATE utf8_unicode_ci NOT NULL,
  `path` varchar(255) COLLATE utf8_unicode_ci DEFAULT NULL,
  `dateCreated` datetime NOT NULL,
  `dateUpdated` datetime NOT NULL,
  `uid` char(36) COLLATE utf8_unicode_ci NOT NULL DEFAULT '0',
  PRIMARY KEY (`id`),
  UNIQUE KEY `craft_assetfolders_name_parentId_sourceId_unq_idx` (`name`,`parentId`,`sourceId`),
  KEY `craft_assetfolders_parentId_fk` (`parentId`),
  KEY `craft_assetfolders_sourceId_fk` (`sourceId`)
) ENGINE=InnoDB AUTO_INCREMENT=8 DEFAULT CHARSET=utf8 COLLATE=utf8_unicode_ci;

--
-- Data for table `craft_assetfolders`
--

INSERT INTO `craft_assetfolders` (`id`, `parentId`, `sourceId`, `name`, `path`, `dateCreated`, `dateUpdated`, `uid`) VALUES
 ('3', NULL, '2', 'Images', '', '2016-01-18 23:05:00', '2016-01-18 23:05:00', '32cacf12-8ffb-4674-8066-ca53cee249de'),
 ('4', NULL, NULL, 'Temporary source', NULL, '2016-08-30 00:14:35', '2016-08-30 00:14:35', 'e59a29fc-039f-41f0-b072-26997131108c'),
 ('5', '4', NULL, 'user_1', NULL, '2016-08-30 00:14:35', '2016-08-30 00:14:35', 'e38c8dd1-e987-4af8-83ce-85a05a9a1a52'),
 ('6', '5', NULL, 'field_7', 'field_7/', '2016-08-30 00:14:35', '2016-08-30 00:14:35', '08725df8-cc42-4a2d-a23c-70dcfbc1506a'),
 ('7', '5', NULL, 'field_33', 'field_33/', '2016-09-10 02:05:06', '2016-09-10 02:05:06', '8462cf5a-dc28-4609-bd83-fdae40b73ec5');



DROP TABLE IF EXISTS `craft_assetindexdata`;


--
-- Schema for table `craft_assetindexdata`
--
CREATE TABLE `craft_assetindexdata` (
  `id` int(11) NOT NULL AUTO_INCREMENT,
  `sessionId` varchar(36) COLLATE utf8_unicode_ci NOT NULL DEFAULT '',
  `sourceId` int(10) NOT NULL,
  `offset` int(10) NOT NULL,
  `uri` text COLLATE utf8_unicode_ci,
  `size` bigint(20) unsigned DEFAULT NULL,
  `recordId` int(10) DEFAULT NULL,
  `dateCreated` datetime NOT NULL,
  `dateUpdated` datetime NOT NULL,
  `uid` char(36) COLLATE utf8_unicode_ci NOT NULL DEFAULT '0',
  PRIMARY KEY (`id`),
  UNIQUE KEY `craft_assetindexdata_sessionId_sourceId_offset_unq_idx` (`sessionId`,`sourceId`,`offset`),
  KEY `craft_assetindexdata_sourceId_fk` (`sourceId`)
) ENGINE=InnoDB AUTO_INCREMENT=49 DEFAULT CHARSET=utf8 COLLATE=utf8_unicode_ci;

--
-- Data for table `craft_assetindexdata`
--

INSERT INTO `craft_assetindexdata` (`id`, `sessionId`, `sourceId`, `offset`, `uri`, `size`, `recordId`, `dateCreated`, `dateUpdated`, `uid`) VALUES
 ('24', '4573b9f4-c6e3-4814-9e3a-49a33bfeb594', '2', '0', '/var/www/html/dev/www/assets/images/1st-Floor-Data-Closet.jpg', '2453393', '9', '2016-12-22 01:15:53', '2016-12-22 01:15:53', 'c75a15a3-a49d-40fe-a3c9-f60a6ca20ccc'),
 ('25', '4573b9f4-c6e3-4814-9e3a-49a33bfeb594', '2', '1', '/var/www/html/dev/www/assets/images/2nd-Floor-Data-Closet-messy.jpg', '2776379', '11', '2016-12-22 01:15:53', '2016-12-22 01:15:54', '72556221-8b3f-45ba-a9f4-a26d549c616a'),
 ('26', '4573b9f4-c6e3-4814-9e3a-49a33bfeb594', '2', '2', '/var/www/html/dev/www/assets/images/Ariel.jpg', '3422279', '101', '2016-12-22 01:15:53', '2016-12-22 01:15:55', '8019c442-7b79-4678-8d5c-b83cb057ccd6'),
 ('27', '4573b9f4-c6e3-4814-9e3a-49a33bfeb594', '2', '3', '/var/www/html/dev/www/assets/images/Brooke-Fletcher.png', '407748', '93', '2016-12-22 01:15:53', '2016-12-22 01:15:54', '4a3f7ff7-60cc-4e43-9238-00a0eabeb1f7'),
 ('28', '4573b9f4-c6e3-4814-9e3a-49a33bfeb594', '2', '4', '/var/www/html/dev/www/assets/images/Craft_logo.png', '25554', '66', '2016-12-22 01:15:53', '2016-12-22 01:15:54', '258017ab-99e8-4a5c-b382-9512c6686dd7'),
 ('29', '4573b9f4-c6e3-4814-9e3a-49a33bfeb594', '2', '5', '/var/www/html/dev/www/assets/images/DBRL.png', '311057', '55', '2016-12-22 01:15:53', '2016-12-22 01:15:55', '35ce640d-9d09-4744-86a6-b2097a6fe773'),
 ('30', '4573b9f4-c6e3-4814-9e3a-49a33bfeb594', '2', '6', '/var/www/html/dev/www/assets/images/Dakota-Solomon.png', '865825', '88', '2016-12-22 01:15:53', '2016-12-22 01:15:55', 'f3a2b619-b379-4009-84df-1c7199abdf5b'),
 ('31', '4573b9f4-c6e3-4814-9e3a-49a33bfeb594', '2', '7', '/var/www/html/dev/www/assets/images/Dental-Terror-1.jpg', '293445', '84', '2016-12-22 01:15:53', '2016-12-22 01:15:56', '8aaa7c44-cc6a-4c31-b0ce-bdc7060259d2'),
 ('32', '4573b9f4-c6e3-4814-9e3a-49a33bfeb594', '2', '8', '/var/www/html/dev/www/assets/images/Dental-Terror-2.jpg', '227302', '85', '2016-12-22 01:15:53', '2016-12-22 01:15:55', 'b7140b6f-f390-4568-ae5d-4038c9f38062'),
 ('33', '4573b9f4-c6e3-4814-9e3a-49a33bfeb594', '2', '9', '/var/www/html/dev/www/assets/images/Dental-Terror-Original.jpg', '1092919', '83', '2016-12-22 01:15:53', '2016-12-22 01:15:55', 'c8b52a49-6bda-4256-ab52-ba7898916ffb'),
 ('34', '4573b9f4-c6e3-4814-9e3a-49a33bfeb594', '2', '10', '/var/www/html/dev/www/assets/images/Dental-Terror.png', '4901917', '68', '2016-12-22 01:15:53', '2016-12-22 01:15:56', 'e351a377-d37a-4c04-ab82-95ad11cad588'),
 ('35', '4573b9f4-c6e3-4814-9e3a-49a33bfeb594', '2', '11', '/var/www/html/dev/www/assets/images/Fibonacci_spiral_34.png', '22670', '113', '2016-12-22 01:15:53', '2016-12-22 01:15:56', '24560860-11f9-4362-8441-8d1f103b06d0'),
 ('36', '4573b9f4-c6e3-4814-9e3a-49a33bfeb594', '2', '12', '/var/www/html/dev/www/assets/images/Fibonacci_spiral_34.svg', '1265', '111', '2016-12-22 01:15:53', '2016-12-22 01:15:57', '9b065534-adbe-496f-82c4-7bfe05deb494'),
 ('37', '4573b9f4-c6e3-4814-9e3a-49a33bfeb594', '2', '13', '/var/www/html/dev/www/assets/images/Manatee4_color_corrected.png', '7576847', '99', '2016-12-22 01:15:53', '2016-12-22 01:15:57', 'ca073911-cb88-44ee-8585-de61dddc1f1f'),
 ('38', '4573b9f4-c6e3-4814-9e3a-49a33bfeb594', '2', '14', '/var/www/html/dev/www/assets/images/Masterpiece_500x399.png', '483561', '19', '2016-12-22 01:15:53', '2016-12-22 01:15:58', '723d8631-4942-469f-b7b2-e751b0cf483e'),
 ('39', '4573b9f4-c6e3-4814-9e3a-49a33bfeb594', '2', '15', '/var/www/html/dev/www/assets/images/McCurdys.jpg', '3783683', '97', '2016-12-22 01:15:53', '2016-12-22 01:15:58', '384bc08e-6e75-43f6-b8bb-7d1f18012524'),
 ('40', '4573b9f4-c6e3-4814-9e3a-49a33bfeb594', '2', '16', '/var/www/html/dev/www/assets/images/Me.jpg', '25255', '26', '2016-12-22 01:15:53', '2016-12-22 01:15:58', '5af1f121-9d0a-4cdd-b70f-380e58739fa7'),
 ('41', '4573b9f4-c6e3-4814-9e3a-49a33bfeb594', '2', '17', '/var/www/html/dev/www/assets/images/MeAndDadBlueCar.jpg', '2270911', '24', '2016-12-22 01:15:53', '2016-12-22 01:15:59', 'a44c1d61-65ff-4ac4-b890-6f77f1888d12'),
 ('42', '4573b9f4-c6e3-4814-9e3a-49a33bfeb594', '2', '18', '/var/www/html/dev/www/assets/images/Puella.jpg', '2607778', '20', '2016-12-22 01:15:53', '2016-12-22 01:15:59', 'f63023df-4936-4f86-8119-ba07fde0cd35'),
 ('43', '4573b9f4-c6e3-4814-9e3a-49a33bfeb594', '2', '19', '/var/www/html/dev/www/assets/images/Puer.jpg', '1833159', '22', '2016-12-22 01:15:53', '2016-12-22 01:15:59', '3ed0f80c-c0a2-4186-8248-dcf112928bea'),
 ('44', '4573b9f4-c6e3-4814-9e3a-49a33bfeb594', '2', '20', '/var/www/html/dev/www/assets/images/SayInsurance.png', '1666727', '39', '2016-12-22 01:15:53', '2016-12-22 01:16:00', 'e0a4b19f-6c38-4faa-bc72-296391d05d46'),
 ('45', '4573b9f4-c6e3-4814-9e3a-49a33bfeb594', '2', '21', '/var/www/html/dev/www/assets/images/bacardi.jpg', '403685', '27', '2016-12-22 01:15:53', '2016-12-22 01:16:00', 'ebdaf76c-f75d-4f27-9789-6b53fb14b6bb'),
 ('46', '4573b9f4-c6e3-4814-9e3a-49a33bfeb594', '2', '22', '/var/www/html/dev/www/assets/images/craft-square-logo.png', '38979', '63', '2016-12-22 01:15:53', '2016-12-22 01:16:00', '9409a95c-0828-4c92-986c-834e25c257a4'),
 ('47', '4573b9f4-c6e3-4814-9e3a-49a33bfeb594', '2', '23', '/var/www/html/dev/www/assets/images/cthulhu-was-here.jpg', '1111588', '109', '2016-12-22 01:15:53', '2016-12-22 01:16:00', '392d6b7f-12a6-48b0-b4c8-ec043f0522a1'),
 ('48', '4573b9f4-c6e3-4814-9e3a-49a33bfeb594', '2', '24', '/var/www/html/dev/www/assets/images/index.php', '65', NULL, '2016-12-22 01:15:53', '2016-12-22 01:15:53', '61dcbb67-27f7-4e4b-8a58-c2cd22f84379');



DROP TABLE IF EXISTS `craft_assetsources`;


--
-- Schema for table `craft_assetsources`
--
CREATE TABLE `craft_assetsources` (
  `id` int(11) NOT NULL AUTO_INCREMENT,
  `name` varchar(255) COLLATE utf8_unicode_ci NOT NULL,
  `handle` varchar(255) COLLATE utf8_unicode_ci NOT NULL,
  `type` varchar(150) COLLATE utf8_unicode_ci NOT NULL,
  `settings` text COLLATE utf8_unicode_ci,
  `sortOrder` smallint(6) unsigned DEFAULT NULL,
  `fieldLayoutId` int(10) DEFAULT NULL,
  `dateCreated` datetime NOT NULL,
  `dateUpdated` datetime NOT NULL,
  `uid` char(36) COLLATE utf8_unicode_ci NOT NULL DEFAULT '0',
  PRIMARY KEY (`id`),
  UNIQUE KEY `craft_assetsources_name_unq_idx` (`name`),
  UNIQUE KEY `craft_assetsources_handle_unq_idx` (`handle`),
  KEY `craft_assetsources_fieldLayoutId_fk` (`fieldLayoutId`)
) ENGINE=InnoDB AUTO_INCREMENT=3 DEFAULT CHARSET=utf8 COLLATE=utf8_unicode_ci;

--
-- Data for table `craft_assetsources`
--

INSERT INTO `craft_assetsources` (`id`, `name`, `handle`, `type`, `settings`, `sortOrder`, `fieldLayoutId`, `dateCreated`, `dateUpdated`, `uid`) VALUES
 ('2', 'Images', 'images', 'Local', '{\"path\":\"assets\\/images\\/\",\"publicURLs\":\"1\",\"url\":\"{baseUrl}\\/assets\\/images\\/\"}', '1', '151', '2016-01-18 23:05:00', '2016-09-16 00:41:10', '2ea7182d-e1de-4b53-9e40-3b33dcb93941');



DROP TABLE IF EXISTS `craft_assettransformindex`;


--
-- Schema for table `craft_assettransformindex`
--
CREATE TABLE `craft_assettransformindex` (
  `id` int(11) NOT NULL AUTO_INCREMENT,
  `fileId` int(11) NOT NULL,
  `filename` varchar(255) COLLATE utf8_unicode_ci DEFAULT NULL,
  `format` varchar(255) COLLATE utf8_unicode_ci DEFAULT NULL,
  `location` varchar(255) COLLATE utf8_unicode_ci NOT NULL,
  `sourceId` int(11) DEFAULT NULL,
  `fileExists` tinyint(1) DEFAULT NULL,
  `inProgress` tinyint(1) DEFAULT NULL,
  `dateIndexed` datetime DEFAULT NULL,
  `dateCreated` datetime NOT NULL,
  `dateUpdated` datetime NOT NULL,
  `uid` char(36) COLLATE utf8_unicode_ci NOT NULL DEFAULT '0',
  PRIMARY KEY (`id`),
  KEY `craft_assettransformindex_sourceId_fileId_location_idx` (`sourceId`,`fileId`,`location`)
) ENGINE=InnoDB AUTO_INCREMENT=19 DEFAULT CHARSET=utf8 COLLATE=utf8_unicode_ci;

--
-- Data for table `craft_assettransformindex`
--

INSERT INTO `craft_assettransformindex` (`id`, `fileId`, `filename`, `format`, `location`, `sourceId`, `fileExists`, `inProgress`, `dateIndexed`, `dateCreated`, `dateUpdated`, `uid`) VALUES
 ('1', '24', 'MeAndDadBlueCar.jpg', NULL, '_1000xAUTO_fit_center-center_100', '2', '1', '0', '2016-11-24 03:15:37', '2016-11-24 03:15:37', '2016-11-24 03:16:12', '52e2d813-c4aa-48a7-a122-5afad0673dde'),
 ('2', '22', 'Puer.jpg', NULL, '_1000xAUTO_fit_center-center_100', '2', '1', '0', '2016-11-24 03:15:37', '2016-11-24 03:15:37', '2016-11-24 03:16:10', 'ff8cf2f6-88ab-454f-a0d1-b5769f4006a9'),
 ('3', '20', 'Puella.jpg', NULL, '_1000xAUTO_fit_center-center_100', '2', '1', '0', '2016-11-24 03:15:37', '2016-11-24 03:15:37', '2016-11-24 03:15:47', '3c7d9809-9bad-49e8-8bd3-e232610dfb66'),
 ('4', '109', 'cthulhu-was-here.jpg', NULL, '_1000xAUTO_fit_center-center_100', '2', '1', '0', '2016-11-24 03:15:37', '2016-11-24 03:15:37', '2016-11-24 03:16:17', '4bdb3424-639c-4ab6-9dd4-450c7c0e15d4'),
 ('5', '99', 'Manatee4_color_corrected.png', NULL, '_1000xAUTO_fit_center-center_100', '2', '1', '0', '2016-11-24 03:15:37', '2016-11-24 03:15:37', '2016-11-24 03:16:41', '534bff28-931b-4d6d-b022-3484b7fab3d4'),
 ('6', '19', 'Masterpiece_500x399.png', NULL, '_1000xAUTO_fit_center-center_100', '2', '1', '0', '2016-11-24 03:15:37', '2016-11-24 03:15:37', '2016-11-24 03:15:48', 'b555b969-7e3e-4d48-8968-ad53fb61872b'),
 ('7', '101', 'Ariel.jpg', NULL, '_1000xAUTO_fit_center-center_100', '2', '1', '0', '2016-11-24 03:15:37', '2016-11-24 03:15:37', '2016-11-24 03:16:15', '19109a53-6dec-46d5-9b48-80bfa298ee03'),
 ('8', '97', 'McCurdys.jpg', NULL, '_1000xAUTO_fit_center-center_100', '2', '1', '0', '2016-11-24 03:15:37', '2016-11-24 03:15:37', '2016-11-24 03:15:49', '36c6dd00-ea44-48cf-8b64-dc6e1dbe6e71'),
 ('9', '66', 'Craft_logo.png', NULL, '_750xAUTO_fit_center-center_100', '2', '1', '0', '2016-11-24 03:18:15', '2016-11-24 03:18:15', '2016-11-24 03:18:18', 'df398892-63e5-4d29-8fad-2bff975b1485'),
 ('10', '68', 'Dental-Terror.png', NULL, '_750xAUTO_fit_center-center_100', '2', '1', '0', '2016-11-24 03:18:15', '2016-11-24 03:18:15', '2016-11-24 03:18:22', 'e007988f-baa3-4c45-883a-9008e14da1bb'),
 ('11', '24', 'MeAndDadBlueCar.jpg', NULL, '_750xAUTO_fit_center-center_100', '2', '1', '0', '2016-11-24 03:18:15', '2016-11-24 03:18:15', '2016-11-24 03:18:47', 'bd4a11d5-7b09-4a85-82f0-58bbb3bcaf48'),
 ('12', '22', 'Puer.jpg', NULL, '_750xAUTO_fit_center-center_100', '2', '1', '0', '2016-11-24 03:18:15', '2016-11-24 03:18:15', '2016-11-24 03:18:50', '3adc1927-0432-4a1f-8df1-68bf1dc3be99'),
 ('13', '20', 'Puella.jpg', NULL, '_750xAUTO_fit_center-center_100', '2', '1', '0', '2016-11-24 03:18:15', '2016-11-24 03:18:15', '2016-11-24 03:18:23', 'e4c92d76-58e8-42be-bfbf-4875188a797d'),
 ('14', '39', 'SayInsurance.png', NULL, '_1000x500_crop_top-center_75', '2', '1', '0', '2016-11-24 03:18:15', '2016-11-24 03:18:15', '2016-11-24 03:18:22', 'e361632e-6f46-4563-b3e5-6baa6a6c3a55'),
 ('15', '55', 'DBRL.png', NULL, '_1000x500_crop_top-center_75', '2', '1', '0', '2016-11-24 03:18:15', '2016-11-24 03:18:15', '2016-11-24 03:18:21', '00562f10-3bbd-4864-8244-f7a61ac17b86'),
 ('16', '111', 'Fibonacci_spiral_34.svg', NULL, '_750xAUTO_fit_center-center_100', '2', '1', '0', '2016-12-14 01:38:50', '2016-12-14 01:38:50', '2016-12-14 01:38:50', '5fdb6e70-05c6-420e-8808-689c5648e70a'),
 ('18', '113', 'Fibonacci_spiral_34.png', NULL, '_750xAUTO_fit_center-center_100', '2', '1', '0', '2016-12-22 01:17:52', '2016-12-22 01:17:52', '2016-12-22 01:17:52', '6ca4aaec-d098-481b-b4c0-60f2baa4d1c4');



DROP TABLE IF EXISTS `craft_assettransforms`;


--
-- Schema for table `craft_assettransforms`
--
CREATE TABLE `craft_assettransforms` (
  `id` int(11) NOT NULL AUTO_INCREMENT,
  `name` varchar(255) COLLATE utf8_unicode_ci NOT NULL,
  `handle` varchar(255) COLLATE utf8_unicode_ci NOT NULL,
  `mode` enum('stretch','fit','crop') COLLATE utf8_unicode_ci NOT NULL DEFAULT 'crop',
  `position` enum('top-left','top-center','top-right','center-left','center-center','center-right','bottom-left','bottom-center','bottom-right') COLLATE utf8_unicode_ci NOT NULL DEFAULT 'center-center',
  `height` int(10) DEFAULT NULL,
  `width` int(10) DEFAULT NULL,
  `format` varchar(255) COLLATE utf8_unicode_ci DEFAULT NULL,
  `quality` int(10) DEFAULT NULL,
  `dimensionChangeTime` datetime DEFAULT NULL,
  `dateCreated` datetime NOT NULL,
  `dateUpdated` datetime NOT NULL,
  `uid` char(36) COLLATE utf8_unicode_ci NOT NULL DEFAULT '0',
  PRIMARY KEY (`id`),
  UNIQUE KEY `craft_assettransforms_name_unq_idx` (`name`),
  UNIQUE KEY `craft_assettransforms_handle_unq_idx` (`handle`)
) ENGINE=InnoDB DEFAULT CHARSET=utf8 COLLATE=utf8_unicode_ci;

DROP TABLE IF EXISTS `craft_categories`;


--
-- Schema for table `craft_categories`
--
CREATE TABLE `craft_categories` (
  `id` int(11) NOT NULL,
  `groupId` int(11) NOT NULL,
  `dateCreated` datetime NOT NULL,
  `dateUpdated` datetime NOT NULL,
  `uid` char(36) COLLATE utf8_unicode_ci NOT NULL DEFAULT '0',
  PRIMARY KEY (`id`),
  KEY `craft_categories_groupId_fk` (`groupId`)
) ENGINE=InnoDB DEFAULT CHARSET=utf8 COLLATE=utf8_unicode_ci;

--
-- Data for table `craft_categories`
--

INSERT INTO `craft_categories` (`id`, `groupId`, `dateCreated`, `dateUpdated`, `uid`) VALUES
 ('95', '1', '2016-11-03 00:25:06', '2016-11-03 00:25:06', '0eeeb303-3e02-4325-8fc2-79f7e42ef140'),
 ('96', '1', '2016-11-03 00:25:11', '2016-11-03 00:25:11', '1e061cc1-ecac-4c7b-9af0-c54ce7d8fdc2'),
 ('103', '2', '2016-11-16 00:59:41', '2016-11-16 00:59:41', '34544cbe-f8fb-4965-9b74-63217facacdb'),
 ('104', '2', '2016-11-16 00:59:58', '2016-11-16 00:59:58', 'c78f98ef-5605-4f0b-bd45-56ba74fbf41d'),
 ('106', '2', '2016-11-16 02:03:09', '2016-11-16 02:03:09', '8ec09083-dc53-4ca2-9c8c-0584166ff9b6');



DROP TABLE IF EXISTS `craft_categorygroups`;


--
-- Schema for table `craft_categorygroups`
--
CREATE TABLE `craft_categorygroups` (
  `id` int(11) NOT NULL AUTO_INCREMENT,
  `structureId` int(11) NOT NULL,
  `fieldLayoutId` int(11) DEFAULT NULL,
  `name` varchar(255) COLLATE utf8_unicode_ci NOT NULL,
  `handle` varchar(255) COLLATE utf8_unicode_ci NOT NULL,
  `hasUrls` tinyint(1) unsigned NOT NULL DEFAULT '1',
  `template` varchar(500) COLLATE utf8_unicode_ci DEFAULT NULL,
  `dateCreated` datetime NOT NULL,
  `dateUpdated` datetime NOT NULL,
  `uid` char(36) COLLATE utf8_unicode_ci NOT NULL DEFAULT '0',
  PRIMARY KEY (`id`),
  UNIQUE KEY `craft_categorygroups_name_unq_idx` (`name`),
  UNIQUE KEY `craft_categorygroups_handle_unq_idx` (`handle`),
  KEY `craft_categorygroups_structureId_fk` (`structureId`),
  KEY `craft_categorygroups_fieldLayoutId_fk` (`fieldLayoutId`)
) ENGINE=InnoDB AUTO_INCREMENT=3 DEFAULT CHARSET=utf8 COLLATE=utf8_unicode_ci;

--
-- Data for table `craft_categorygroups`
--

INSERT INTO `craft_categorygroups` (`id`, `structureId`, `fieldLayoutId`, `name`, `handle`, `hasUrls`, `template`, `dateCreated`, `dateUpdated`, `uid`) VALUES
 ('1', '4', '160', 'Blog', 'blog', '1', '', '2016-11-03 00:24:52', '2016-11-03 00:24:52', '3549bed8-7579-4e7b-9198-5718bf10ded7'),
 ('2', '5', '162', 'Art', 'art', '1', '', '2016-11-16 00:59:20', '2016-11-16 00:59:20', 'f426145f-f6cd-4e8b-b639-631deac34c97');



DROP TABLE IF EXISTS `craft_categorygroups_i18n`;


--
-- Schema for table `craft_categorygroups_i18n`
--
CREATE TABLE `craft_categorygroups_i18n` (
  `id` int(11) NOT NULL AUTO_INCREMENT,
  `groupId` int(11) NOT NULL,
  `locale` char(12) COLLATE utf8_unicode_ci NOT NULL,
  `urlFormat` text COLLATE utf8_unicode_ci,
  `nestedUrlFormat` text COLLATE utf8_unicode_ci,
  `dateCreated` datetime NOT NULL,
  `dateUpdated` datetime NOT NULL,
  `uid` char(36) COLLATE utf8_unicode_ci NOT NULL DEFAULT '0',
  PRIMARY KEY (`id`),
  UNIQUE KEY `craft_categorygroups_i18n_groupId_locale_unq_idx` (`groupId`,`locale`),
  KEY `craft_categorygroups_i18n_locale_fk` (`locale`)
) ENGINE=InnoDB AUTO_INCREMENT=3 DEFAULT CHARSET=utf8 COLLATE=utf8_unicode_ci;

--
-- Data for table `craft_categorygroups_i18n`
--

INSERT INTO `craft_categorygroups_i18n` (`id`, `groupId`, `locale`, `urlFormat`, `nestedUrlFormat`, `dateCreated`, `dateUpdated`, `uid`) VALUES
 ('1', '1', 'en_us', 'blog/{slug}', '{parent.uri}/{slug}', '2016-11-03 00:24:52', '2016-11-03 00:24:52', '3430983a-1ef7-4202-9c6a-84a6c09637c2'),
 ('2', '2', 'en_us', 'art/{slug}', '{parent.uri}/{slug}', '2016-11-16 00:59:20', '2016-11-16 00:59:20', '80f7d499-6546-48b7-86ea-2f27b2e57338');



DROP TABLE IF EXISTS `craft_content`;


--
-- Schema for table `craft_content`
--
CREATE TABLE `craft_content` (
  `id` int(11) NOT NULL AUTO_INCREMENT,
  `elementId` int(11) NOT NULL,
  `locale` char(12) COLLATE utf8_unicode_ci NOT NULL,
  `title` varchar(255) COLLATE utf8_unicode_ci DEFAULT NULL,
  `field_body` text COLLATE utf8_unicode_ci,
  `field_artworkTitle` text COLLATE utf8_unicode_ci,
  `field_media` text COLLATE utf8_unicode_ci,
  `field_artistStatement` text COLLATE utf8_unicode_ci,
  `field_homepageSnippet` text COLLATE utf8_unicode_ci,
  `field_focalPoint` text COLLATE utf8_unicode_ci,
  `field_featured` tinyint(1) unsigned NOT NULL DEFAULT '0',
  `field_webLink` text COLLATE utf8_unicode_ci,
  `field_webPrefix` varchar(255) COLLATE utf8_unicode_ci DEFAULT 'http://',
  `field_startDate` datetime DEFAULT NULL,
  `field_endDate` datetime DEFAULT NULL,
  `field_indexSnippet` text COLLATE utf8_unicode_ci,
  `field_orientation` varchar(255) COLLATE utf8_unicode_ci DEFAULT 'landscape',
  `field_certificationAuthority` text COLLATE utf8_unicode_ci,
  `field_certificationDate` datetime DEFAULT NULL,
  `field_expirationDate` datetime DEFAULT NULL,
  `field_date` datetime DEFAULT NULL,
  `field_strength` tinyint(1) unsigned DEFAULT '0',
  `field_jobTitle` text COLLATE utf8_unicode_ci,
  `field_company` text COLLATE utf8_unicode_ci,
  `dateCreated` datetime NOT NULL,
  `dateUpdated` datetime NOT NULL,
  `uid` char(36) COLLATE utf8_unicode_ci NOT NULL DEFAULT '0',
  PRIMARY KEY (`id`),
  UNIQUE KEY `craft_content_elementId_locale_unq_idx` (`elementId`,`locale`),
  KEY `craft_content_title_idx` (`title`),
  KEY `craft_content_locale_fk` (`locale`)
) ENGINE=InnoDB AUTO_INCREMENT=100 DEFAULT CHARSET=utf8 COLLATE=utf8_unicode_ci;

--
-- Data for table `craft_content`
--

INSERT INTO `craft_content` (`id`, `elementId`, `locale`, `title`, `field_body`, `field_artworkTitle`, `field_media`, `field_artistStatement`, `field_homepageSnippet`, `field_focalPoint`, `field_featured`, `field_webLink`, `field_webPrefix`, `field_startDate`, `field_endDate`, `field_indexSnippet`, `field_orientation`, `field_certificationAuthority`, `field_certificationDate`, `field_expirationDate`, `field_date`, `field_strength`, `field_jobTitle`, `field_company`, `dateCreated`, `dateUpdated`, `uid`) VALUES
 ('1', '1', 'en_us', NULL, NULL, NULL, NULL, NULL, NULL, NULL, '0', NULL, 'http', NULL, NULL, NULL, 'landscape', NULL, NULL, NULL, NULL, '0', NULL, NULL, '2015-12-05 19:12:26', '2015-12-05 19:12:26', '9e6bc84d-010c-4d90-b9d4-d1964baaeff8'),
 ('2', '2', 'en_us', 'Hello', '<p>I\'m Jim Christie. I\'m a web devoloper, an agile coach, a cyclist, and sometimes, an artist. As anyone who works on the internet should, I love cats.</p>\n\n<p>I have over five years of web development experience. I lean strongly toward back end functionality of websites. I can do design, but I don\'t love it and, consequently, I\'m not the best at it.</p>\n\n\n\n\n\n\n\n\n\n<p>I\'ve become a strong supporter of agile methodologies.</p>', NULL, NULL, NULL, NULL, NULL, '0', NULL, 'http', NULL, NULL, NULL, 'landscape', NULL, NULL, NULL, NULL, '0', NULL, NULL, '2015-12-05 19:12:27', '2016-09-02 00:14:24', 'ad805d74-7431-4b98-8cc8-05f13b05fe0b'),
 ('9', '9', 'en_us', '1St Floor Data Closet', NULL, NULL, NULL, NULL, NULL, NULL, '0', NULL, 'http', NULL, NULL, NULL, 'landscape', NULL, NULL, NULL, NULL, '0', NULL, NULL, '2016-01-19 01:38:49', '2016-12-22 01:15:54', 'b74eb8f8-9204-493d-8113-f9c0011f0b3c'),
 ('11', '11', 'en_us', '2Nd Floor Data Closet Messy', NULL, NULL, NULL, NULL, NULL, NULL, '0', NULL, 'http', NULL, NULL, NULL, 'landscape', NULL, NULL, NULL, NULL, '0', NULL, NULL, '2016-01-19 02:54:23', '2016-12-22 01:15:54', '13c3cf9f-dd3a-4044-9d96-3615de70f8f5'),
 ('17', '17', 'en_us', 'Untitled', NULL, '', '<p>Acrylic on canvas.</p>\n<p>Applied by mixing paint with water and pouring it onto the canvas. I then manipulated the canvas to force the paint to flow in different directions.</p>', '<p>This was a project in a painting class in college. The assignment was to create a painting by pouring paint on the canvas. This was the second iteration of this assignment. The first was criticized by the professor as being too layered. My professor didn\'t like that he cold tell the order that the paint was poured onto the canvas, though I disagreed. However, in the interest of getting a good grade, I pushed my painting as far from that criticism as I could. This was the result, which I have been incredibly pleased with.</p>', NULL, 'center top', '0', NULL, 'http', NULL, NULL, NULL, 'portrait', NULL, NULL, NULL, NULL, '0', NULL, NULL, '2016-08-09 01:41:51', '2016-11-16 01:24:47', '77736112-9283-45f7-b591-50431b81caf1'),
 ('19', '19', 'en_us', 'Masterpiece 500X399', NULL, NULL, NULL, NULL, NULL, NULL, '0', NULL, 'http', NULL, NULL, NULL, 'landscape', NULL, NULL, NULL, NULL, '0', NULL, NULL, '2016-08-09 02:07:50', '2016-12-22 01:15:58', '4c049231-17b6-43fd-af6f-e7384d2ac3fe'),
 ('20', '20', 'en_us', 'Puella', NULL, NULL, NULL, NULL, NULL, NULL, '0', NULL, 'http', NULL, NULL, NULL, 'landscape', NULL, NULL, NULL, NULL, '0', NULL, NULL, '2016-08-18 02:02:38', '2016-12-22 01:15:59', '99d0139a-e4da-4deb-b214-fa04f545aa4c'),
 ('21', '21', 'en_us', 'Puella', NULL, '', '<p>Digital. Created with AutoDesk Sketchbook on a Samsung Note Pro.</p>', '<p>This is one of my cats. She\'s the best. And the worst.</p>', NULL, 'center center', '1', NULL, 'http', NULL, NULL, NULL, 'landscape', NULL, NULL, NULL, NULL, '0', NULL, NULL, '2016-08-18 02:03:40', '2016-11-16 01:24:38', 'ef42d5d5-f057-4666-9b0a-9aceadffb9f9'),
 ('22', '22', 'en_us', 'Puer', NULL, NULL, NULL, NULL, NULL, NULL, '0', NULL, 'http', NULL, NULL, NULL, 'landscape', NULL, NULL, NULL, NULL, '0', NULL, NULL, '2016-08-18 02:45:17', '2016-12-22 01:15:59', '86a8bc07-747a-4308-a2d5-a00ec5eb7176'),
 ('23', '23', 'en_us', 'Puer', NULL, '', '<p>Digital. I experimented quite a bit with this one. I started out using Artflow on a Samsung Note 8.0, but finished it in AutoDesk SketchBook on a Samsung Note Pro.</p>', '<p>One of my cats. He loves having his armpits scratched. </p>', NULL, 'right center', '1', NULL, 'http', NULL, NULL, NULL, 'landscape', NULL, NULL, NULL, NULL, '0', NULL, NULL, '2016-08-18 02:47:07', '2016-11-16 01:24:31', '0b5c2dc9-1626-4d27-88d4-09cd6e33acc3'),
 ('24', '24', 'en_us', 'Me And Dad Blue Car', NULL, NULL, NULL, NULL, NULL, NULL, '0', NULL, 'http', NULL, NULL, NULL, 'landscape', NULL, NULL, NULL, NULL, '0', NULL, NULL, '2016-08-19 02:14:04', '2016-12-22 01:15:59', '5735b82c-2197-4c96-b5b8-65ecc6f279e9'),
 ('25', '25', 'en_us', 'Blue Car', NULL, '', '<p>Digital. Primarily done on a Samsung Note Pro with the AutoDesk SketchBook app. However, I tinkered with other programs as well.</p>', '<p>This was a 3x5 photo of me and my dad. The photo was grainy in addition to being small, making the painting incredibly difficult. It took me almost two years to complete, but I was incredibly pleased with the results. </p>', NULL, '30% center', '1', NULL, 'http', NULL, NULL, NULL, 'landscape', NULL, NULL, NULL, NULL, '0', NULL, NULL, '2016-08-19 02:17:03', '2016-11-16 01:24:24', '028fc19c-10cf-41dd-95ee-6b65a37873bc'),
 ('26', '26', 'en_us', 'Me', NULL, NULL, NULL, NULL, NULL, NULL, '0', NULL, 'http', NULL, NULL, NULL, 'landscape', NULL, NULL, NULL, NULL, '0', NULL, NULL, '2016-08-21 01:36:17', '2016-12-22 01:15:58', 'c67e4634-83c6-4df9-a941-2fc5cd599f88'),
 ('27', '27', 'en_us', 'Bacardi', NULL, NULL, NULL, NULL, NULL, NULL, '0', NULL, 'http', NULL, NULL, NULL, 'landscape', NULL, NULL, NULL, NULL, '0', NULL, NULL, '2016-08-21 23:23:57', '2016-12-22 01:16:00', '93c73887-30a4-49af-98cd-b58ece043184'),
 ('28', '28', 'en_us', 'Contact', NULL, NULL, NULL, NULL, NULL, NULL, '0', NULL, 'http', NULL, NULL, NULL, 'landscape', NULL, NULL, NULL, NULL, '0', NULL, NULL, '2016-08-27 16:38:52', '2016-08-28 01:59:12', '76ffc048-7e1b-4183-981b-8c54bae3f1a3'),
 ('29', '29', 'en_us', 'Thanks', NULL, NULL, NULL, NULL, NULL, NULL, '0', NULL, 'http', NULL, NULL, NULL, 'landscape', NULL, NULL, NULL, NULL, '0', NULL, NULL, '2016-08-28 02:00:15', '2016-08-28 02:01:24', 'b68067b4-9794-4706-8cdd-ddb26688f9fd'),
 ('30', '30', 'en_us', 'Say Insurance', '<p>This project was an initiative to launch a new, web-based subsidiary of a larger insurance company.</p>\n<p>The company used this initiative to experiment with new technologies and workflow methodologies. Among these new technologies and methodologies are:</p>\n<p>New to me:</p>\n<ul><li>PHPUnit</li><li>Jasmine unit testing framework</li></ul><p>New to the company:</p>\n<ul><li>Linux</li><li>MySQL</li><li>PHP</li></ul><p>New to everyone involved:</p>\n<ul><li>Agile, specifically Scrum</li><li>Craft CMS</li><li>Amazon Web Services</li><li>Angular</li></ul><p>As a result of these experiments, I have grown as a developer and a coworker in leaps and bounds. Most notably, I discovered agile methodologies. Upon discovering Scrum, I quickly began to read everything I could find on agile and Scrum. I went to <a href=\"https://adcwest.techwell.com/\" target=\"_blank\">Agile Dev West</a> and <a href=\"http://agilegravyinc.com/\" target=\"_blank\">Agile Gravy</a>, became a <a href=\"https://www.scrumalliance.org/certifications/practitioners/cspo-certification\" target=\"_blank\">Certified Scrum Product Owner</a> and <a href=\"https://www.scrumalliance.org/certifications/practitioners/certified-scrummaster-csm\" target=\"_blank\">Certified ScrumMaster<sup>®</sup></a> through <a href=\"https://www.scrumalliance.org/\" target=\"_blank\">Scrum Alliance</a>, and joined a local agile users\' group. I quickly began to advise my team on how to better apply these methodologies, and to the organization at large through feedback to the agile coaches guiding the organizational agile transformation. </p>\n<p>After about a year with the organization, our team\'s Scrum Master moved to another position within the company. My team, our existing Scrum Master, and our management recognized the work that I had been doing and asked me to take over as the new Scrum Master for the team. I took a data-driven approach to Scrum Mastering. I spent my first few sprints as Scrum Master getting comfortable in my new role, meanwhile gathering data that I believed would highlight areas where our team could improve. Upon examining the data, I found several areas of improvement and presented those options to the team. Our team recognized the value in the data and several improvements resulted. \n</p>\n<p>Furthermore, I relentlessly focused on removing impediments to the team. One of our largest impediments was an entrenched waterfall culture. This meant that some of my primary roles were those of an educator and evangelist regarding agile principles. Working with other Scrum Masters in the organization, we slowly pushed the organization to better work with the teams that have chosen to adopt agile methodologies.</p>\n<p>From a technical perspective, I grew in several ways. Though the site utilized the <a href=\"https://craftcms.com/\">Craft CMS</a> to a degree, much of the initial development we were doing did not utilize the CMS. The lion\'s share of the initial work involved building a custom plugin for generating insurance quotes via calls to APIs built by other teams within the organization. This work afforded me the opportunity to use PHP in ways that I had not known it was capable, specifically using it as a middle layer between an Angular front end and the APIs.</p>', '', NULL, NULL, '<p>This project was an initiative to launch a new, web-based subsidiary of a larger insurance company. </p>', '', '1', 'www.sayinsurance.com', 'https://', '2015-06-15 00:00:00', NULL, '<p>This project was an initiative to launch a new, web-based subsidiary of a larger insurance company.</p>', 'landscape', NULL, NULL, NULL, NULL, '0', NULL, NULL, '2016-08-30 00:35:42', '2017-03-09 01:41:36', 'a2aa9844-4098-40fd-acf7-67ce4c82588b'),
 ('31', '31', 'en_us', 'PHP', NULL, NULL, NULL, NULL, NULL, NULL, '0', NULL, 'http', NULL, NULL, NULL, 'landscape', NULL, NULL, NULL, NULL, '0', NULL, NULL, '2016-08-30 01:21:51', '2016-08-30 01:21:51', '8584b892-5137-41bd-ab24-f1a8a7470ee2'),
 ('32', '32', 'en_us', 'JavaScript', NULL, NULL, NULL, NULL, NULL, NULL, '0', NULL, 'http', NULL, NULL, NULL, 'landscape', NULL, NULL, NULL, NULL, '0', NULL, NULL, '2016-08-30 01:21:56', '2016-08-30 01:21:56', '97fb765a-c54c-48de-b780-8b5730630b94'),
 ('33', '33', 'en_us', 'Scrum', NULL, NULL, NULL, NULL, NULL, NULL, '0', NULL, 'http', NULL, NULL, NULL, 'landscape', NULL, NULL, NULL, NULL, '0', NULL, NULL, '2016-08-30 01:22:04', '2016-08-30 01:22:04', '60faeb27-f97b-4eb3-a94e-a12700e2fb73'),
 ('34', '34', 'en_us', 'Agile', NULL, NULL, NULL, NULL, NULL, NULL, '0', NULL, 'http', NULL, NULL, NULL, 'landscape', NULL, NULL, NULL, NULL, '0', NULL, NULL, '2016-08-30 01:22:12', '2016-08-30 01:22:12', 'c39fe10a-b45a-4706-83c7-140d06858265'),
 ('35', '35', 'en_us', 'API', NULL, NULL, NULL, NULL, NULL, NULL, '0', NULL, 'http', NULL, NULL, NULL, 'landscape', NULL, NULL, NULL, NULL, '0', NULL, NULL, '2016-08-30 01:22:29', '2016-08-30 01:22:29', 'ee95db3a-4b05-48d7-864d-a19e6f5377eb'),
 ('36', '36', 'en_us', 'Angular', NULL, NULL, NULL, NULL, NULL, NULL, '0', NULL, 'http', NULL, NULL, NULL, 'landscape', NULL, NULL, NULL, NULL, '0', NULL, NULL, '2016-08-30 01:22:47', '2016-08-30 01:22:47', 'cd29f126-f4c1-49f4-8343-82fd96ab1d6f'),
 ('37', '37', 'en_us', 'LAMP', NULL, NULL, NULL, NULL, NULL, NULL, '0', NULL, 'http', NULL, NULL, NULL, 'landscape', NULL, NULL, NULL, NULL, '0', NULL, NULL, '2016-08-30 01:22:51', '2016-08-30 01:22:51', 'b9355a2f-c8d5-4d4d-b57f-354d04adef9f'),
 ('38', '38', 'en_us', 'Craft CMS', NULL, NULL, NULL, NULL, NULL, NULL, '0', NULL, 'http', NULL, NULL, NULL, 'landscape', NULL, NULL, NULL, NULL, '0', NULL, NULL, '2016-08-30 01:22:55', '2016-08-30 01:22:55', '52548771-b460-4f3c-8170-e04eedada42b'),
 ('39', '39', 'en_us', 'Say Insurance', NULL, NULL, NULL, NULL, NULL, NULL, '0', NULL, 'http', NULL, NULL, NULL, 'landscape', NULL, NULL, NULL, NULL, '0', NULL, NULL, '2016-08-30 01:36:46', '2016-12-22 01:16:00', 'df407c12-fd88-4a5f-b99b-f2b06f22f47a'),
 ('40', '40', 'en_us', 'Drupal', NULL, NULL, NULL, NULL, NULL, NULL, '0', NULL, 'http://', NULL, NULL, NULL, 'landscape', NULL, NULL, NULL, NULL, '0', NULL, NULL, '2016-09-01 03:35:39', '2016-09-01 03:35:39', '92ea7f13-fabd-464f-b144-42cc4c1c1618'),
 ('41', '41', 'en_us', 'Wordpress', NULL, NULL, NULL, NULL, NULL, NULL, '0', NULL, 'http://', NULL, NULL, NULL, 'landscape', NULL, NULL, NULL, NULL, '0', NULL, NULL, '2016-09-01 03:35:44', '2016-09-01 03:35:44', '2d27729f-71be-4627-a119-a0bbd1bc9169'),
 ('42', '42', 'en_us', 'jQuery', NULL, NULL, NULL, NULL, NULL, NULL, '0', NULL, 'http://', NULL, NULL, NULL, 'landscape', NULL, NULL, NULL, NULL, '0', NULL, NULL, '2016-09-01 03:35:52', '2016-09-01 03:35:52', '9751f7ca-f5fa-4e7c-8402-8f884c6b453e'),
 ('43', '43', 'en_us', 'Daniel Boone Regional Library', '<p><a href=\"http://www.dbrl.org\" target=\"_blank\">DBRL</a> maintained a number of different sites. Some were built in Drupal, others in Wordpress, and others were custom built systems that were dependent on data received from APIs. I had a hand in every one of these to some degree. This included maintaining the web server for the DBRL system.</p>\n\n<h4>Sign Up System</h4>\n\n\n\n\n\n\n\n\n\n\n\n\n\n<p>One of my biggest achievements at DBRL was the inception, design, and implementation of a system for library employees to use to sign patrons up for library events. Previously, employees had used literal sign-up sheets. This necessitated that all patrons signing up for events be routed through a single service desk. I recognized that a web based sign up system could be used from any service desk. I conferred with numerous employees throughout the design process in order to ensure that the user facing system would meet employees\' needs.</p>\n\n\n\n\n\n\n\n\n\n\n\n\n\n<p> Furthermore, a web based system could be automatically generated from the library\'s existing program database whereas paper sheets had to be manually created each week. This meant that the new system had to be connected through the existing system via an API. In addition, the back end database had to be modified to accept some additional fields required for the sign up system.</p>\n\n\n\n\n\n\n\n\n\n\n\n\n\n<h4>Mock Newbury Site</h4>\n\n\n\n\n\n\n\n\n\n\n\n\n\n<p>Each year, DBRL holds a Mock <a href=\"http://www.ala.org/alsc/awardsgrants/bookmedia/newberymedal/newberymedal\" target=\"_blank\">Newbery</a> program. Children participate in the selection of a book that meets the criteria for the Newery award. Each year, the library creates a new website for the new selection of books. This website was my sole responsibility for two years. I created the site in <a href=\"https://wordpress.org/\" target=\"_blank\">Wordpress</a> using a child theme based on <a href=\"https://www.kadencethemes.com/product/virtue-free-theme/\" target=\"_blank\">Virtue</a> by <a href=\"https://www.kadencethemes.com/\" target=\"_blank\">Kadence Themes</a>. I then secured portions of the site to logged in users so that the kids could engage in active discussions without interference from internet trolls. </p>\n\n\n\n\n\n\n\n\n\n\n\n<h4>Additional Responsibilities</h4>\n\n\n\n\n\n\n\n\n\n\n\n<p>In addition to these responsibilities, I shared the responsibilities of web administration with one other employee. We maintained and improved about half a dozen websites, as well as bearing the responsibility for server maintenance, backups, and updates. He and I developed a number of new features for existing sites, both independently and collaboratively. We maintained constant accessibility and communication with library employees who were the end users of our products, as well as conducting usability tests with patrons who used the libary website.</p>', NULL, NULL, NULL, '', 'up down', '1', 'www.dbrl.org', 'http://', '2013-08-01 00:00:00', '2015-06-15 00:00:00', '<p>DBRL maintained a number of different sites. I had a hand in every one of them to some degree. </p>', 'landscape', NULL, NULL, NULL, NULL, '0', NULL, NULL, '2016-09-01 03:36:37', '2016-10-04 02:13:14', '050cb24b-343b-4d79-9ed1-4f686b9fd103'),
 ('44', '44', 'en_us', 'Certified ScrumMaster', NULL, NULL, NULL, NULL, NULL, NULL, '0', 'www.scrumalliance.org', 'https://', NULL, NULL, NULL, 'landscape', 'Scrum Alliance', '2016-06-03 00:00:00', '2018-06-03 00:00:00', NULL, '0', NULL, NULL, '2016-09-01 22:24:35', '2016-09-01 22:33:47', 'a05e0ddb-98a7-42bc-b011-c664451c417a'),
 ('45', '45', 'en_us', 'Certified Product Owner', NULL, NULL, NULL, NULL, NULL, NULL, '0', 'www.scrumalliance.org', 'https://', NULL, NULL, NULL, 'landscape', 'Scrum Alliance', '2016-06-10 00:00:00', '2018-06-10 00:00:00', NULL, '0', NULL, NULL, '2016-09-01 22:25:23', '2016-09-01 22:33:47', '649170d7-5744-461c-b701-30d03226b21c'),
 ('46', '53', 'en_us', 'Agile Dev West', NULL, NULL, NULL, NULL, NULL, NULL, '0', 'adcwest.techwell.com', 'https://', NULL, NULL, NULL, 'landscape', NULL, NULL, NULL, '2016-06-04 00:00:00', '0', NULL, NULL, '2016-09-02 00:36:46', '2016-09-02 00:36:46', 'f43afed4-84e7-4ad4-b86f-47ab32b1cd12'),
 ('47', '54', 'en_us', 'Agile Gravy', NULL, NULL, NULL, NULL, NULL, NULL, '0', 'agilegravyinc.com/', 'http://', NULL, NULL, NULL, 'landscape', NULL, NULL, NULL, '2016-09-29 00:00:00', '0', NULL, NULL, '2016-09-02 00:37:40', '2016-09-07 03:14:10', '8a0d2e65-9e12-4286-aad4-ea78e41d267d'),
 ('48', '55', 'en_us', 'Dbrl', NULL, NULL, NULL, NULL, NULL, NULL, '0', NULL, 'http://', NULL, NULL, NULL, 'landscape', NULL, NULL, NULL, NULL, '0', NULL, NULL, '2016-09-03 07:52:54', '2016-12-22 01:15:55', '5371bb8a-a15d-413a-b7c4-1f14930a031f'),
 ('49', '56', 'en_us', 'Angular', NULL, NULL, NULL, NULL, NULL, NULL, '0', NULL, 'http://', '2015-06-06 00:00:00', NULL, NULL, 'landscape', NULL, NULL, NULL, NULL, '3', NULL, NULL, '2016-09-05 03:00:56', '2016-09-13 22:09:58', '4657b753-1c6f-4071-a88c-97427bcead67'),
 ('50', '57', 'en_us', 'JavaScript', NULL, NULL, NULL, NULL, NULL, NULL, '0', NULL, 'http://', '2014-06-01 00:00:00', NULL, NULL, 'landscape', NULL, NULL, NULL, NULL, '5', NULL, NULL, '2016-09-05 03:01:43', '2016-09-13 22:09:53', '46bcb128-101d-4e4c-bbec-980f37e8f10b'),
 ('51', '58', 'en_us', 'jQuery', NULL, NULL, NULL, NULL, NULL, NULL, '0', NULL, 'http://', '2012-06-01 00:00:00', NULL, NULL, 'landscape', NULL, NULL, NULL, NULL, '5', NULL, NULL, '2016-09-05 03:02:35', '2016-09-05 03:02:35', '7b40e88e-ae1f-4d2d-b99d-781631d6de9e'),
 ('52', '59', 'en_us', 'PHP', NULL, NULL, NULL, NULL, NULL, NULL, '0', NULL, 'http://', '2015-01-01 00:00:00', NULL, NULL, 'landscape', NULL, NULL, NULL, NULL, '4', NULL, NULL, '2016-09-05 03:02:53', '2016-09-13 22:09:43', 'bf614cd3-81dd-43c1-9603-eba04a8d47d3'),
 ('53', '60', 'en_us', 'Scrum', NULL, NULL, NULL, NULL, NULL, NULL, '0', NULL, 'http://', '2015-06-01 00:00:00', NULL, NULL, 'landscape', NULL, NULL, NULL, NULL, '4', NULL, NULL, '2016-09-05 03:03:21', '2016-09-13 22:09:34', 'b193ade8-baeb-4774-8335-b9335d0b5651'),
 ('54', '61', 'en_us', 'Kanban', NULL, NULL, NULL, NULL, NULL, NULL, '0', NULL, 'http://', '2015-09-01 00:00:00', NULL, NULL, 'landscape', NULL, NULL, NULL, NULL, '3', NULL, NULL, '2016-09-05 03:04:11', '2016-09-05 03:04:21', 'dc1574c3-8766-4b7c-baad-0deaa63de046'),
 ('55', '62', 'en_us', 'XP', NULL, NULL, NULL, NULL, NULL, NULL, '0', NULL, 'http://', '2016-06-01 00:00:00', NULL, NULL, 'landscape', NULL, NULL, NULL, NULL, '2', NULL, NULL, '2016-09-05 03:04:56', '2016-09-13 22:09:28', '49606f30-e52b-4ea9-8a2b-261c6e395c6e'),
 ('56', '63', 'en_us', 'Craft Square Logo', NULL, NULL, NULL, NULL, NULL, NULL, '0', NULL, 'http://', NULL, NULL, NULL, 'landscape', NULL, NULL, NULL, NULL, '0', NULL, NULL, '2016-09-08 01:05:53', '2016-12-22 01:16:00', 'beab082b-e80f-4aa8-b9c2-bc0b605f3b2b'),
 ('57', '64', 'en_us', 'New Site!', '<p>If you\'ve been paying attention to my site, you\'ve probably noticed that it looks a little different than it used to. It\'s not just the look of the site though, it\'s a whole new website, inside and out. I\'ve completely rebuilt the site from the ground up in <a href=\"https://craftcms.com/\" target=\"_blank\">Craft</a>. Craft offers a lot of development opportunities that were prohibitively time consuming in my old CMS, <a href=\"https://wordpress.org/\" target=\"_blank\">Wordpress</a>. I\'ve already done a few things that I\'d been putting off in Wordpress and plan on doing quite a few more. </p>\n\n<p>I first learned about Craft at my job with <a href=\"{entry:30:url}\">Say Insurance</a>. We were using Craft for the website that we built there. I found it to be a robust and flexible content management system. It does a very good job of separating the content from the functionality of the website. This makes development very easy. Wordpress ties functionality and settings into the content management system (and <a href=\"https://www.drupal.org/\" target=\"_blank\">Drupal</a> does it even more so). Craft lets you define your content types however you want, with whatever fields you want, and then you decide what to do with them. This separation of content from settings and functionality means that you spend more time building and less time managing CMS settings.</p>\n\n\n\n\n\n\n\n\n\n\n\n\n\n\n\n\n\n\n\n\n\n\n\n\n\n<p>One of the things that i\'d been wanting to do for a long time is build an <a href=\"http://jimchrsite.me/art\">art portfolio</a>. Craft makes this super easy. I made a new content type, laid out the template, and that was it. With Wordpress, making a new content type isn\'t completely straight forward. And then, to make a new template with the features I wanted, I would have had to make a completely new plugin. This functionality is just built into Craft.</p>\n\n\n\n\n\n\n\n\n\n\n\n\n\n<p>Craft also makes <a href=\"https://craftcms.com/docs/multi-environment-configs\" target=\"_blank\">multi-environment</a> development easy as pie. You can simply define a base URL to a variable for each environment. Then you can use that variable in the Craft admin panel so that all the links on the site resolve to the correct environment. If this is possible in Wordpress, I have no idea how it\'s done.</p>\n\n\n\n\n\n\n\n\n\n\n\n\n\n<p>Another advantage of this multi-environment configuration is that it\'s easy to set up variables to use with <a href=\"https://en.wikipedia.org/wiki/Feature_toggle\" target=\"_blank\">feature flags</a>. I can define global variables that Craft sets based on the URL. This gives me the ability to easily hide and show features based on whether I\'m viewing my site on my local machine while I work, or if an end user such as yourself is looking at the site. I can set the feature as visible for me while it\'s in progress and not working correctly, but still hide it from the rest of the world. When it\'s ready for prime time, I simply remove the flag. </p>\n\n\n\n\n\n\n\n\n\n\n\n<p>The makers of Craft claim that it\'s \"a great alternative to Wordpress if you\'re building a website.\" I find that to be true. Wordpress has grown out of a blogging platform, and that\'s evident in the difficulty of trying to build something beyond a blog with a few flat pages. Craft is a content management system first. By nature, this means that you can use it to build a blog site, but it also means that you can do so much more with it, with so much less work. I\'m very excited to be switching my site over to Craft. I\'m releasing it with a bare minimum of features, but you can be assured that the site will continue to evolve, making use of the flexibility of Craft.</p>', NULL, NULL, NULL, '<p>If you\'ve been paying attention to my site, you\'ve probably noticed that it looks a little different than it used to. It\'s not just the look of the site though, it\'s a whole new website, inside and out. I\'ve completely rebuilt the site from the ground up in <a href=\"https://craftcms.com/\" target=\"_blank\">Craft</a>. Craft offers a lot of development opportunities that were prohibitively time consuming in my old CMS, <a href=\"https://wordpress.org/\" target=\"_blank\">Wordpress</a>. I\'ve already done a few things that I\'d been putting off in Wordpress and plan on doing quite a few more. </p>', '', '1', NULL, 'http://', NULL, NULL, '', 'landscape', NULL, NULL, NULL, NULL, '0', NULL, NULL, '2016-09-08 01:23:36', '2016-11-03 00:34:42', 'c10f3e2d-b53b-49f1-b2e8-09492ab92d2b'),
 ('58', '65', 'en_us', 'Joe Blow', '<p>Jim is the bestest person I\'ve ever worked with. He\'s so freaking awesome.</p>', NULL, NULL, NULL, NULL, NULL, '0', NULL, 'http://', NULL, NULL, NULL, 'landscape', NULL, NULL, NULL, NULL, '0', 'CEO', 'Swell Guy, Inc.', '2016-09-08 01:39:08', '2016-11-08 01:03:58', '8e747c8f-cc6f-41a0-857a-34a999bfd1b1'),
 ('59', '66', 'en_us', 'Craft Logo', NULL, NULL, NULL, NULL, NULL, NULL, '0', NULL, 'http://', NULL, NULL, NULL, 'landscape', NULL, NULL, NULL, NULL, '0', NULL, NULL, '2016-09-09 00:22:34', '2016-12-22 01:15:54', '53297576-d9bf-4a95-b888-81da9ab0ea26'),
 ('60', '68', 'en_us', 'Dental Terror', NULL, NULL, NULL, NULL, NULL, NULL, '0', NULL, 'http://', NULL, NULL, NULL, 'landscape', NULL, NULL, NULL, NULL, '0', NULL, NULL, '2016-09-11 15:23:21', '2016-12-22 01:15:57', '24d4f101-d010-425f-9bce-36937494cc26'),
 ('61', '69', 'en_us', 'I made some art... Or did I?', '<p>The question \"What is art?\" has always been of interest to me. The subjective nature of art often leaves us questioning whether or not something truly is art. Is it truly art if someone is just slinging paint against a canvas? What if it could have been done by a five-year-old? What if it <em>was</em> done by a five-year-old? Nowadays, with computers, a new kind of question is arising: How much human intervention is required to make art?</p>\n\n<p>The above image is a great example of this question. I put it together just to torture my coworkers. (I use it as the lock screen image on my computer.) It probably took me 20 minutes total. Still, one of my coworkers said, \"That looks like it could be hanging in a museum.\" Another replied, \"Not any museum I\'d go to.\"</p>\n\n\n\n\n\n\n\n\n\n\n\n\n\n\n\n\n\n\n\n\n\n<p>The original was a selfie that I took at the dentist\'s office.</p>\n\n\n\n\n\n\n\n\n\n\n\n\n\n\n\n\n\n\n\n\n\n<p><img class=\"image portrait\" src=\"{asset:83:url}\" alt=\"\" title=\"\" /></p>\n\n\n\n\n\n\n\n\n\n\n\n\n\n\n\n\n\n\n\n\n\n<p>I doubt anyone would call that art. The only thing about it that might qualify it as art is that it produces an emotional response. The composition is weird. It\'s fairly monochromatic. The lighting is flat. Other than the disgust and terror that I had in mind when I took it, it really doesn\'t offer much. <br /></p>\n\n\n\n\n\n\n\n\n\n\n\n\n\n\n\n\n\n\n\n\n\n<p>But, here\'s where it gets interesting..</p>\n\n\n\n\n\n\n\n\n\n\n\n\n\n\n\n\n\n\n\n\n\n<p>I ran it through a couple of filters in <a href=\"https://play.google.com/store/apps/details?id=com.neuralprisma\" target=\"_blank\">Prisma</a>, an Android app that applies art filters to photos. here are the most and least extreme modifications that I liked:</p>\n\n\n\n\n\n\n\n\n\n\n\n\n\n\n\n\n\n\n\n\n\n<p><img class=\"image portrait\" src=\"{asset:84:url}\" alt=\"Dental-Terror-1.jpg#asset:84\" /><br /></p>\n\n\n\n\n\n\n\n\n\n\n\n\n\n\n\n\n\n\n\n\n\n<p><img class=\"image portrait\" src=\"{asset:85:url}\" alt=\"Dental-Terror-2.jpg#asset:85\" /><br /></p>\n\n\n\n\n\n\n\n\n\n\n\n\n\n\n\n\n\n\n\n\n\n<p>These were both literally one click options in the app. I flipped through all the options in the app and picked out the eight that I liked most. It probably took me five minutes, ten max. The next morning, I opened up <a href=\"https://inkscape.org/en/\" target=\"_blank\">Inkscape</a> (because I\'m a bit more adept with that than I am <a href=\"http://www.gimp.org/\" target=\"_blank\">Gimp</a>) and stitched them into the collage that you saw at the beginning of this post. It probably took me another 20 minutes to half an hour. The only real thought I put into the process was that when I had laid them all out in tiles, I realized that it was horribly off balance, so I rearranged a bit. </p>\n\n\n\n\n\n\n\n\n\n\n\n\n\n\n\n<p>That\'s it. That\'s all I did, about an hour\'s worth of work. There was no Herculean effort.</p>\n\n\n\n\n\n\n\n\n\n\n\n\n\n\n\n\n\n\n\n\n\n<p>In the process of writing this post, I Googled the definition of \"art\" because, after all, we\'re talking about definitions. </p>\n\n\n\n\n\n\n\n\n\n\n\n\n\n\n\n\n\n\n\n\n\n<div class=\"blockquote-body-container\">\n<div class=\"icon-body-container\">\n<em class=\"fa fa-quote-left\"></em>\n<div class=\"blockquote-body\">\n<p>the expression or application of human creative skill and imagination, typically in a visual form such as painting or sculpture, producing works to be appreciated primarily for their beauty or emotional power.</p>\n<em class=\"fa fa-quote-right\"></em>\n</div>\n</div>\n</div>\n\n\n\n\n\n\n\n\n\n\n\n\n\n\n\n\n\n\n\n\n\n<p>\"Producing works to be appreciated\" was the direct opposite of my goal. I wanted to disgust and annoy. So that\'s not it.</p>\n\n\n\n\n\n\n\n\n\n\n\n\n\n<p>So when did this become art? Is it when I chose the filters that complemented the image? Is it when I paused to rearrange the tiles? Or is it not even art at all? I\'m honestly not sure. </p>\n\n\n\n\n\n\n\n\n\n\n\n\n\n<p>But I may stick it in my porftolio anyway.</p>', NULL, NULL, NULL, '<p>The question \"What is art?\" has always been of interest to me. The subjective nature of art often leaves us questioning whether or not something truly is art. Jackson Pollack\'s works are a prime example. Is it truly art if someone is just slinging paint against a canvas? This was the question of the day when Jackson broke into the scene. </p>\n\n<p>Nowadays, with computers, a new kind of question is arising: How much human intervention is required to make art?</p>', '', '1', NULL, 'http://', NULL, NULL, '', 'landscape', NULL, NULL, NULL, NULL, '0', NULL, NULL, '2016-09-11 15:26:37', '2016-11-03 00:34:27', '3ed8a7a4-7114-4c2a-a5d9-b9ebd069e66f'),
 ('62', '73', 'en_us', 'Craft', NULL, NULL, NULL, NULL, NULL, NULL, '0', NULL, 'http://', '2015-06-15 00:00:00', NULL, NULL, 'landscape', NULL, NULL, NULL, NULL, '4', NULL, NULL, '2016-09-11 18:41:19', '2016-09-14 00:50:07', '0442e7e8-d70c-42b9-826a-1be2cfd7c830'),
 ('63', '74', 'en_us', 'Git', NULL, NULL, NULL, NULL, NULL, NULL, '0', NULL, 'http://', NULL, NULL, NULL, 'landscape', NULL, NULL, NULL, NULL, '5', NULL, NULL, '2016-09-13 21:21:37', '2016-09-13 22:09:02', '0175a23c-ca38-4088-8fd7-5468d3d7f2cf'),
 ('64', '75', 'en_us', 'Wordpress', NULL, NULL, NULL, NULL, NULL, NULL, '0', NULL, 'http://', '2013-01-01 00:00:00', NULL, NULL, 'landscape', NULL, NULL, NULL, NULL, '3', NULL, NULL, '2016-09-13 21:46:33', '2016-09-13 22:08:46', 'e6bc2f25-a3f9-4ba6-a402-4a93f066b6b2'),
 ('65', '76', 'en_us', 'SQL', NULL, NULL, NULL, NULL, NULL, NULL, '0', NULL, 'http://', '2014-01-01 00:00:00', NULL, NULL, 'landscape', NULL, NULL, NULL, NULL, '3', NULL, NULL, '2016-09-13 21:48:16', '2016-10-03 16:58:25', '2ad7551b-4813-46f8-bf5e-b982ea6eb7e2'),
 ('66', '77', 'en_us', 'Drupal', NULL, NULL, NULL, NULL, NULL, NULL, '0', NULL, 'http://', '2014-06-06 00:00:00', NULL, NULL, 'landscape', NULL, NULL, NULL, NULL, '1', NULL, NULL, '2016-09-13 21:49:05', '2016-09-13 22:08:36', 'b43d5d74-aa5c-46a7-8a6d-e099905acde7'),
 ('67', '78', 'en_us', 'Linux', NULL, NULL, NULL, NULL, NULL, NULL, '0', NULL, 'http://', '2010-01-01 00:00:00', NULL, NULL, 'landscape', NULL, NULL, NULL, NULL, '4', NULL, NULL, '2016-09-13 22:05:23', '2016-09-13 22:05:59', 'f99cae6b-bca2-4dd5-8377-e4420adcd687'),
 ('68', '79', 'en_us', 'PHPUnit', NULL, NULL, NULL, NULL, NULL, NULL, '0', NULL, 'http://', '2016-06-06 00:00:00', NULL, NULL, 'landscape', NULL, NULL, NULL, NULL, '3', NULL, NULL, '2016-09-14 00:46:56', '2016-09-14 00:47:41', 'e430d7f8-645e-4922-9b77-fc3277c11e45'),
 ('69', '80', 'en_us', 'Jasmine', NULL, NULL, NULL, NULL, NULL, NULL, '0', NULL, 'http://', '2016-06-06 00:00:00', NULL, NULL, 'landscape', NULL, NULL, NULL, NULL, '3', NULL, NULL, '2016-09-14 00:48:10', '2016-09-14 00:48:10', '17ef0a9a-8c95-462c-9edb-7e37bc290bc3'),
 ('70', '81', 'en_us', 'Twig', NULL, NULL, NULL, NULL, NULL, NULL, '0', NULL, 'http://', '2016-02-01 00:00:00', NULL, NULL, 'landscape', NULL, NULL, NULL, NULL, '2', NULL, NULL, '2016-09-14 01:42:03', '2016-09-14 01:44:24', 'b87652b0-a61e-4fc1-96f0-a17455721a6a'),
 ('71', '82', 'en_us', 'Vagrant', NULL, NULL, NULL, NULL, NULL, NULL, '0', NULL, 'http://', '2015-06-06 00:00:00', NULL, NULL, 'landscape', NULL, NULL, NULL, NULL, '2', NULL, NULL, '2016-09-14 02:13:37', '2016-09-14 02:13:37', 'a70ec547-92da-4e27-8841-1c7c8d1c27f0'),
 ('72', '83', 'en_us', 'Dental Terror Original', NULL, NULL, NULL, NULL, NULL, NULL, '0', NULL, 'http://', NULL, NULL, NULL, 'landscape', NULL, NULL, NULL, NULL, '0', NULL, NULL, '2016-09-15 01:15:35', '2016-12-22 01:15:56', '17af2532-514a-4722-bd9d-a57d99b0bace'),
 ('73', '84', 'en_us', 'Dental Terror 1', NULL, NULL, NULL, NULL, NULL, NULL, '0', NULL, 'http://', NULL, NULL, NULL, 'landscape', NULL, NULL, NULL, NULL, '0', NULL, NULL, '2016-09-16 01:37:22', '2016-12-22 01:15:56', 'dc70a2b5-57fd-4523-9efc-d1ff763e3ab9'),
 ('74', '85', 'en_us', 'Dental Terror 2', NULL, NULL, NULL, NULL, NULL, NULL, '0', NULL, 'http://', NULL, NULL, NULL, 'landscape', NULL, NULL, NULL, NULL, '0', NULL, NULL, '2016-09-16 01:37:40', '2016-12-22 01:15:55', '755c0570-e900-4477-b0aa-657ce648db14'),
 ('75', '86', 'en_us', 'phpMyAdmin', NULL, NULL, NULL, NULL, NULL, NULL, '0', NULL, 'http://', NULL, NULL, NULL, 'landscape', NULL, NULL, NULL, NULL, '5', NULL, NULL, '2016-10-03 16:54:54', '2016-10-03 16:55:33', '40d03790-3885-4e4d-a10c-acee26987231'),
 ('76', '87', 'en_us', 'Sass', NULL, NULL, NULL, NULL, NULL, NULL, '0', NULL, 'http://', NULL, NULL, NULL, 'landscape', NULL, NULL, NULL, NULL, '4', NULL, NULL, '2016-10-03 16:59:49', '2016-10-03 16:59:49', '79e86753-5299-4732-ae38-020983379514'),
 ('77', '88', 'en_us', 'Dakota Solomon', NULL, NULL, NULL, NULL, NULL, NULL, '0', NULL, 'http://', NULL, NULL, NULL, 'landscape', NULL, NULL, NULL, NULL, '0', NULL, NULL, '2016-10-03 17:24:47', '2016-12-22 01:15:55', '3043fa26-08d2-4d85-8887-20c67be34ac2'),
 ('78', '89', 'en_us', 'Dakota Solomon', '<p>Dakota was a high school student on the varsity baseball team. His mother hired me to create a website where he could showcase his history, statistics, and achievements to college recruiters. </p>\n\n<p>I was the sole engineer for the site. I consulted with the client regarding the choice and registration of a domain name.I then set up the hosting for the site, installed Wordpress, and built the site. It was initially hosted on <a href=\"http://www.fatcow.com/\" target=\"_blank\">Fat Cow</a>, but I later moved it to a server that I maintain on <a href=\"https://www.digitalocean.com/\" target=\"_blank\">Digital Ocean</a> due to compatibility issues with Fat Cow\'s version of PHP and updates to plugins that were used on the site. </p>\n\n\n\n<p>I built the site using the <a href=\"http://mor10.com/simone-wordpress-theme/\">Simone</a> theme by <a href=\"https://mor10.com/\">Morten Rand-Hendriksen</a> as a starting point. Morten developed the theme for Lynda tutorials and, as such, it is fairly minimal and flexible. However, since the site itself had fairly simple needs, it needed little modification from the base theme. The modifications that it did require were limited to CSS changes to display photos and statistics.</p>\n\n\n\n<p>After building the site, I trained the client on how to use Wordpress to manage the content on the site.</p>', NULL, NULL, NULL, '', NULL, '0', 'dakotasolomon.com', 'http://', '2013-06-01 00:00:00', '2013-07-01 00:00:00', '<p>Dakota was a high school student on the varsity baseball team. His mother hired me to create a website where he could showcase his history, statistics, and achievements to college recruiters. </p>', 'landscape', NULL, NULL, NULL, NULL, '0', NULL, NULL, '2016-10-03 17:25:40', '2016-10-04 02:12:44', '98454185-12a4-4394-a9f4-58222b6d56a5'),
 ('79', '92', 'en_us', 'Brooke Fletcher', '<p>Brooke was a trained photographer who had turned her professional attention to web development and user experience. Her web development experience was primarily focused on enterprise content management systems that were too cumbersome and expensive for a personal portfolio site. Brooke sought my advice and assistance with setting up a Wordpress site.</p>\n\n<p>I helped Brooke by guiding her through the Wordpress setup and installation process. I then gave her an overview of the plugin and theme system. As Brooke worked with the site, she inevitably ran into issues specific to Wordpress that weren\'t addressed through her prior web development experience. When she ran into those, I provided her with guidance from my experience, as well as relevant references for her further research.</p>\n\n\n\n\n\n<p>After becoming displeased with the cost of her hosting provider, Brooke asked me to manage her hosting. I migrated Brooke\'s site to a server that I maintain on <a href=\"https://www.digitalocean.com/\" target=\"_blank\">Digital Ocean</a>. During this process, I guided Brooke through the <a href=\"https://codex.wordpress.org/Moving_WordPress\" target=\"_blank\">Wordpress migration</a> process, as well as DNS resolution for the new server. In addition to hosting, Brooke had been managing her domain name registration through <a href=\"https://www.godaddy.com/\" target=\"_blank\">GoDaddy</a>. While migrating her site, she wanted to take the opportunity to also transfer her domain name registration to <a href=\"https://domains.google\" target=\"_blank\">Google</a>. I helped Brooke with this process as well.</p>', NULL, NULL, NULL, '', NULL, '0', 'brookefletcher.com', 'http://', '2014-07-01 00:00:00', '2014-08-01 00:00:00', '<p>Brooke was a UX generalist with development experience using enterprise content management systems. I consulted with Brooke on using Wordpress to build her personal portfolio website.</p>', 'landscape', NULL, NULL, NULL, NULL, '0', NULL, NULL, '2016-10-04 01:19:11', '2016-10-04 02:13:35', 'afe1177b-5847-4a25-a9e6-c36425bc8654'),
 ('80', '93', 'en_us', 'Brooke Fletcher', NULL, NULL, NULL, NULL, NULL, NULL, '0', NULL, 'http://', NULL, NULL, NULL, 'landscape', NULL, NULL, NULL, NULL, '0', NULL, NULL, '2016-10-04 01:25:01', '2016-12-22 01:15:54', 'b0939747-3cf8-4ce5-93fe-dd3742e70b4d'),
 ('81', '95', 'en_us', 'Work', NULL, NULL, NULL, NULL, NULL, NULL, '0', NULL, 'http://', NULL, NULL, NULL, 'landscape', NULL, NULL, NULL, NULL, '0', NULL, NULL, '2016-11-03 00:25:06', '2016-11-03 00:25:06', 'c3ff1653-e943-493f-922c-2f9b72c254d8'),
 ('82', '96', 'en_us', 'Play', NULL, NULL, NULL, NULL, NULL, NULL, '0', NULL, 'http://', NULL, NULL, NULL, 'landscape', NULL, NULL, NULL, NULL, '0', NULL, NULL, '2016-11-03 00:25:11', '2016-11-03 00:25:11', '9615f04b-d605-4dec-9002-afc4b72b5d1a'),
 ('83', '97', 'en_us', 'Mc Curdys', NULL, NULL, NULL, NULL, NULL, NULL, '0', NULL, 'http://', NULL, NULL, NULL, 'landscape', NULL, NULL, NULL, NULL, '0', NULL, NULL, '2016-11-15 01:49:09', '2016-12-22 01:15:58', '99ac7c5f-f8d1-4470-b490-17a324ef5ed8'),
 ('84', '98', 'en_us', 'McCurdys', NULL, '', '<p>Digital. Because this was my first digital work, it was done on a variety of devices with several different apps. I bounced from one to the other, experimenting with each.</p>', '<p>These are my grandparents. This is the first digital painting I did.</p>', NULL, 'center 20%', '0', NULL, 'http://', NULL, NULL, NULL, 'portrait', NULL, NULL, NULL, NULL, '0', NULL, NULL, '2016-11-15 01:50:01', '2016-11-16 01:24:11', 'f03388ce-0f79-4c30-9542-38c851afd775'),
 ('85', '99', 'en_us', 'Manatee4 Color Corrected', NULL, NULL, NULL, NULL, NULL, NULL, '0', NULL, 'http://', NULL, NULL, NULL, 'landscape', NULL, NULL, NULL, NULL, '0', NULL, NULL, '2016-11-15 01:59:01', '2016-12-22 01:15:58', '828f9ce6-1176-49dc-9636-21d670ea3e46'),
 ('86', '100', 'en_us', 'Manatee', NULL, '', '<p>Acrylic on canvas.</p>', '<p>My little sister absolutely loves manatees. I painted this for her for Christmas one year.</p>', NULL, '', '0', NULL, 'http://', NULL, NULL, NULL, 'portrait', NULL, NULL, NULL, NULL, '0', NULL, NULL, '2016-11-15 01:59:52', '2016-11-16 02:04:26', '89c5d9a8-2682-41f5-951c-a8d8cc11dae2'),
 ('87', '101', 'en_us', 'Ariel', NULL, NULL, NULL, NULL, NULL, NULL, '0', NULL, 'http://', NULL, NULL, NULL, 'landscape', NULL, NULL, NULL, NULL, '0', NULL, NULL, '2016-11-16 00:27:10', '2016-12-22 01:15:55', 'f5580401-bfd1-4aa9-b1ba-e5c84e8690d4'),
 ('88', '102', 'en_us', 'Ariel', NULL, '', '<p>Digital. Created with Autodesk Sketchbook on a Samsung Galaxy Note Pro. </p>', '<p>This was my mom\'s cat. When she died, I knew that my mom would like to have a painting of her.</p>', NULL, '', '0', NULL, 'http://', NULL, NULL, NULL, 'landscape', NULL, NULL, NULL, NULL, '0', NULL, NULL, '2016-11-16 00:39:30', '2016-11-16 01:23:20', '8f8ff9b5-0784-4500-a1ed-04185d3b28bd'),
 ('89', '103', 'en_us', 'Paintings', NULL, NULL, NULL, NULL, NULL, NULL, '0', NULL, 'http://', NULL, NULL, NULL, 'landscape', NULL, NULL, NULL, NULL, '0', NULL, NULL, '2016-11-16 00:59:41', '2016-11-16 00:59:41', '9cddde99-37b3-441d-869e-68f64fa7a9d3'),
 ('90', '104', 'en_us', 'Digital Art', NULL, NULL, NULL, NULL, NULL, NULL, '0', NULL, 'http://', NULL, NULL, NULL, 'landscape', NULL, NULL, NULL, NULL, '0', NULL, NULL, '2016-11-16 00:59:58', '2016-11-16 00:59:58', '8fec3851-3975-4457-9ae1-f71f5560dc39'),
 ('92', '106', 'en_us', 'Drawings', NULL, NULL, NULL, NULL, NULL, NULL, '0', NULL, 'http://', NULL, NULL, NULL, 'landscape', NULL, NULL, NULL, NULL, '0', NULL, NULL, '2016-11-16 02:03:09', '2016-11-16 02:03:09', '47712ec5-2b83-4e73-a964-a575dafec05e'),
 ('93', '107', 'en_us', 'Cthulhu Was Here', NULL, NULL, '<p>Marker on whiteboard</p>', '<p>My team at <a href=\"{entry:30:url}\">Shelter Insurance</a> is all about Cthulhu. I drew this on the whiteboard just to be silly. Is it art? <a href=\"{entry:69:url}\">You tell me</a>.</p>', NULL, 'right center', '0', NULL, 'http://', NULL, NULL, NULL, 'landscape', NULL, NULL, NULL, NULL, '0', NULL, NULL, '2016-11-16 02:04:14', '2016-11-16 02:09:42', 'fc7f331e-7d63-4627-8c1d-f5a1333d995e'),
 ('94', '109', 'en_us', 'Cthulhu Was Here', NULL, NULL, NULL, NULL, NULL, NULL, '0', NULL, 'http://', NULL, NULL, NULL, 'landscape', NULL, NULL, NULL, NULL, '0', NULL, NULL, '2016-11-16 02:05:01', '2016-12-22 01:16:00', 'a700253b-53c3-483a-be5f-b3c721b5481f'),
 ('95', '110', 'en_us', 'How Big Is a Story Point?', '<p>Of course, the standard answer to the above question is, \"It depends.\" And that\'s true. A story point is an arbitrary unit of measure that represents the amount of complexity, effort, and uncertainty in a bit of work. What a single point means can vary from team to team. However, once a team settles on what one point represents, that remains fixed. So far, so good.</p>\n<p>When I was first introduced to agile, my team was defining story points in terms of a loose relationship with time. They were doing so because they were a team that was newly introduced to agile, having embraced it in the middle of a thoroughly waterfall culture. They were in uncharted waters, pardon the pun. I don\'t fault them for using time as their scale. It\'s by far the easiest way to quantify a story point for someone who is new to them. The problem, as I see it, is that they were doing so in a way that didn\'t scale. </p>\n<p>Their metric for one point was one developer for one day. Sounds reasonable. <em>But</em>, their metric for a 13 point story, the biggest that they would accept in a sprint, was two developers for the entire sprint. The problem here is that the math doesn\'t work out. When I raised this concern with the team, there were mixed responses. Some people thought it made sense, others said something to the effect of, \"I\'m not sure story points scale like that.\" I did some Googling around, but found that sources were divided just as evenly as my team. However, as time went on, I became more and more certain that I was right. Our velocity was all over the place. We couldn\'t finish our commitments in one sprint, but the next we would finish our work before the sprint was half over. </p>\n<p>Initially, as we were dealing with this instability, I was a developer on the team. I eventually took over as scrum master. At that time, the product owner was becoming frustrated by our unstable velocity. He couldn\'t predict anything. His <a href=\"https://en.wikipedia.org/wiki/Cone_of_Uncertainty\" target=\"_blank\" rel=\"noreferrer\">cone of uncertainty</a> was enormous. I recognized that the problem was twofold: points that don\'t scale and stories that are too large. </p>\n<p>Since the team couldn\'t settle on a scale for points, I started pushing the product owner to split stories smaller and smaller. We quickly got to where we rarely had a story that took more than a couple days. This had two benefits. The first was nothing surprising. Smaller stories are easier to estimate and, consequently, more accurate. The second was, as I see it, more interesting. Eliminating those larger stories had the unexpected side effect of making our points scale better. The scale was more and more skewed as stories got larger. By splitting those stories smaller, we invariably split a 13 point story into 20 points worth of smaller stories. Things began to stabilize. </p>\n<p><img src=\"https://media.giphy.com/media/WIg8P0VNpgH8Q/giphy.gif\" alt=\"And there was much rejoicing\" /></p>', NULL, NULL, NULL, '<p>The team that I work with has long struggled with a question around story points: How do they scale? </p>', '', '0', NULL, 'http://', NULL, NULL, '', 'landscape', NULL, NULL, NULL, NULL, '0', NULL, NULL, '2016-12-06 03:00:37', '2017-03-09 02:14:07', 'fd18ea14-c044-4843-ae85-ea2e91c058af'),
 ('96', '111', 'en_us', 'Fibonacci Spiral 34', NULL, NULL, NULL, NULL, NULL, NULL, '0', NULL, 'http://', NULL, NULL, NULL, 'landscape', NULL, NULL, NULL, NULL, '0', NULL, NULL, '2016-12-14 00:58:49', '2016-12-22 01:15:57', 'b3dc88bf-2939-4dd3-8cea-8aa49de5d958'),
 ('97', '113', 'en_us', 'Fibonacci Spiral 34', NULL, NULL, NULL, NULL, NULL, NULL, '0', NULL, 'http://', NULL, NULL, NULL, 'landscape', NULL, NULL, NULL, NULL, '0', NULL, NULL, '2016-12-14 01:46:18', '2016-12-22 01:15:56', 'f597763c-b94a-4f03-a8ca-39cb6dfced85'),
 ('98', '114', 'en_us', 'New Entry', '<p>I\'ve been thinking for a while that estimating stories is a waste of time. I know, I know, I\'ve talked about <a href=\"{entry:110:url}\">estimating stories</a> in the past as if it were just a matter of course. And I stand by that post: If you\'re going to estimate stories, your points need to be consistent. However, I hypothesized that if you are breaking stories down to a small, consistent size, that measuring velocity by the number of stories should be roughly as accurate as using points. </p><p>Since this was simply a hypothesis, I started by gathering some data.</p>', NULL, NULL, NULL, '', NULL, '1', '', 'http://', NULL, NULL, '', 'landscape', NULL, NULL, NULL, NULL, '0', NULL, NULL, '2017-03-09 02:07:08', '2017-03-09 02:07:08', 'e680ba65-012d-4cab-bdbb-cbb8967a4a7f'),
 ('99', '115', 'en_us', 'PMI Agile Certified Practitioner', NULL, NULL, NULL, NULL, NULL, NULL, '0', 'www.pmi.org/certifications/types/agile-acp', 'https://', NULL, NULL, NULL, 'landscape', 'Project Management Institute', '2017-04-06 00:00:00', NULL, NULL, '0', NULL, NULL, '2017-04-06 23:19:49', '2017-04-06 23:19:49', '123b30c1-8be4-4600-9cb1-2edd5625e6d3');



DROP TABLE IF EXISTS `craft_deprecationerrors`;


--
-- Schema for table `craft_deprecationerrors`
--
CREATE TABLE `craft_deprecationerrors` (
  `id` int(11) NOT NULL AUTO_INCREMENT,
  `key` varchar(255) COLLATE utf8_unicode_ci NOT NULL,
  `fingerprint` varchar(255) COLLATE utf8_unicode_ci NOT NULL,
  `lastOccurrence` datetime NOT NULL,
  `file` varchar(255) COLLATE utf8_unicode_ci NOT NULL,
  `line` smallint(6) unsigned NOT NULL,
  `class` varchar(255) COLLATE utf8_unicode_ci DEFAULT NULL,
  `method` varchar(255) COLLATE utf8_unicode_ci DEFAULT NULL,
  `template` varchar(255) COLLATE utf8_unicode_ci DEFAULT NULL,
  `templateLine` smallint(6) unsigned DEFAULT NULL,
  `message` varchar(255) COLLATE utf8_unicode_ci DEFAULT NULL,
  `traces` text COLLATE utf8_unicode_ci,
  `dateCreated` datetime NOT NULL,
  `dateUpdated` datetime NOT NULL,
  `uid` char(36) COLLATE utf8_unicode_ci NOT NULL DEFAULT '0',
  PRIMARY KEY (`id`),
  UNIQUE KEY `craft_deprecationerrors_key_fingerprint_unq_idx` (`key`,`fingerprint`)
) ENGINE=InnoDB DEFAULT CHARSET=utf8 COLLATE=utf8_unicode_ci;

DROP TABLE IF EXISTS `craft_elementindexsettings`;


--
-- Schema for table `craft_elementindexsettings`
--
CREATE TABLE `craft_elementindexsettings` (
  `id` int(11) NOT NULL AUTO_INCREMENT,
  `type` varchar(150) COLLATE utf8_unicode_ci NOT NULL,
  `settings` text COLLATE utf8_unicode_ci,
  `dateCreated` datetime NOT NULL,
  `dateUpdated` datetime NOT NULL,
  `uid` char(36) COLLATE utf8_unicode_ci NOT NULL DEFAULT '0',
  PRIMARY KEY (`id`),
  UNIQUE KEY `craft_elementindexsettings_type_unq_idx` (`type`)
) ENGINE=InnoDB DEFAULT CHARSET=utf8 COLLATE=utf8_unicode_ci;

DROP TABLE IF EXISTS `craft_elements`;


--
-- Schema for table `craft_elements`
--
CREATE TABLE `craft_elements` (
  `id` int(11) NOT NULL AUTO_INCREMENT,
  `type` varchar(150) COLLATE utf8_unicode_ci NOT NULL,
  `enabled` tinyint(1) unsigned NOT NULL DEFAULT '1',
  `archived` tinyint(1) unsigned NOT NULL DEFAULT '0',
  `dateCreated` datetime NOT NULL,
  `dateUpdated` datetime NOT NULL,
  `uid` char(36) COLLATE utf8_unicode_ci NOT NULL DEFAULT '0',
  PRIMARY KEY (`id`),
  KEY `craft_elements_type_idx` (`type`),
  KEY `craft_elements_enabled_idx` (`enabled`),
  KEY `craft_elements_archived_dateCreated_idx` (`archived`,`dateCreated`)
) ENGINE=InnoDB AUTO_INCREMENT=116 DEFAULT CHARSET=utf8 COLLATE=utf8_unicode_ci;

--
-- Data for table `craft_elements`
--

INSERT INTO `craft_elements` (`id`, `type`, `enabled`, `archived`, `dateCreated`, `dateUpdated`, `uid`) VALUES
 ('1', 'User', '1', '0', '2015-12-05 19:12:26', '2015-12-05 19:12:26', '66db0885-8e19-4792-9a3b-2a917532629e'),
 ('2', 'Entry', '1', '0', '2015-12-05 19:12:27', '2016-09-02 00:14:24', '92d5764d-8d22-4ffb-ac85-76658cf2fe4b'),
 ('9', 'Asset', '1', '0', '2016-01-19 01:38:49', '2016-12-22 01:15:54', '3d4aca20-f9a8-496a-a7cf-b9b2cf6d88dc'),
 ('11', 'Asset', '1', '0', '2016-01-19 02:54:23', '2016-12-22 01:15:54', 'd4b14122-4609-4e18-974d-584374c25473'),
 ('17', 'Entry', '1', '0', '2016-08-09 01:41:50', '2016-11-16 01:24:47', '99e1733b-d45b-4f9e-a97f-25b8cf64b09e'),
 ('19', 'Asset', '1', '0', '2016-08-09 02:07:50', '2016-12-22 01:15:58', '4ca844a1-bebc-4742-a27a-c84af8530b99'),
 ('20', 'Asset', '1', '0', '2016-08-18 02:02:38', '2016-12-22 01:15:59', '14413445-aa4d-4102-a339-6b2b183e2c30'),
 ('21', 'Entry', '1', '0', '2016-08-18 02:03:40', '2016-11-16 01:24:38', '11835dd8-59fa-4ba9-8d77-6755c58d72e7'),
 ('22', 'Asset', '1', '0', '2016-08-18 02:45:17', '2016-12-22 01:15:59', '98580831-e042-47c3-b5ca-7887b0051e7a'),
 ('23', 'Entry', '1', '0', '2016-08-18 02:47:07', '2016-11-16 01:24:31', '8b65e1c2-24fc-4f28-941a-0c4743d0b7a4'),
 ('24', 'Asset', '1', '0', '2016-08-19 02:14:04', '2016-12-22 01:15:59', 'ef5e7f99-a040-42a4-81c0-68efbbaf3251'),
 ('25', 'Entry', '1', '0', '2016-08-19 02:17:03', '2016-11-16 01:24:24', 'de5253ed-94e0-46e3-a23b-f13121f6c678'),
 ('26', 'Asset', '1', '0', '2016-08-21 01:36:17', '2016-12-22 01:15:58', 'cbe174ce-563c-4357-ad54-9585679d026d'),
 ('27', 'Asset', '1', '0', '2016-08-21 23:23:57', '2016-12-22 01:16:00', '3ea03ab9-64e0-4b9e-903e-afa173dd8b6b'),
 ('28', 'Entry', '1', '0', '2016-08-27 16:38:52', '2016-08-28 01:59:12', '3a6b6ee2-ec01-4ce5-9ea6-df51377cf3cb'),
 ('29', 'Entry', '1', '0', '2016-08-28 02:00:15', '2016-08-28 02:01:24', 'b7261c32-b2ff-4bcb-87dc-02cde7049322'),
 ('30', 'Entry', '1', '0', '2016-08-30 00:35:42', '2017-03-09 01:41:36', 'abdd964a-6733-40f8-a29c-a012b1ea034a'),
 ('31', 'Tag', '1', '0', '2016-08-30 01:21:51', '2016-08-30 01:21:51', '89607397-be44-4a57-83a1-a0343c5e3041'),
 ('32', 'Tag', '1', '0', '2016-08-30 01:21:56', '2016-08-30 01:21:56', '59e63063-3041-48cf-a443-8363e7d6e274'),
 ('33', 'Tag', '1', '0', '2016-08-30 01:22:04', '2016-08-30 01:22:04', 'f0eb4cbc-32f9-43c8-a738-573fd17fc4c5'),
 ('34', 'Tag', '1', '0', '2016-08-30 01:22:12', '2016-08-30 01:22:12', 'c86ca619-858d-4eca-8710-1094eca1b8d9'),
 ('35', 'Tag', '1', '0', '2016-08-30 01:22:29', '2016-08-30 01:22:29', '64968e85-d022-49ae-908d-53a7a4413680'),
 ('36', 'Tag', '1', '0', '2016-08-30 01:22:47', '2016-08-30 01:22:47', '2d7db73e-8fee-456b-ae8b-42505ae73de3'),
 ('37', 'Tag', '1', '0', '2016-08-30 01:22:51', '2016-08-30 01:22:51', '968842b7-4e12-49e4-9436-def6aab6f5ac'),
 ('38', 'Tag', '1', '0', '2016-08-30 01:22:55', '2016-08-30 01:22:55', '32af297c-e5d6-472c-a47b-63820e8e5e2e'),
 ('39', 'Asset', '1', '0', '2016-08-30 01:36:46', '2016-12-22 01:16:00', '9284254c-ce85-4bb3-95c7-8dff526ab29f'),
 ('40', 'Tag', '1', '0', '2016-09-01 03:35:39', '2016-09-01 03:35:39', 'c5206cd5-7428-4683-ad59-54cf57a3d2b8'),
 ('41', 'Tag', '1', '0', '2016-09-01 03:35:44', '2016-09-01 03:35:44', 'b0ee56b3-1973-42a3-809e-f5fe3284b1e2'),
 ('42', 'Tag', '1', '0', '2016-09-01 03:35:52', '2016-09-01 03:35:52', '8f55bc30-36fe-413a-8a49-a73033582f4d'),
 ('43', 'Entry', '1', '0', '2016-09-01 03:36:37', '2016-10-04 02:13:14', 'eaee5557-5390-4f90-b93f-cdfbff549e9c'),
 ('44', 'Entry', '1', '0', '2016-09-01 22:24:35', '2016-09-01 22:33:47', '6eb426ef-2f44-403d-a91b-6b7622c1f775'),
 ('45', 'Entry', '1', '0', '2016-09-01 22:25:23', '2016-09-01 22:33:47', '3693c59e-814c-4ac7-8691-4f8d44396621'),
 ('46', 'MatrixBlock', '1', '0', '2016-09-01 23:28:21', '2016-09-02 00:14:24', 'af68600b-7f07-441a-b00f-4edf8f6d3c09'),
 ('47', 'MatrixBlock', '1', '0', '2016-09-01 23:28:22', '2016-09-02 00:14:24', '2f8115bb-f344-4cb3-9448-d804669ed66f'),
 ('48', 'MatrixBlock', '1', '0', '2016-09-01 23:28:22', '2016-09-02 00:14:24', '2fde5af4-c703-4723-a2a5-239015185928'),
 ('49', 'MatrixBlock', '1', '0', '2016-09-02 00:08:56', '2016-09-02 00:14:24', '6b811f4a-b821-48b9-af91-e53dbcffef4f'),
 ('50', 'MatrixBlock', '1', '0', '2016-09-02 00:12:17', '2016-09-02 00:14:24', '76d9a4a2-d99f-4667-931d-02413ebc8983'),
 ('51', 'MatrixBlock', '1', '0', '2016-09-02 00:12:17', '2016-09-02 00:14:24', 'd09afc08-72dd-465b-8a88-ee1b2ddd4c6f'),
 ('52', 'MatrixBlock', '1', '0', '2016-09-02 00:14:24', '2016-09-02 00:14:24', 'dd1d4ef8-3e11-47a2-bad4-d4f577251064'),
 ('53', 'Entry', '1', '0', '2016-09-02 00:36:46', '2016-09-02 00:36:46', 'c094fe72-f37c-4763-9502-65a6c329d2ca'),
 ('54', 'Entry', '1', '0', '2016-09-02 00:37:40', '2016-09-07 03:14:10', '54cd1adf-63a0-48dc-abd1-df1905741309'),
 ('55', 'Asset', '1', '0', '2016-09-03 07:52:54', '2016-12-22 01:15:55', 'cdb74f4f-8fa6-4637-81a0-41f351d53ab0'),
 ('56', 'Entry', '1', '0', '2016-09-05 03:00:56', '2016-09-13 22:09:58', '619dd4f9-ff04-4a68-a68b-f6dc158f66e7'),
 ('57', 'Entry', '1', '0', '2016-09-05 03:01:43', '2016-09-13 22:09:53', '277b9706-544a-4b4a-8234-e7027d5e5280'),
 ('58', 'Entry', '1', '0', '2016-09-05 03:02:35', '2016-09-05 03:02:35', 'd6e44914-7bea-4740-9d67-c44f55056ad7'),
 ('59', 'Entry', '1', '0', '2016-09-05 03:02:53', '2016-09-13 22:09:43', 'a6c0812d-6c55-4fb2-bcc4-9039a58177d7'),
 ('60', 'Entry', '1', '0', '2016-09-05 03:03:21', '2016-09-13 22:09:34', '4da2dbad-13e7-4063-a9aa-e4f343a61711'),
 ('61', 'Entry', '1', '0', '2016-09-05 03:04:11', '2016-09-05 03:04:21', '02a369c7-1ad6-45d2-b652-5637bca400ae'),
 ('62', 'Entry', '1', '0', '2016-09-05 03:04:56', '2016-09-13 22:09:28', '587713d5-5a03-4aff-b431-d6ca04d66d65'),
 ('63', 'Asset', '1', '0', '2016-09-08 01:05:53', '2016-12-22 01:16:00', '2117910b-96b3-4e72-b268-1453fda1628d'),
 ('64', 'Entry', '1', '0', '2016-09-08 01:23:36', '2016-11-03 00:34:42', '065de93f-56c3-4afa-87ee-52d86c1e5d49'),
 ('65', 'Entry', '0', '0', '2016-09-08 01:39:08', '2016-11-08 01:03:58', '259caa03-782c-45ac-a5f6-135411ff82d3'),
 ('66', 'Asset', '1', '0', '2016-09-09 00:22:34', '2016-12-22 01:15:54', '01361dc1-b253-4c09-92c6-8eadb7aaacc2'),
 ('67', 'MatrixBlock', '1', '0', '2016-09-10 02:05:35', '2016-11-03 00:34:43', '3a1dc27e-4cb7-4c38-867f-2e00d7681f9c'),
 ('68', 'Asset', '1', '0', '2016-09-11 15:23:21', '2016-12-22 01:15:57', '5bd8c22a-193c-4835-b915-44cfe44992aa'),
 ('69', 'Entry', '1', '0', '2016-09-11 15:26:37', '2016-11-03 00:34:27', '731a2519-591d-4093-8744-ed9f40097453'),
 ('70', 'MatrixBlock', '1', '0', '2016-09-11 15:26:37', '2016-11-03 00:34:27', 'e772f2e8-7165-4e76-8929-afa3f97ddf6c'),
 ('71', 'MatrixBlock', '1', '0', '2016-09-11 17:32:44', '2017-03-09 01:41:36', '1a291315-ffa0-4849-bb85-2c437edff85c'),
 ('72', 'MatrixBlock', '1', '0', '2016-09-11 17:33:32', '2016-10-04 02:13:14', '6b1bd63e-c76e-46ff-b483-0bb13ab48420'),
 ('73', 'Entry', '1', '0', '2016-09-11 18:41:19', '2016-09-14 00:50:07', '70cfbef2-ce3a-49b0-8814-31f3aaa4ea67'),
 ('74', 'Entry', '1', '0', '2016-09-13 21:21:37', '2016-09-13 22:09:02', '2020239d-b6a2-4784-8946-dcad1b1e792c'),
 ('75', 'Entry', '1', '0', '2016-09-13 21:46:33', '2016-09-13 22:08:46', '67b41984-fb00-4ad4-aec4-f19006ce298c'),
 ('76', 'Entry', '1', '0', '2016-09-13 21:48:16', '2016-10-03 16:58:25', '0440ad9e-ef43-4a42-81b0-aa0aa97d44fa'),
 ('77', 'Entry', '1', '0', '2016-09-13 21:49:05', '2016-09-13 22:08:36', '9b338678-3fe3-460b-9366-fd4c2d00b160'),
 ('78', 'Entry', '1', '0', '2016-09-13 22:05:23', '2016-09-13 22:05:59', 'f23207b3-64cf-4f36-a72e-f78d1614329c'),
 ('79', 'Entry', '1', '0', '2016-09-14 00:46:56', '2016-09-14 00:47:41', 'fa8c989e-6dd4-4818-9c6f-4787924921de'),
 ('80', 'Entry', '1', '0', '2016-09-14 00:48:10', '2016-09-14 00:48:10', 'cd5fa5cb-becf-4f7a-afb9-c02a2f54b88f'),
 ('81', 'Entry', '1', '0', '2016-09-14 01:42:03', '2016-09-14 01:44:24', '1df74bf5-3e1a-44e2-a3b2-add6547a0795'),
 ('82', 'Entry', '1', '0', '2016-09-14 02:13:37', '2016-09-14 02:13:37', '9bc89daa-fa19-4d1c-bcbf-28592341aa21'),
 ('83', 'Asset', '1', '0', '2016-09-15 01:15:35', '2016-12-22 01:15:56', '8e5885b0-a10d-4d17-b91a-5677323e9ba4'),
 ('84', 'Asset', '1', '0', '2016-09-16 01:37:22', '2016-12-22 01:15:56', '6d2d6812-7f1b-481a-8176-ed9c63660497'),
 ('85', 'Asset', '1', '0', '2016-09-16 01:37:40', '2016-12-22 01:15:55', 'e5061ce2-ea8f-44c6-bd79-f595bfc8dd62'),
 ('86', 'Entry', '1', '0', '2016-10-03 16:54:54', '2016-10-03 16:55:33', '5172bc10-1567-4b76-a236-5989d75d9aa3'),
 ('87', 'Entry', '1', '0', '2016-10-03 16:59:49', '2016-10-03 16:59:49', '1543d30e-0cf8-4d54-948a-28863253921e'),
 ('88', 'Asset', '1', '0', '2016-10-03 17:24:47', '2016-12-22 01:15:55', '2a907c9c-54a1-4582-ac87-74baec0cd291'),
 ('89', 'Entry', '1', '0', '2016-10-03 17:25:40', '2016-10-04 02:12:44', '353de1ea-2cfc-4668-a2b0-68ce32a7f4d8'),
 ('90', 'MatrixBlock', '1', '0', '2016-10-03 17:25:40', '2016-10-04 02:12:44', '4d775daf-ddd5-48e7-a0a4-29c81868dfed'),
 ('92', 'Entry', '1', '0', '2016-10-04 01:19:11', '2016-10-04 02:13:35', 'a0f277dd-4852-4514-9e39-cd9031d8e213'),
 ('93', 'Asset', '1', '0', '2016-10-04 01:25:01', '2016-12-22 01:15:54', '5fba8e80-9ddd-4ba3-a3a6-de6a85def932'),
 ('94', 'MatrixBlock', '1', '0', '2016-10-04 01:25:21', '2016-10-04 02:13:35', '72f8504d-e5bd-4d3e-83c9-68cb2d8268d3'),
 ('95', 'Category', '1', '0', '2016-11-03 00:25:06', '2016-11-03 00:25:06', '76959232-444e-47dc-b033-648b7beb0632'),
 ('96', 'Category', '1', '0', '2016-11-03 00:25:11', '2016-11-03 00:25:11', 'c2290f7a-a822-4bd8-a936-2b969b313c27'),
 ('97', 'Asset', '1', '0', '2016-11-15 01:49:09', '2016-12-22 01:15:58', '92031ba1-87bc-4466-8898-a30e928db5d2'),
 ('98', 'Entry', '1', '0', '2016-11-15 01:50:01', '2016-11-16 01:24:11', '610ec468-40e3-4976-9544-a4ff92c8df58'),
 ('99', 'Asset', '1', '0', '2016-11-15 01:59:01', '2016-12-22 01:15:58', '159869e2-fe37-42bd-8146-eb9de4bf5b98'),
 ('100', 'Entry', '1', '0', '2016-11-15 01:59:52', '2016-11-16 02:04:26', 'fddf1089-fc61-4c3f-bd0f-2e81dc5d363a'),
 ('101', 'Asset', '1', '0', '2016-11-16 00:27:10', '2016-12-22 01:15:55', '086deab4-87fe-42de-8ecf-8842bfd1e422'),
 ('102', 'Entry', '1', '0', '2016-11-16 00:39:30', '2016-11-16 01:23:20', '19da0247-0b6e-4d70-8600-a95510fddf20'),
 ('103', 'Category', '1', '0', '2016-11-16 00:59:41', '2016-11-16 00:59:41', 'b8f66bbc-086d-4d94-8864-d3b6491962e8'),
 ('104', 'Category', '1', '0', '2016-11-16 00:59:58', '2016-11-16 00:59:58', 'fbc7587e-b30f-4d40-a7fc-6653c28f3cfa'),
 ('106', 'Category', '1', '0', '2016-11-16 02:03:09', '2016-11-16 02:03:09', 'dcf827a8-41b2-4da9-8e01-bbfb2661d448'),
 ('107', 'Entry', '1', '0', '2016-11-16 02:04:14', '2016-11-16 02:09:42', 'c76e235a-36c5-48b5-ac02-4e8ac46a9ac2'),
 ('108', 'MatrixBlock', '1', '0', '2016-11-16 02:04:14', '2016-11-16 02:09:42', 'f95707eb-41ce-48b3-ac05-f43c5e0c4017'),
 ('109', 'Asset', '1', '0', '2016-11-16 02:05:01', '2016-12-22 01:16:00', '6b0c79c7-f423-46ce-b090-b5175fc188a4'),
 ('110', 'Entry', '1', '0', '2016-12-06 03:00:37', '2017-03-09 02:14:07', 'b66e4825-6298-4172-a8f3-5afc614f841d'),
 ('111', 'Asset', '1', '0', '2016-12-14 00:58:49', '2016-12-22 01:15:57', '97327b89-6a23-4ae6-834d-b081b591112a'),
 ('112', 'MatrixBlock', '1', '0', '2016-12-14 00:59:22', '2017-03-09 02:14:07', '8567e265-9c75-4e9d-8234-84900ef61e6f'),
 ('113', 'Asset', '1', '0', '2016-12-14 01:46:18', '2016-12-22 01:15:56', '9028dbf1-7182-4b6c-acc1-45dabb40aa78'),
 ('114', 'Entry', '0', '0', '2017-03-09 02:07:08', '2017-03-09 02:07:08', '21dc3dbf-1af7-4256-a5ad-d20810b568bd'),
 ('115', 'Entry', '1', '0', '2017-04-06 23:19:49', '2017-04-06 23:19:49', '870b1804-b3d0-4e78-b247-738cd106efc6');



DROP TABLE IF EXISTS `craft_elements_i18n`;


--
-- Schema for table `craft_elements_i18n`
--
CREATE TABLE `craft_elements_i18n` (
  `id` int(11) NOT NULL AUTO_INCREMENT,
  `elementId` int(11) NOT NULL,
  `locale` char(12) COLLATE utf8_unicode_ci NOT NULL,
  `slug` varchar(255) COLLATE utf8_unicode_ci DEFAULT NULL,
  `uri` varchar(255) COLLATE utf8_unicode_ci DEFAULT NULL,
  `enabled` tinyint(1) unsigned NOT NULL DEFAULT '1',
  `dateCreated` datetime NOT NULL,
  `dateUpdated` datetime NOT NULL,
  `uid` char(36) COLLATE utf8_unicode_ci NOT NULL DEFAULT '0',
  PRIMARY KEY (`id`),
  UNIQUE KEY `craft_elements_i18n_elementId_locale_unq_idx` (`elementId`,`locale`),
  UNIQUE KEY `craft_elements_i18n_uri_locale_unq_idx` (`uri`,`locale`),
  KEY `craft_elements_i18n_slug_locale_idx` (`slug`,`locale`),
  KEY `craft_elements_i18n_enabled_idx` (`enabled`),
  KEY `craft_elements_i18n_locale_fk` (`locale`)
) ENGINE=InnoDB AUTO_INCREMENT=116 DEFAULT CHARSET=utf8 COLLATE=utf8_unicode_ci;

--
-- Data for table `craft_elements_i18n`
--

INSERT INTO `craft_elements_i18n` (`id`, `elementId`, `locale`, `slug`, `uri`, `enabled`, `dateCreated`, `dateUpdated`, `uid`) VALUES
 ('1', '1', 'en_us', '', NULL, '1', '2015-12-05 19:12:26', '2015-12-05 19:12:26', '3baf7b87-0edf-4772-9bab-90663d86122c'),
 ('2', '2', 'en_us', 'homepage', '__home__', '1', '2015-12-05 19:12:27', '2016-09-02 00:14:24', '7274b213-1bed-40db-abec-7a406bae9b49'),
 ('9', '9', 'en_us', '1st-floor-data-closet', NULL, '1', '2016-01-19 01:38:49', '2016-12-22 01:15:54', '3e20bd03-a2f4-4917-b71c-bc0021b9fb99'),
 ('11', '11', 'en_us', '2nd-floor-data-closet-messy', NULL, '1', '2016-01-19 02:54:23', '2016-12-22 01:15:54', '10769fef-508e-421e-a610-e05c37a94e31'),
 ('17', '17', 'en_us', 'untitled', 'art/untitled', '1', '2016-08-09 01:41:51', '2016-11-16 01:24:47', '18f0682c-a157-43fc-9b38-a0ab74513cc7'),
 ('19', '19', 'en_us', 'masterpiece-500x399', NULL, '1', '2016-08-09 02:07:50', '2016-12-22 01:15:58', '4a42b933-6536-4b80-a00b-ca90b101723a'),
 ('20', '20', 'en_us', 'puella', NULL, '1', '2016-08-18 02:02:38', '2016-12-22 01:15:59', 'a8023304-7cf9-413a-8d7e-44d17c931665'),
 ('21', '21', 'en_us', 'puella', 'art/puella', '1', '2016-08-18 02:03:40', '2016-11-16 01:24:38', '65a9e673-828d-4a0a-80ef-83bf2348c703'),
 ('22', '22', 'en_us', 'puer', NULL, '1', '2016-08-18 02:45:17', '2016-12-22 01:15:59', '56f9853d-1ef2-4bd2-aa61-bc711d57e3c5'),
 ('23', '23', 'en_us', 'puer', 'art/puer', '1', '2016-08-18 02:47:07', '2016-11-16 01:24:31', '2c51c7bd-a669-4e77-9650-9634072fe2d2'),
 ('24', '24', 'en_us', 'me-and-dad-blue-car', NULL, '1', '2016-08-19 02:14:04', '2016-12-22 01:15:59', '491217e1-5f06-4e45-b8c6-fb3d7e2deccb'),
 ('25', '25', 'en_us', 'blue-car', 'art/blue-car', '1', '2016-08-19 02:17:03', '2016-11-16 01:24:24', 'e83c8f99-0c72-4485-a84f-c21c830de1d6'),
 ('26', '26', 'en_us', 'me', NULL, '1', '2016-08-21 01:36:17', '2016-12-22 01:15:58', 'e799ea9c-2b4a-4b56-ad4e-a0ee76dd0561'),
 ('27', '27', 'en_us', 'bacardi', NULL, '1', '2016-08-21 23:23:57', '2016-12-22 01:16:00', 'b700916b-7f8c-467f-99f3-c683c6d6ffea'),
 ('28', '28', 'en_us', 'contact', 'contact', '1', '2016-08-27 16:38:52', '2016-08-28 01:59:12', '706572ce-ae15-461d-a5f4-7ab34a463747'),
 ('29', '29', 'en_us', 'thanks', 'contact/thanks', '1', '2016-08-28 02:00:15', '2016-08-28 02:01:24', '0233fedb-1df7-434c-85a8-4fa089ef7eb6'),
 ('30', '30', 'en_us', 'say-insurance', 'web-development/say-insurance', '1', '2016-08-30 00:35:42', '2017-03-09 01:41:36', '2a638b0a-55e3-4f2c-90b8-d83c66b648e9'),
 ('31', '31', 'en_us', 'php', NULL, '1', '2016-08-30 01:21:51', '2016-08-30 01:21:51', '928c1865-187f-4820-8b12-e8ce4edc9b9b'),
 ('32', '32', 'en_us', 'javascript', NULL, '1', '2016-08-30 01:21:56', '2016-08-30 01:21:56', 'd89ccb1f-4ab0-4ba1-8654-6a89242e3ce8'),
 ('33', '33', 'en_us', 'scrum', NULL, '1', '2016-08-30 01:22:04', '2016-08-30 01:22:04', 'bfdc525e-792e-4d54-a1ea-516becec98ec'),
 ('34', '34', 'en_us', 'agile', NULL, '1', '2016-08-30 01:22:12', '2016-08-30 01:22:12', '18792d01-a932-4b5f-818d-37a32fece4c0'),
 ('35', '35', 'en_us', 'api', NULL, '1', '2016-08-30 01:22:29', '2016-08-30 01:22:29', '0c7aa16b-1694-4450-942c-a8e17ac2e1d4'),
 ('36', '36', 'en_us', 'angular', NULL, '1', '2016-08-30 01:22:47', '2016-08-30 01:22:47', '924a8393-401d-4797-8418-988a87fd7f1b'),
 ('37', '37', 'en_us', 'lamp', NULL, '1', '2016-08-30 01:22:51', '2016-08-30 01:22:51', '8015b18f-a00c-4572-b39f-87d1aa120016'),
 ('38', '38', 'en_us', 'craft-cms', NULL, '1', '2016-08-30 01:22:55', '2016-08-30 01:22:55', '76b8933d-c8db-441b-aceb-1f7be97dbc90'),
 ('39', '39', 'en_us', 'say-insurance', NULL, '1', '2016-08-30 01:36:46', '2016-12-22 01:16:00', '13c19644-2800-4bff-b6e3-bb05e9997453'),
 ('40', '40', 'en_us', 'drupal', NULL, '1', '2016-09-01 03:35:39', '2016-09-01 03:35:39', 'bf99f3d0-0df5-4f92-87b3-5f11e7540ada'),
 ('41', '41', 'en_us', 'wordpress', NULL, '1', '2016-09-01 03:35:44', '2016-09-01 03:35:44', 'd8294122-9b66-4b92-af31-66a37d5602c0'),
 ('42', '42', 'en_us', 'jquery', NULL, '1', '2016-09-01 03:35:52', '2016-09-01 03:35:52', '6634d368-1be2-499e-a573-f4674b5e137b'),
 ('43', '43', 'en_us', 'daniel-boone-regional-library', 'web-development/daniel-boone-regional-library', '1', '2016-09-01 03:36:37', '2016-10-04 02:13:14', '1231b255-4eda-4ca9-846d-583fc4225edb'),
 ('44', '44', 'en_us', 'certified-scrummaster', NULL, '1', '2016-09-01 22:24:35', '2016-09-01 22:33:47', 'f98c493f-bea8-408f-8ef6-f7c6736cf208'),
 ('45', '45', 'en_us', 'certified-product-owner', NULL, '1', '2016-09-01 22:25:23', '2016-09-01 22:33:47', '7d5f82bb-aeda-4ebe-be4f-239cb9a356e4'),
 ('46', '46', 'en_us', '', NULL, '1', '2016-09-01 23:28:21', '2016-09-02 00:14:24', '749943d9-60cf-42b4-a3b7-fcd655898f65'),
 ('47', '47', 'en_us', '', NULL, '1', '2016-09-01 23:28:22', '2016-09-02 00:14:24', '1ce8f26c-c857-44d9-962d-d1c55037e2e0'),
 ('48', '48', 'en_us', '', NULL, '1', '2016-09-01 23:28:22', '2016-09-02 00:14:24', '20c57f92-7b7c-4001-b118-4e57c9402b61'),
 ('49', '49', 'en_us', '', NULL, '1', '2016-09-02 00:08:56', '2016-09-02 00:14:24', 'b864fd22-1327-4477-9983-2d0d394d4b72'),
 ('50', '50', 'en_us', '', NULL, '1', '2016-09-02 00:12:17', '2016-09-02 00:14:24', '30d600e1-9bf3-4148-907f-4d03b0b8ed72'),
 ('51', '51', 'en_us', '', NULL, '1', '2016-09-02 00:12:17', '2016-09-02 00:14:24', 'c0a40d0b-33f5-4122-b173-24e7c983c131'),
 ('52', '52', 'en_us', '', NULL, '1', '2016-09-02 00:14:24', '2016-09-02 00:14:24', 'b1311e61-749f-4ef0-aec0-30801a6aa070'),
 ('53', '53', 'en_us', 'agile-dev-west', NULL, '1', '2016-09-02 00:36:46', '2016-09-02 00:36:46', '0f68718f-8025-4fb3-b806-d67609bcd67c'),
 ('54', '54', 'en_us', 'agile-gravy', NULL, '1', '2016-09-02 00:37:40', '2016-09-07 03:14:10', 'b1fbaca8-d8bb-4d9a-b29b-4be5d5ba8f7c'),
 ('55', '55', 'en_us', 'dbrl', NULL, '1', '2016-09-03 07:52:54', '2016-12-22 01:15:55', '589f093c-293e-424f-822b-ff38c71fcb2f'),
 ('56', '56', 'en_us', 'angular', NULL, '1', '2016-09-05 03:00:56', '2016-09-13 22:09:58', 'e18ea7e2-5729-4c96-8791-19b9fd5658e1'),
 ('57', '57', 'en_us', 'javascript', NULL, '1', '2016-09-05 03:01:43', '2016-09-13 22:09:53', 'b4a2c0ab-c28c-4e3c-bc5e-de865266e88c'),
 ('58', '58', 'en_us', 'jquery', NULL, '1', '2016-09-05 03:02:35', '2016-09-05 03:02:35', '59a7578d-1d61-407c-aca3-a7eeb1b7fa24'),
 ('59', '59', 'en_us', 'php', NULL, '1', '2016-09-05 03:02:53', '2016-09-13 22:09:43', '3287564d-31fe-4828-bb53-dc8f4604e379'),
 ('60', '60', 'en_us', 'scrum', NULL, '1', '2016-09-05 03:03:21', '2016-09-13 22:09:34', 'f7a05146-a9a6-4870-a8cb-cb277ae78552'),
 ('61', '61', 'en_us', 'kanban', NULL, '1', '2016-09-05 03:04:11', '2016-09-05 03:04:21', '664b3060-394f-4810-8833-36834e0ad06a'),
 ('62', '62', 'en_us', 'xp', NULL, '1', '2016-09-05 03:04:56', '2016-09-13 22:09:28', '6c5d9b08-e995-4cc5-bc79-c296c37d329b'),
 ('63', '63', 'en_us', 'craft-square-logo', NULL, '1', '2016-09-08 01:05:53', '2016-12-22 01:16:00', 'ded88b53-8495-4fa2-8cb3-e541b5518903'),
 ('64', '64', 'en_us', 'new-site', 'blog/new-site', '1', '2016-09-08 01:23:36', '2016-11-03 00:34:43', '52b1da97-ef6f-406a-9d71-faa059c428a4'),
 ('65', '65', 'en_us', 'joe-blow', NULL, '1', '2016-09-08 01:39:08', '2016-11-08 01:03:58', '5d79e378-dcd4-4a9d-a39d-2a75b25cab91'),
 ('66', '66', 'en_us', 'craft-logo', NULL, '1', '2016-09-09 00:22:34', '2016-12-22 01:15:54', 'ed10095c-ffae-4009-acfb-7a0292a8b421'),
 ('67', '67', 'en_us', '', NULL, '1', '2016-09-10 02:05:35', '2016-11-03 00:34:43', 'cb5aebfb-7897-46de-b026-d76cf52491db'),
 ('68', '68', 'en_us', 'dental-terror', NULL, '1', '2016-09-11 15:23:22', '2016-12-22 01:15:57', 'aa1e345e-dab3-4df4-a084-ec027d2198dc'),
 ('69', '69', 'en_us', 'i-made-some-art-or-did-i', 'blog/i-made-some-art-or-did-i', '1', '2016-09-11 15:26:37', '2016-11-03 00:34:27', '513862d2-dcce-4ff2-a1a0-3cd809036da1'),
 ('70', '70', 'en_us', '', NULL, '1', '2016-09-11 15:26:37', '2016-11-03 00:34:27', '47762444-964d-4de7-b26a-37e4d7a905e8'),
 ('71', '71', 'en_us', '', NULL, '1', '2016-09-11 17:32:44', '2017-03-09 01:41:36', 'd6cdea5f-cd49-4026-93d3-c36e6f482217'),
 ('72', '72', 'en_us', '', NULL, '1', '2016-09-11 17:33:32', '2016-10-04 02:13:14', 'd73da3d0-0786-42ab-b1f9-267a2737090d'),
 ('73', '73', 'en_us', 'craft-cms', NULL, '1', '2016-09-11 18:41:19', '2016-09-14 00:50:07', '13dbecd4-9b77-4dfb-b686-21f177d8e990'),
 ('74', '74', 'en_us', 'git', NULL, '1', '2016-09-13 21:21:37', '2016-09-13 22:09:02', '3919cb46-4f1f-483d-b9e0-638c22659a74'),
 ('75', '75', 'en_us', 'wordpress', NULL, '1', '2016-09-13 21:46:33', '2016-09-13 22:08:46', '1ae26094-f219-414a-b3df-4cb93f9a8e26'),
 ('76', '76', 'en_us', 'mysql', NULL, '1', '2016-09-13 21:48:16', '2016-10-03 16:58:25', '200f1cdb-37ab-4724-b56a-5fcd8567c014'),
 ('77', '77', 'en_us', 'drupal', NULL, '1', '2016-09-13 21:49:05', '2016-09-13 22:08:36', '999f83ef-6113-49c2-8baa-9b03d9d3af28'),
 ('78', '78', 'en_us', 'linux', NULL, '1', '2016-09-13 22:05:23', '2016-09-13 22:05:59', '704c901a-190f-476a-9c57-8d60d0663760'),
 ('79', '79', 'en_us', 'phpunit', NULL, '1', '2016-09-14 00:46:56', '2016-09-14 00:47:41', '6df4393c-34d7-402f-a90a-0413ce643887'),
 ('80', '80', 'en_us', 'jasmine', NULL, '1', '2016-09-14 00:48:10', '2016-09-14 00:48:10', '54f8f5aa-f26e-4fe8-b613-1953f5f0ea03'),
 ('81', '81', 'en_us', 'twig', NULL, '1', '2016-09-14 01:42:03', '2016-09-14 01:44:24', '06978422-9a0d-4edb-8edb-f7ce75754019'),
 ('82', '82', 'en_us', 'vagrant', NULL, '1', '2016-09-14 02:13:37', '2016-09-14 02:13:37', 'f2a81624-3736-4eb7-bd43-6f42a5bcccc0'),
 ('83', '83', 'en_us', 'dental-terror-original', NULL, '1', '2016-09-15 01:15:35', '2016-12-22 01:15:56', 'a8313bf1-cd98-46bf-8425-341bebd1ba06'),
 ('84', '84', 'en_us', 'dental-terror-1', NULL, '1', '2016-09-16 01:37:22', '2016-12-22 01:15:56', '8d62ab29-faec-4920-8401-ef6ef4dbc8c1'),
 ('85', '85', 'en_us', 'dental-terror-2', NULL, '1', '2016-09-16 01:37:40', '2016-12-22 01:15:55', '0e701638-d762-4647-9a0c-36446231ccc0'),
 ('86', '86', 'en_us', 'phpmyadmin', NULL, '1', '2016-10-03 16:54:54', '2016-10-03 16:55:33', 'd12a0182-5bd9-49cc-b294-9dbd9f2d8f9f'),
 ('87', '87', 'en_us', 'sass', NULL, '1', '2016-10-03 16:59:49', '2016-10-03 16:59:49', '999a6ca7-bf77-4c82-8b2c-713c339aad77'),
 ('88', '88', 'en_us', 'dakota-solomon', NULL, '1', '2016-10-03 17:24:47', '2016-12-22 01:15:55', '0ba521aa-ee81-4d74-ac17-19eab56d6859'),
 ('89', '89', 'en_us', 'dakota-solomon', 'web-development/dakota-solomon', '1', '2016-10-03 17:25:40', '2016-10-04 02:12:44', '52bd37cc-c051-4d61-b818-cd3af0e35c56'),
 ('90', '90', 'en_us', '', NULL, '1', '2016-10-03 17:25:40', '2016-10-04 02:12:44', '03ed4b0d-a299-4a21-bb13-23b4e9a0e121'),
 ('92', '92', 'en_us', 'brooke-fletcher', 'web-development/brooke-fletcher', '1', '2016-10-04 01:19:11', '2016-10-04 02:13:35', '1ef5ed4f-124c-4bbb-a478-a8696d69bbc9'),
 ('93', '93', 'en_us', 'brooke-fletcher', NULL, '1', '2016-10-04 01:25:01', '2016-12-22 01:15:54', '72111610-6d96-4958-a845-4e7d62ed5fcc'),
 ('94', '94', 'en_us', '', NULL, '1', '2016-10-04 01:25:21', '2016-10-04 02:13:35', 'bc9ca726-c298-4086-92f6-04efc4932153'),
 ('95', '95', 'en_us', 'work', 'blog/work', '1', '2016-11-03 00:25:06', '2016-11-03 00:25:07', 'd3b26b31-7ab7-4796-987e-69c71d4295a4'),
 ('96', '96', 'en_us', 'play', 'blog/play', '1', '2016-11-03 00:25:11', '2016-11-03 00:25:12', '1d54fbff-2aa8-4ed0-85e8-e93431fd6142'),
 ('97', '97', 'en_us', 'mc-curdys', NULL, '1', '2016-11-15 01:49:09', '2016-12-22 01:15:58', 'b03abe71-adcb-4b3e-b91c-8ba461e0a121'),
 ('98', '98', 'en_us', 'mccurdys', 'art/mccurdys', '1', '2016-11-15 01:50:01', '2016-11-16 01:24:11', '711ca8d5-d2c2-4604-89d3-cad276e33bb9'),
 ('99', '99', 'en_us', 'manatee4-color-corrected', NULL, '1', '2016-11-15 01:59:01', '2016-12-22 01:15:58', '93925769-4dd5-4c9d-b3db-4fda46595abc'),
 ('100', '100', 'en_us', 'manatee', 'art/manatee', '1', '2016-11-15 01:59:52', '2016-11-16 02:04:26', '789d6dc4-dd7a-468e-90c8-6e1004fa61db'),
 ('101', '101', 'en_us', 'ariel', NULL, '1', '2016-11-16 00:27:10', '2016-12-22 01:15:55', '2bc843cb-62eb-4c76-9105-23359d590cae'),
 ('102', '102', 'en_us', 'ariel', 'art/ariel', '1', '2016-11-16 00:39:30', '2016-11-16 01:23:20', '33b5fade-bc69-4cb7-9d0f-2ff957d7719c'),
 ('103', '103', 'en_us', 'paintings', 'art/paintings', '1', '2016-11-16 00:59:41', '2016-11-16 00:59:42', '64e19b16-1cee-45b1-a5c9-6918762e7a86'),
 ('104', '104', 'en_us', 'digital-art', 'art/digital-art', '1', '2016-11-16 00:59:58', '2016-11-16 00:59:59', 'dc3e8de3-b4d8-418b-9485-38a0417a0536'),
 ('106', '106', 'en_us', 'drawings', 'art/drawings', '1', '2016-11-16 02:03:09', '2016-11-16 02:03:10', '07728f89-4c06-4814-a345-586b45df0875'),
 ('107', '107', 'en_us', 'cthulhu-was-here', 'art/cthulhu-was-here', '1', '2016-11-16 02:04:14', '2016-11-16 02:09:42', 'cdfcba30-2ef0-4420-a513-2a6d2909b746'),
 ('108', '108', 'en_us', '', NULL, '1', '2016-11-16 02:04:14', '2016-11-16 02:09:42', '5b3c197d-6f01-45e0-88a7-35b9420654bd'),
 ('109', '109', 'en_us', 'cthulhu-was-here', NULL, '1', '2016-11-16 02:05:01', '2016-12-22 01:16:00', '3be0d91c-7b14-4f85-804d-5784dc36a854'),
 ('110', '110', 'en_us', 'how-big-is-a-story-point', 'blog/how-big-is-a-story-point', '1', '2016-12-06 03:00:37', '2017-03-09 02:14:07', 'e64cfaa8-7ecc-40db-9a84-5ab4c9463b8b'),
 ('111', '111', 'en_us', 'fibonacci-spiral-34', NULL, '1', '2016-12-14 00:58:49', '2016-12-22 01:15:57', '24482b87-9762-44e3-92a2-55fb330f1319'),
 ('112', '112', 'en_us', '', NULL, '1', '2016-12-14 00:59:22', '2017-03-09 02:14:07', '57d96ee3-1b09-46a8-9c80-20c3276b9866'),
 ('113', '113', 'en_us', 'fibonacci-spiral-34', NULL, '1', '2016-12-14 01:46:18', '2016-12-22 01:15:56', 'b39bddc6-c7c8-4993-9553-93a6835cf413'),
 ('114', '114', 'en_us', 'new-entry', 'web-development/new-entry', '1', '2017-03-09 02:07:08', '2017-03-09 02:07:08', 'dfc7e052-bc6f-47c2-b8a8-393ded7c5b8c'),
 ('115', '115', 'en_us', 'pmi-agile-certified-practitioner', NULL, '1', '2017-04-06 23:19:49', '2017-04-06 23:19:49', '5668fdcc-fd43-4e7f-bbc4-e4108ca10a47');



DROP TABLE IF EXISTS `craft_emailmessages`;


--
-- Schema for table `craft_emailmessages`
--
CREATE TABLE `craft_emailmessages` (
  `id` int(11) NOT NULL AUTO_INCREMENT,
  `key` char(150) COLLATE utf8_unicode_ci NOT NULL,
  `locale` char(12) COLLATE utf8_unicode_ci NOT NULL,
  `subject` varchar(1000) COLLATE utf8_unicode_ci NOT NULL,
  `body` text COLLATE utf8_unicode_ci NOT NULL,
  `dateCreated` datetime NOT NULL,
  `dateUpdated` datetime NOT NULL,
  `uid` char(36) COLLATE utf8_unicode_ci NOT NULL DEFAULT '0',
  PRIMARY KEY (`id`),
  UNIQUE KEY `craft_emailmessages_key_locale_unq_idx` (`key`,`locale`),
  KEY `craft_emailmessages_locale_fk` (`locale`)
) ENGINE=InnoDB DEFAULT CHARSET=utf8 COLLATE=utf8_unicode_ci;

DROP TABLE IF EXISTS `craft_entries`;


--
-- Schema for table `craft_entries`
--
CREATE TABLE `craft_entries` (
  `id` int(11) NOT NULL,
  `sectionId` int(11) NOT NULL,
  `typeId` int(11) DEFAULT NULL,
  `authorId` int(11) DEFAULT NULL,
  `postDate` datetime DEFAULT NULL,
  `expiryDate` datetime DEFAULT NULL,
  `dateCreated` datetime NOT NULL,
  `dateUpdated` datetime NOT NULL,
  `uid` char(36) COLLATE utf8_unicode_ci NOT NULL DEFAULT '0',
  PRIMARY KEY (`id`),
  KEY `craft_entries_sectionId_idx` (`sectionId`),
  KEY `craft_entries_typeId_idx` (`typeId`),
  KEY `craft_entries_postDate_idx` (`postDate`),
  KEY `craft_entries_expiryDate_idx` (`expiryDate`),
  KEY `craft_entries_authorId_fk` (`authorId`)
) ENGINE=InnoDB DEFAULT CHARSET=utf8 COLLATE=utf8_unicode_ci;

--
-- Data for table `craft_entries`
--

INSERT INTO `craft_entries` (`id`, `sectionId`, `typeId`, `authorId`, `postDate`, `expiryDate`, `dateCreated`, `dateUpdated`, `uid`) VALUES
 ('2', '1', '1', NULL, '2016-01-19 02:46:36', NULL, '2015-12-05 19:12:27', '2016-09-02 00:14:24', '19aefd64-f485-4810-83bf-41b9e4047d64'),
 ('17', '5', '22', '1', '2016-08-09 01:41:00', NULL, '2016-08-09 01:41:51', '2016-11-16 01:24:47', '0d2202cb-a801-4fc5-9ed6-236479333c4f'),
 ('21', '5', '22', '1', '2016-08-18 02:03:00', NULL, '2016-08-18 02:03:40', '2016-11-16 01:24:38', 'a75bbbcf-1761-453a-8596-6739ff2e523d'),
 ('23', '5', '22', '1', '2016-08-18 02:47:00', NULL, '2016-08-18 02:47:07', '2016-11-16 01:24:31', 'd265f3f5-ae7f-46ff-a387-f8bbb9d600e6'),
 ('25', '5', '22', '1', '2016-08-19 02:17:00', NULL, '2016-08-19 02:17:03', '2016-11-16 01:24:24', '754bad4b-85ef-4fbc-aa8a-1e768b65f3c2'),
 ('28', '6', '10', NULL, '2016-08-28 01:59:12', NULL, '2016-08-27 16:38:52', '2016-08-28 01:59:12', '47279de3-7b2d-4c9e-9360-7d464754a8a0'),
 ('29', '7', '11', NULL, '2016-08-28 02:01:23', NULL, '2016-08-28 02:00:15', '2016-08-28 02:01:23', '5dccb6f9-87b1-48fc-a24a-0cf2baec9143'),
 ('30', '4', '4', '1', '2015-06-01 00:35:00', NULL, '2016-08-30 00:35:42', '2017-03-09 01:41:36', 'cdb1f679-45c7-4cdc-aea4-6b940193536d'),
 ('43', '4', '4', '1', '2013-08-01 03:36:00', NULL, '2016-09-01 03:36:37', '2016-10-04 02:13:14', '038a32e3-8c64-4a31-84d4-68c3f6b654eb'),
 ('44', '8', '12', '1', '2016-09-01 22:24:35', NULL, '2016-09-01 22:24:35', '2016-09-01 22:24:35', '9de3de74-afd3-4ea1-88ea-071bc8de39a2'),
 ('45', '8', '12', '1', '2016-09-01 22:25:23', NULL, '2016-09-01 22:25:23', '2016-09-01 22:25:23', '6340f7a3-2f0b-41cd-a7ab-e32eceb8b5db'),
 ('53', '9', '13', '1', '2016-09-02 00:36:46', NULL, '2016-09-02 00:36:46', '2016-09-02 00:36:46', 'd54cf66d-79cb-4975-b409-4f8a749bf28b'),
 ('54', '9', '13', '1', '2016-09-02 00:37:00', NULL, '2016-09-02 00:37:40', '2016-09-07 03:14:10', '24fbecdd-80ad-4620-b984-543fc131c2f1'),
 ('56', '10', '19', '1', '2016-09-05 03:00:00', NULL, '2016-09-05 03:00:56', '2016-09-13 22:09:58', 'ec6c32b8-096e-4339-b075-b41db0a74442'),
 ('57', '10', '16', '1', '2016-09-05 03:01:00', NULL, '2016-09-05 03:01:43', '2016-09-13 22:09:53', '6728a3f1-39d5-457d-a278-a01e37d3aab3'),
 ('58', '10', '19', '1', '2016-09-05 03:02:35', NULL, '2016-09-05 03:02:35', '2016-09-05 03:02:35', '84ac9354-1781-4c23-baa6-27da5d6a6537'),
 ('59', '10', '16', '1', '2016-09-05 03:02:00', NULL, '2016-09-05 03:02:53', '2016-09-13 22:09:43', '8e22d263-56ad-4e87-87f7-e7c7fdb95d4d'),
 ('60', '10', '18', '1', '2016-09-05 03:03:00', NULL, '2016-09-05 03:03:21', '2016-09-13 22:09:34', '149ee159-36b7-479f-ae89-702bd599aa2e'),
 ('61', '10', '18', '1', '2016-09-05 03:04:00', NULL, '2016-09-05 03:04:11', '2016-09-05 03:04:21', 'e8da05bf-276d-483e-a160-46111babb596'),
 ('62', '10', '18', '1', '2016-09-05 03:04:00', NULL, '2016-09-05 03:04:56', '2016-09-13 22:09:28', '4057c99c-3f22-4fe4-9fa1-bc55a8c174ec'),
 ('64', '2', '21', '1', '2016-09-08 01:23:00', NULL, '2016-09-08 01:23:36', '2016-11-03 00:34:43', 'f9868d7d-78c0-45d0-a9a3-b48a6d62faba'),
 ('65', '11', '15', '1', '2016-09-08 01:39:00', NULL, '2016-09-08 01:39:09', '2016-11-08 01:03:58', '0d2eb1a0-38f0-41b7-930b-d3c146c8e358'),
 ('69', '2', '21', '1', '2016-09-11 15:26:00', NULL, '2016-09-11 15:26:37', '2016-11-03 00:34:27', '372ef90d-deb8-4711-8611-550f76e7f11c'),
 ('73', '10', '20', '1', '2016-09-11 18:41:00', NULL, '2016-09-11 18:41:19', '2016-09-14 00:50:07', '1ee5a8f7-b0f1-4421-b365-05fe587b9158'),
 ('74', '10', '17', '1', '2016-09-13 21:21:00', NULL, '2016-09-13 21:21:37', '2016-09-13 22:09:02', '88aee417-ba14-4ae5-b3b0-b07e55b6a6cd'),
 ('75', '10', '20', '1', '2016-09-13 21:46:00', NULL, '2016-09-13 21:46:34', '2016-09-13 22:08:46', '42fe9178-6d8b-4d5b-8f23-c03f3982afce'),
 ('76', '10', '16', '1', '2016-09-13 21:48:00', NULL, '2016-09-13 21:48:16', '2016-10-03 16:58:25', '716bcc75-65f4-4381-9b90-e022aeceea2f'),
 ('77', '10', '20', '1', '2016-09-13 21:49:00', NULL, '2016-09-13 21:49:05', '2016-09-13 22:08:36', 'cceaefcc-f67f-4fdf-892f-1a8b01004d07'),
 ('78', '10', '17', '1', '2016-09-13 22:05:00', NULL, '2016-09-13 22:05:23', '2016-09-13 22:05:59', '2898380d-31dd-4f03-b2c0-523f0afc4baa'),
 ('79', '10', '19', '1', '2016-09-14 00:46:00', NULL, '2016-09-14 00:46:56', '2016-09-14 00:47:41', '4f5a56b1-ad8a-48cc-bb92-81f3092b69a5'),
 ('80', '10', '19', '1', '2016-09-14 00:48:10', NULL, '2016-09-14 00:48:10', '2016-09-14 00:48:10', 'ad3525c1-2d5b-4781-afba-008a2c11be5a'),
 ('81', '10', '19', '1', '2016-09-14 01:42:00', NULL, '2016-09-14 01:42:03', '2016-09-14 01:44:24', 'ade3dcda-bb93-42b5-93b6-be8a017ca701'),
 ('82', '10', '17', '1', '2016-09-14 02:13:37', NULL, '2016-09-14 02:13:37', '2016-09-14 02:13:37', '97d4c3c0-c054-4ef2-b302-c9b93b93c8ef'),
 ('86', '10', '17', '1', '2016-10-03 16:54:00', NULL, '2016-10-03 16:54:54', '2016-10-03 16:55:33', '17614e67-339a-4057-a369-13e93599b6bc'),
 ('87', '10', '16', '1', '2016-10-03 16:59:49', NULL, '2016-10-03 16:59:49', '2016-10-03 16:59:49', '40ed0b94-b776-4c23-ae2b-12d70e79ab66'),
 ('89', '4', '4', '1', '2013-06-01 17:25:00', NULL, '2016-10-03 17:25:40', '2016-10-04 02:12:44', '1e721bdd-ba06-404f-aec2-1189ac391e2c'),
 ('92', '4', '4', '1', '2014-07-01 01:19:00', NULL, '2016-10-04 01:19:11', '2016-10-04 02:13:35', 'd8ca7d54-d4e9-4cd2-afa5-e59e1c85485e'),
 ('98', '5', '22', '1', '2014-11-15 01:50:00', NULL, '2016-11-15 01:50:01', '2016-11-16 01:24:11', '15ce6ebd-bcc4-4d66-a549-95d78a218727'),
 ('100', '5', '22', '1', '2016-11-15 01:59:00', NULL, '2016-11-15 01:59:52', '2016-11-16 02:04:26', '7645369a-ef2f-4d5d-9b03-956113e44ff6'),
 ('102', '5', '22', '1', '2015-12-01 00:00:00', NULL, '2016-11-16 00:39:30', '2016-11-16 01:23:20', 'ba0cc5e1-a24c-4207-8353-e8f135b5d748'),
 ('107', '5', '22', '1', '2016-11-16 02:04:00', NULL, '2016-11-16 02:04:14', '2016-11-16 02:09:42', 'a049f764-f416-4bb6-98fb-d5b9bf7a3e07'),
 ('110', '2', '21', '1', '2016-12-06 03:00:00', NULL, '2016-12-06 03:00:37', '2017-03-09 02:14:07', 'c68c20d9-f1b4-4240-81fa-e82d1f66ff0a'),
 ('114', '4', '4', '1', NULL, NULL, '2017-03-09 02:07:08', '2017-03-09 02:07:08', '98da8755-5679-420e-b021-8fa063c3f2d2'),
 ('115', '8', '12', '1', '2017-04-06 23:19:49', NULL, '2017-04-06 23:19:49', '2017-04-06 23:19:49', '2b52f8bd-0f36-4877-9cfd-3516ff451a72');



DROP TABLE IF EXISTS `craft_entrydrafts`;


--
-- Schema for table `craft_entrydrafts`
--
CREATE TABLE `craft_entrydrafts` (
  `id` int(11) NOT NULL AUTO_INCREMENT,
  `entryId` int(11) NOT NULL,
  `sectionId` int(11) NOT NULL,
  `creatorId` int(11) NOT NULL,
  `locale` char(12) COLLATE utf8_unicode_ci NOT NULL,
  `name` varchar(255) COLLATE utf8_unicode_ci NOT NULL,
  `notes` tinytext COLLATE utf8_unicode_ci,
  `data` mediumtext COLLATE utf8_unicode_ci NOT NULL,
  `dateCreated` datetime NOT NULL,
  `dateUpdated` datetime NOT NULL,
  `uid` char(36) COLLATE utf8_unicode_ci NOT NULL DEFAULT '0',
  PRIMARY KEY (`id`),
  KEY `craft_entrydrafts_entryId_locale_idx` (`entryId`,`locale`),
  KEY `craft_entrydrafts_sectionId_fk` (`sectionId`),
  KEY `craft_entrydrafts_creatorId_fk` (`creatorId`),
  KEY `craft_entrydrafts_locale_fk` (`locale`)
) ENGINE=InnoDB DEFAULT CHARSET=utf8 COLLATE=utf8_unicode_ci;

DROP TABLE IF EXISTS `craft_entrytypes`;


--
-- Schema for table `craft_entrytypes`
--
CREATE TABLE `craft_entrytypes` (
  `id` int(11) NOT NULL AUTO_INCREMENT,
  `sectionId` int(11) NOT NULL,
  `fieldLayoutId` int(11) DEFAULT NULL,
  `name` varchar(255) COLLATE utf8_unicode_ci NOT NULL,
  `handle` varchar(255) COLLATE utf8_unicode_ci NOT NULL,
  `hasTitleField` tinyint(1) unsigned NOT NULL DEFAULT '1',
  `titleLabel` varchar(255) COLLATE utf8_unicode_ci DEFAULT 'Title',
  `titleFormat` varchar(255) COLLATE utf8_unicode_ci DEFAULT NULL,
  `sortOrder` smallint(6) unsigned DEFAULT NULL,
  `dateCreated` datetime NOT NULL,
  `dateUpdated` datetime NOT NULL,
  `uid` char(36) COLLATE utf8_unicode_ci NOT NULL DEFAULT '0',
  PRIMARY KEY (`id`),
  UNIQUE KEY `craft_entrytypes_name_sectionId_unq_idx` (`name`,`sectionId`),
  UNIQUE KEY `craft_entrytypes_handle_sectionId_unq_idx` (`handle`,`sectionId`),
  KEY `craft_entrytypes_sectionId_fk` (`sectionId`),
  KEY `craft_entrytypes_fieldLayoutId_fk` (`fieldLayoutId`)
) ENGINE=InnoDB AUTO_INCREMENT=23 DEFAULT CHARSET=utf8 COLLATE=utf8_unicode_ci;

--
-- Data for table `craft_entrytypes`
--

INSERT INTO `craft_entrytypes` (`id`, `sectionId`, `fieldLayoutId`, `name`, `handle`, `hasTitleField`, `titleLabel`, `titleFormat`, `sortOrder`, `dateCreated`, `dateUpdated`, `uid`) VALUES
 ('1', '1', '139', 'Homepage', 'homepage', '1', 'Title', NULL, NULL, '2015-12-05 19:12:27', '2016-09-08 01:50:30', '9d883062-08a4-415f-ba97-878653aa4682'),
 ('4', '4', '147', 'Web Development', 'webDevelopment', '1', 'Title', NULL, NULL, '2016-08-09 00:21:44', '2016-09-11 18:51:37', '4768799a-7f5b-4d4c-9b3b-88b4a5135553'),
 ('6', '5', '107', 'Digital Art', 'digitalArt', '1', 'Title', NULL, NULL, '2016-08-09 00:29:31', '2016-09-01 02:13:44', '494bfdae-05fb-4c4d-af59-21263855c1b1'),
 ('7', '5', '108', 'Paintings', 'paintings', '1', 'Title', NULL, NULL, '2016-08-09 00:30:57', '2016-09-01 02:13:54', '61832c35-6088-4acd-a968-3f160f5ab8cb'),
 ('8', '2', '159', 'Business', 'business', '1', 'Title', NULL, NULL, '2016-08-21 22:42:32', '2016-11-03 00:21:24', 'de7c18d4-0009-4e4b-b189-581cc7a900d7'),
 ('9', '2', '158', 'Pleasure', 'pleasure', '1', 'Title', NULL, NULL, '2016-08-21 22:48:17', '2016-11-03 00:21:17', '42db7803-236e-4005-9f7a-37dc3366d409'),
 ('10', '6', '90', 'Contact', 'contact', '0', NULL, '{section.name|raw}', '1', '2016-08-27 16:38:52', '2016-08-27 16:38:52', '0b27dcb8-1508-4623-a9f7-1276a235ddf7'),
 ('11', '7', '91', 'Thanks', 'thanks', '0', NULL, '{section.name|raw}', '1', '2016-08-28 02:00:15', '2016-08-28 02:00:15', '3e581981-72e0-46bb-bc72-64ed4a192863'),
 ('12', '8', '110', 'Certifications', 'certifications', '1', 'Title', NULL, '1', '2016-09-01 22:08:47', '2016-09-01 22:21:26', '6c508c23-814b-46c7-a408-c1e3f71657fc'),
 ('13', '9', '117', 'Conferences', 'conferences', '1', 'Title', NULL, '1', '2016-09-01 22:33:30', '2016-09-02 00:35:35', 'a3d144ed-f32e-4979-9691-9fab4ecefe86'),
 ('15', '11', '153', 'Testimonials', 'testimonials', '1', 'Name', NULL, '1', '2016-09-04 18:55:47', '2016-09-22 01:16:24', '1f4b0e7c-d981-45cf-b30f-ddd06c03541d'),
 ('16', '10', '131', 'Languages', 'languages', '1', 'Skill', NULL, '2', '2016-09-05 02:57:26', '2016-09-05 02:58:29', '8aca5034-8094-4a8d-a150-4062918e9b89'),
 ('17', '10', '130', 'Technologies', 'technologies', '1', 'Title', NULL, '3', '2016-09-05 02:58:15', '2016-09-05 02:58:15', '9c6cd768-6002-490d-8500-961a8541fc91'),
 ('18', '10', '132', 'Methodologies', 'methodologies', '1', 'Title', NULL, '4', '2016-09-05 02:59:46', '2016-09-05 02:59:46', '0daaf72e-d05c-407d-a3e7-8a0d6ba2cff3'),
 ('19', '10', '133', 'Frameworks', 'frameworks', '1', 'Title', NULL, '5', '2016-09-05 03:00:13', '2016-09-05 03:00:13', '7eb64af8-f585-49e6-acac-e8f34b92f67a'),
 ('20', '10', '149', 'Content Management Systems', 'contentManagementSystems', '1', 'Title', NULL, '6', '2016-09-13 22:07:28', '2016-09-13 22:07:51', '9dd97f54-1923-4f6a-bb36-b2fecd135e51'),
 ('21', '2', '161', 'Blog', 'blog', '1', 'Title', NULL, '1', '2016-11-03 00:20:47', '2016-11-03 00:33:48', '8868911d-3165-4f32-b0f7-cfa8a9fa58d6'),
 ('22', '5', '165', 'Art', 'art', '1', 'Title', NULL, '1', '2016-11-16 01:02:43', '2016-11-16 01:17:44', 'b83eb12e-d827-4d03-844e-caaa69d1e792');



DROP TABLE IF EXISTS `craft_entryversions`;


--
-- Schema for table `craft_entryversions`
--
CREATE TABLE `craft_entryversions` (
  `id` int(11) NOT NULL AUTO_INCREMENT,
  `entryId` int(11) NOT NULL,
  `sectionId` int(11) NOT NULL,
  `creatorId` int(11) DEFAULT NULL,
  `locale` char(12) COLLATE utf8_unicode_ci NOT NULL,
  `num` smallint(6) unsigned NOT NULL,
  `notes` tinytext COLLATE utf8_unicode_ci,
  `data` mediumtext COLLATE utf8_unicode_ci NOT NULL,
  `dateCreated` datetime NOT NULL,
  `dateUpdated` datetime NOT NULL,
  `uid` char(36) COLLATE utf8_unicode_ci NOT NULL DEFAULT '0',
  PRIMARY KEY (`id`),
  KEY `craft_entryversions_entryId_locale_idx` (`entryId`,`locale`),
  KEY `craft_entryversions_sectionId_fk` (`sectionId`),
  KEY `craft_entryversions_creatorId_fk` (`creatorId`),
  KEY `craft_entryversions_locale_fk` (`locale`)
) ENGINE=InnoDB AUTO_INCREMENT=278 DEFAULT CHARSET=utf8 COLLATE=utf8_unicode_ci;

--
-- Data for table `craft_entryversions`
--

INSERT INTO `craft_entryversions` (`id`, `entryId`, `sectionId`, `creatorId`, `locale`, `num`, `notes`, `data`, `dateCreated`, `dateUpdated`, `uid`) VALUES
 ('1', '2', '1', '1', 'en_us', '1', NULL, '{\"typeId\":\"1\",\"authorId\":null,\"title\":\"Homepage\",\"slug\":\"homepage\",\"postDate\":1449342747,\"expiryDate\":null,\"enabled\":1,\"parentId\":null,\"fields\":[]}', '2015-12-05 19:12:27', '2015-12-05 19:12:27', '186ac019-db08-4ee7-a373-6d86101f0c7f'),
 ('2', '2', '1', '1', 'en_us', '2', NULL, '{\"typeId\":null,\"authorId\":null,\"title\":\"Welcome to Craft.jimchristie.me!\",\"slug\":\"homepage\",\"postDate\":1449342747,\"expiryDate\":null,\"enabled\":\"1\",\"parentId\":null,\"fields\":{\"1\":\"<p>It\\u2019s true, this site doesn\\u2019t have a whole lot of content yet, but don\\u2019t worry. Our web developers have just installed the CMS, and they\\u2019re setting things up for the content editors this very moment. Soon Craft.jimchristie.me will be an oasis of fresh perspectives, sharp analyses, and astute opinions that will keep you coming back again and again.<\\/p>\"}}', '2015-12-05 19:12:27', '2015-12-05 19:12:27', '256f98f7-6404-4f7b-871f-2841c1043bb5'),
 ('15', '2', '1', '1', 'en_us', '3', '', '{\"typeId\":\"1\",\"authorId\":null,\"title\":\"Random Triangles\",\"slug\":\"homepage\",\"postDate\":1453171596,\"expiryDate\":null,\"enabled\":1,\"parentId\":null,\"fields\":[]}', '2016-07-06 23:56:48', '2016-07-06 23:56:48', '1065fb5d-a565-4c7d-b3f0-b0adfee7d97d'),
 ('16', '2', '1', '1', 'en_us', '4', '', '{\"typeId\":\"1\",\"authorId\":null,\"title\":\"Hello\",\"slug\":\"homepage\",\"postDate\":1453171596,\"expiryDate\":null,\"enabled\":1,\"parentId\":null,\"fields\":{\"1\":\"<p>I\'m Jim Christie. I\'m a web devoloper, an agile coach, a cyclist, and sometimes, an artist. As anyone who works on the internet should, I love cats.<\\/p><p>I&nbsp;have over five years of web development experience. I lean strongly toward back end functionality of websites. I can do design, but I don\'t love it and, consequently, I\'m not the best at it.<\\/p><p>I\'ve become a strong supporter of agile methodologies.<\\/p>\",\"2\":\"\",\"3\":\"\"}}', '2016-07-07 00:22:12', '2016-07-07 00:22:12', 'd77a6e52-9220-4969-ac13-e06b130e6ca0'),
 ('17', '17', '5', '1', 'en_us', '1', '', '{\"typeId\":\"7\",\"authorId\":\"1\",\"title\":\"Untitled\",\"slug\":\"untitled\",\"postDate\":1470706910,\"expiryDate\":null,\"enabled\":1,\"parentId\":null,\"fields\":{\"6\":\"<p>This was a project in a painting class in college. The assignment was to create a painting by pouring paint on the canvas. This was the second iteration of this assignment. The first was criticized by the professor as being too layered. My professor didn\'t like that he cold tell the order that the paint was poured onto the canvas, though I&nbsp;disagreed. However, in the interest of getting a good grade, I&nbsp;pushed my painting as far from that criticism as I&nbsp;could. This was the result, which I&nbsp;have been incredibly pleased with.<\\/p>\",\"5\":\"<p>Acrylic on canvas.<\\/p><p>Applied by mixing paint with water and pouring it onto the canvas. I&nbsp;then manipulated the canvas to force the paint to flow in different directions.<\\/p>\",\"4\":\"\"}}', '2016-08-09 01:41:51', '2016-08-09 01:41:51', '01ca564a-27d2-41dc-8879-a091d71dcb0e'),
 ('18', '17', '5', '1', 'en_us', '2', '', '{\"typeId\":\"7\",\"authorId\":\"1\",\"title\":\"Untitled\",\"slug\":\"untitled\",\"postDate\":1470706860,\"expiryDate\":null,\"enabled\":1,\"parentId\":null,\"fields\":{\"6\":\"<p>This was a project in a painting class in college. The assignment was to create a painting by pouring paint on the canvas. This was the second iteration of this assignment. The first was criticized by the professor as being too layered. My professor didn\'t like that he cold tell the order that the paint was poured onto the canvas, though I&nbsp;disagreed. However, in the interest of getting a good grade, I&nbsp;pushed my painting as far from that criticism as I&nbsp;could. This was the result, which I&nbsp;have been incredibly pleased with.<\\/p>\",\"7\":[\"18\"],\"5\":\"<p>Acrylic on canvas.<\\/p>\\r\\n\\r\\n<p>Applied by mixing paint with water and pouring it onto the canvas. I&nbsp;then manipulated the canvas to force the paint to flow in different directions.<\\/p>\",\"4\":\"\"}}', '2016-08-09 01:55:42', '2016-08-09 01:55:42', '87cf34fc-d415-420d-bb23-c261b33de4a3'),
 ('19', '17', '5', '1', 'en_us', '3', '', '{\"typeId\":\"7\",\"authorId\":\"1\",\"title\":\"Untitled\",\"slug\":\"untitled\",\"postDate\":1470706860,\"expiryDate\":null,\"enabled\":1,\"parentId\":null,\"fields\":{\"6\":\"<p>This was a project in a painting class in college. The assignment was to create a painting by pouring paint on the canvas. This was the second iteration of this assignment. The first was criticized by the professor as being too layered. My professor didn\'t like that he cold tell the order that the paint was poured onto the canvas, though I&nbsp;disagreed. However, in the interest of getting a good grade, I&nbsp;pushed my painting as far from that criticism as I&nbsp;could. This was the result, which I&nbsp;have been incredibly pleased with.<\\/p>\",\"7\":[\"19\"],\"5\":\"<p>Acrylic on canvas.<\\/p>\\r\\n\\r\\n<p>Applied by mixing paint with water and pouring it onto the canvas. I&nbsp;then manipulated the canvas to force the paint to flow in different directions.<\\/p>\",\"4\":\"\"}}', '2016-08-09 02:07:55', '2016-08-09 02:07:55', 'b6bb904c-8d58-4af2-9489-a39e6229e9f6'),
 ('20', '21', '5', '1', 'en_us', '1', '', '{\"typeId\":\"6\",\"authorId\":\"1\",\"title\":\"Puella\",\"slug\":\"puella\",\"postDate\":1471485820,\"expiryDate\":null,\"enabled\":1,\"parentId\":null,\"fields\":{\"6\":\"<p>This is one of my cats. She\'s the best. And the worst.<\\/p>\",\"7\":[\"20\"],\"5\":\"<p>Digital. Created with AutoDesk Sketchbook on a Samsung Note Pro.<\\/p>\",\"4\":\"\"}}', '2016-08-18 02:03:40', '2016-08-18 02:03:40', 'd99c5303-5550-45eb-a074-6496140b9ce2'),
 ('21', '23', '5', '1', 'en_us', '1', '', '{\"typeId\":\"6\",\"authorId\":\"1\",\"title\":\"Puer\",\"slug\":\"puer\",\"postDate\":1471488427,\"expiryDate\":null,\"enabled\":1,\"parentId\":null,\"fields\":{\"6\":\"<p>One of my cats.&nbsp;He loves having his armpits scratched.&nbsp;<\\/p>\",\"7\":[\"22\"],\"5\":\"<p>Digital. I&nbsp;experimented quite a bit with this one. I&nbsp;started out using Artflow on a Samsung Note 8.0, but finished it in AutoDesk SketchBook on a Samsung Note Pro.<\\/p>\",\"4\":\"\"}}', '2016-08-18 02:47:07', '2016-08-18 02:47:07', 'fe0d5a61-8ff5-429f-93c5-d57309c1666f'),
 ('22', '25', '5', '1', 'en_us', '1', '', '{\"typeId\":\"6\",\"authorId\":\"1\",\"title\":\"Blue Car\",\"slug\":\"blue-car\",\"postDate\":1471573023,\"expiryDate\":null,\"enabled\":1,\"parentId\":null,\"fields\":{\"6\":\"<p>This was a 3x5 photo of me and my dad. The photo was grainy in addition to being small, making the painting incredibly difficult.&nbsp;It took me almost two years to complete, but I&nbsp;was incredibly pleased with the results.&nbsp;<\\/p>\",\"7\":[\"24\"],\"5\":\"<p>Digital. Primarily done on a Samsung Note Pro with the AutoDesk SketchBook app. However, I&nbsp;tinkered with other programs as well.<\\/p>\",\"4\":\"\"}}', '2016-08-19 02:17:03', '2016-08-19 02:17:03', '1353cfb1-7cc3-463d-82b7-5186b4358e2b'),
 ('23', '25', '5', '1', 'en_us', '2', '', '{\"typeId\":\"6\",\"authorId\":\"1\",\"title\":\"Blue Car\",\"slug\":\"blue-car\",\"postDate\":1471573020,\"expiryDate\":null,\"enabled\":1,\"parentId\":null,\"fields\":{\"6\":\"<p>This was a 3x5 photo of me and my dad. The photo was grainy in addition to being small, making the painting incredibly difficult.&nbsp;It took me almost two years to complete, but I&nbsp;was incredibly pleased with the results.&nbsp;<\\/p>\",\"8\":\"1\",\"9\":\"left center\",\"7\":[\"24\"],\"5\":\"<p>Digital. Primarily done on a Samsung Note Pro with the AutoDesk SketchBook app. However, I&nbsp;tinkered with other programs as well.<\\/p>\",\"4\":\"\"}}', '2016-08-20 15:20:14', '2016-08-20 15:20:14', '0e3f3177-aece-48fb-8c10-598ec3c87e05'),
 ('24', '23', '5', '1', 'en_us', '2', '', '{\"typeId\":\"6\",\"authorId\":\"1\",\"title\":\"Puer\",\"slug\":\"puer\",\"postDate\":1471488420,\"expiryDate\":null,\"enabled\":1,\"parentId\":null,\"fields\":{\"6\":\"<p>One of my cats.&nbsp;He loves having his armpits scratched.&nbsp;<\\/p>\",\"8\":\"1\",\"9\":\"right center\",\"7\":[\"22\"],\"5\":\"<p>Digital. I&nbsp;experimented quite a bit with this one. I&nbsp;started out using Artflow on a Samsung Note 8.0, but finished it in AutoDesk SketchBook on a Samsung Note Pro.<\\/p>\",\"4\":\"\"}}', '2016-08-20 15:21:09', '2016-08-20 15:21:09', '94bf8ad7-0064-404b-acd5-ba001b9e98e7'),
 ('25', '21', '5', '1', 'en_us', '2', '', '{\"typeId\":\"6\",\"authorId\":\"1\",\"title\":\"Puella\",\"slug\":\"puella\",\"postDate\":1471485780,\"expiryDate\":null,\"enabled\":1,\"parentId\":null,\"fields\":{\"6\":\"<p>This is one of my cats. She\'s the best. And the worst.<\\/p>\",\"8\":\"1\",\"9\":\"center center\",\"7\":[\"20\"],\"5\":\"<p>Digital. Created with AutoDesk Sketchbook on a Samsung Note Pro.<\\/p>\",\"4\":\"\"}}', '2016-08-20 15:21:49', '2016-08-20 15:21:49', 'eca1747f-a270-4a72-9988-fe04b5223c3f'),
 ('26', '17', '5', '1', 'en_us', '4', '', '{\"typeId\":\"7\",\"authorId\":\"1\",\"title\":\"Untitled\",\"slug\":\"untitled\",\"postDate\":1470706860,\"expiryDate\":null,\"enabled\":1,\"parentId\":null,\"fields\":{\"6\":\"<p>This was a project in a painting class in college. The assignment was to create a painting by pouring paint on the canvas. This was the second iteration of this assignment. The first was criticized by the professor as being too layered. My professor didn\'t like that he cold tell the order that the paint was poured onto the canvas, though I&nbsp;disagreed. However, in the interest of getting a good grade, I&nbsp;pushed my painting as far from that criticism as I&nbsp;could. This was the result, which I&nbsp;have been incredibly pleased with.<\\/p>\",\"8\":\"\",\"9\":\"center top\",\"7\":[\"19\"],\"5\":\"<p>Acrylic on canvas.<\\/p>\\r\\n\\r\\n<p>Applied by mixing paint with water and pouring it onto the canvas. I&nbsp;then manipulated the canvas to force the paint to flow in different directions.<\\/p>\",\"4\":\"\"}}', '2016-08-20 15:22:03', '2016-08-20 15:22:03', 'e01efeb1-abf8-4510-94b1-18251735801b'),
 ('27', '17', '5', '1', 'en_us', '5', '', '{\"typeId\":\"7\",\"authorId\":\"1\",\"title\":\"Untitled\",\"slug\":\"untitled\",\"postDate\":1470706860,\"expiryDate\":null,\"enabled\":1,\"parentId\":null,\"fields\":{\"6\":\"<p>This was a project in a painting class in college. The assignment was to create a painting by pouring paint on the canvas. This was the second iteration of this assignment. The first was criticized by the professor as being too layered. My professor didn\'t like that he cold tell the order that the paint was poured onto the canvas, though I&nbsp;disagreed. However, in the interest of getting a good grade, I&nbsp;pushed my painting as far from that criticism as I&nbsp;could. This was the result, which I&nbsp;have been incredibly pleased with.<\\/p>\",\"8\":\"1\",\"9\":\"center top\",\"7\":[\"19\"],\"5\":\"<p>Acrylic on canvas.<\\/p>\\r\\n\\r\\n<p>Applied by mixing paint with water and pouring it onto the canvas. I&nbsp;then manipulated the canvas to force the paint to flow in different directions.<\\/p>\",\"4\":\"\"}}', '2016-08-20 15:22:11', '2016-08-20 15:22:11', '120bcd24-02c8-4d4d-8a20-520a47ddfebe'),
 ('28', '21', '5', '1', 'en_us', '3', '', '{\"typeId\":\"6\",\"authorId\":\"1\",\"title\":\"Puella\",\"slug\":\"puella\",\"postDate\":1471485780,\"expiryDate\":null,\"enabled\":1,\"parentId\":null,\"fields\":{\"6\":\"<p>This is one of my cats. She\'s the best. And the worst.<\\/p>\",\"8\":\"1\",\"9\":\"center center\",\"7\":[\"20\"],\"5\":\"<p>Digital. Created with AutoDesk Sketchbook on a Samsung Note Pro.<\\/p>\",\"4\":\"\"}}', '2016-08-20 15:22:22', '2016-08-20 15:22:22', 'bb9ff29f-78dc-47b7-ae0a-e18b23ba85a4'),
 ('29', '23', '5', '1', 'en_us', '3', '', '{\"typeId\":\"6\",\"authorId\":\"1\",\"title\":\"Puer\",\"slug\":\"puer\",\"postDate\":1471488420,\"expiryDate\":null,\"enabled\":1,\"parentId\":null,\"fields\":{\"6\":\"<p>One of my cats.&nbsp;He loves having his armpits scratched.&nbsp;<\\/p>\",\"8\":\"1\",\"9\":\"right center\",\"7\":[\"22\"],\"5\":\"<p>Digital. I&nbsp;experimented quite a bit with this one. I&nbsp;started out using Artflow on a Samsung Note 8.0, but finished it in AutoDesk SketchBook on a Samsung Note Pro.<\\/p>\",\"4\":\"\"}}', '2016-08-20 15:22:32', '2016-08-20 15:22:32', '618a9ff0-f723-475e-b3e4-131ad1a5daa2'),
 ('30', '25', '5', '1', 'en_us', '3', '', '{\"typeId\":\"6\",\"authorId\":\"1\",\"title\":\"Blue Car\",\"slug\":\"blue-car\",\"postDate\":1471573020,\"expiryDate\":null,\"enabled\":1,\"parentId\":null,\"fields\":{\"6\":\"<p>This was a 3x5 photo of me and my dad. The photo was grainy in addition to being small, making the painting incredibly difficult.&nbsp;It took me almost two years to complete, but I&nbsp;was incredibly pleased with the results.&nbsp;<\\/p>\",\"8\":\"1\",\"9\":\"left center\",\"7\":[\"24\"],\"5\":\"<p>Digital. Primarily done on a Samsung Note Pro with the AutoDesk SketchBook app. However, I&nbsp;tinkered with other programs as well.<\\/p>\",\"4\":\"\"}}', '2016-08-20 15:22:41', '2016-08-20 15:22:41', '592fff8d-350e-4a3c-bbab-2d4558b8c701'),
 ('31', '25', '5', '1', 'en_us', '4', '', '{\"typeId\":\"6\",\"authorId\":\"1\",\"title\":\"Blue Car\",\"slug\":\"blue-car\",\"postDate\":1471573020,\"expiryDate\":null,\"enabled\":1,\"parentId\":null,\"fields\":{\"6\":\"<p>This was a 3x5 photo of me and my dad. The photo was grainy in addition to being small, making the painting incredibly difficult.&nbsp;It took me almost two years to complete, but I&nbsp;was incredibly pleased with the results.&nbsp;<\\/p>\",\"8\":\"1\",\"9\":\"30% center\",\"7\":[\"24\"],\"5\":\"<p>Digital. Primarily done on a Samsung Note Pro with the AutoDesk SketchBook app. However, I&nbsp;tinkered with other programs as well.<\\/p>\",\"4\":\"\"}}', '2016-08-20 15:28:48', '2016-08-20 15:28:48', 'cfbc8b5e-760e-46f3-bae3-ad450d2db9c9'),
 ('32', '23', '5', '1', 'en_us', '4', '', '{\"typeId\":\"6\",\"authorId\":\"1\",\"title\":\"Puer\",\"slug\":\"puer\",\"postDate\":1471488420,\"expiryDate\":null,\"enabled\":1,\"parentId\":null,\"fields\":{\"6\":\"<p>One of my cats.&nbsp;He loves having his armpits scratched.&nbsp;<\\/p>\",\"8\":\"1\",\"9\":\"-10% center\",\"7\":[\"22\"],\"5\":\"<p>Digital. I&nbsp;experimented quite a bit with this one. I&nbsp;started out using Artflow on a Samsung Note 8.0, but finished it in AutoDesk SketchBook on a Samsung Note Pro.<\\/p>\",\"4\":\"\"}}', '2016-08-20 15:29:35', '2016-08-20 15:29:35', 'b8f7bd56-c73a-4589-a8dd-1bbb1d73f838'),
 ('33', '23', '5', '1', 'en_us', '5', '', '{\"typeId\":\"6\",\"authorId\":\"1\",\"title\":\"Puer\",\"slug\":\"puer\",\"postDate\":1471488420,\"expiryDate\":null,\"enabled\":1,\"parentId\":null,\"fields\":{\"6\":\"<p>One of my cats.&nbsp;He loves having his armpits scratched.&nbsp;<\\/p>\",\"8\":\"1\",\"9\":\"right center\",\"7\":[\"22\"],\"5\":\"<p>Digital. I&nbsp;experimented quite a bit with this one. I&nbsp;started out using Artflow on a Samsung Note 8.0, but finished it in AutoDesk SketchBook on a Samsung Note Pro.<\\/p>\",\"4\":\"\"}}', '2016-08-20 15:30:10', '2016-08-20 15:30:10', 'f96935b9-c60a-4b62-a76e-06fc3e26b53b'),
 ('34', '23', '5', '1', 'en_us', '6', '', '{\"typeId\":\"6\",\"authorId\":\"1\",\"title\":\"Puer\",\"slug\":\"puer\",\"postDate\":1471488420,\"expiryDate\":null,\"enabled\":1,\"parentId\":null,\"fields\":{\"6\":\"<p>One of my cats.&nbsp;He loves having his armpits scratched.&nbsp;<\\/p>\",\"8\":\"1\",\"9\":\"10% center\",\"7\":[\"22\"],\"5\":\"<p>Digital. I&nbsp;experimented quite a bit with this one. I&nbsp;started out using Artflow on a Samsung Note 8.0, but finished it in AutoDesk SketchBook on a Samsung Note Pro.<\\/p>\",\"4\":\"\"}}', '2016-08-20 15:30:41', '2016-08-20 15:30:41', '6b887af7-9584-4897-b741-64995c14bc08'),
 ('35', '23', '5', '1', 'en_us', '7', '', '{\"typeId\":\"6\",\"authorId\":\"1\",\"title\":\"Puer\",\"slug\":\"puer\",\"postDate\":1471488420,\"expiryDate\":null,\"enabled\":1,\"parentId\":null,\"fields\":{\"6\":\"<p>One of my cats.&nbsp;He loves having his armpits scratched.&nbsp;<\\/p>\",\"8\":\"1\",\"9\":\"-10% center\",\"7\":[\"22\"],\"5\":\"<p>Digital. I&nbsp;experimented quite a bit with this one. I&nbsp;started out using Artflow on a Samsung Note 8.0, but finished it in AutoDesk SketchBook on a Samsung Note Pro.<\\/p>\",\"4\":\"\"}}', '2016-08-20 15:32:11', '2016-08-20 15:32:11', '29ec24a1-e5e5-480b-aae2-32331a9e0fec'),
 ('36', '23', '5', '1', 'en_us', '8', '', '{\"typeId\":\"6\",\"authorId\":\"1\",\"title\":\"Puer\",\"slug\":\"puer\",\"postDate\":1471488420,\"expiryDate\":null,\"enabled\":1,\"parentId\":null,\"fields\":{\"6\":\"<p>One of my cats.&nbsp;He loves having his armpits scratched.&nbsp;<\\/p>\",\"8\":\"1\",\"9\":\"right center\",\"7\":[\"22\"],\"5\":\"<p>Digital. I&nbsp;experimented quite a bit with this one. I&nbsp;started out using Artflow on a Samsung Note 8.0, but finished it in AutoDesk SketchBook on a Samsung Note Pro.<\\/p>\",\"4\":\"\"}}', '2016-08-20 15:32:48', '2016-08-20 15:32:48', '97119956-b3f1-4a6e-bc22-8afc58684610'),
 ('37', '23', '5', '1', 'en_us', '9', '', '{\"typeId\":\"6\",\"authorId\":\"1\",\"title\":\"Puer\",\"slug\":\"puer\",\"postDate\":1471488420,\"expiryDate\":null,\"enabled\":1,\"parentId\":null,\"fields\":{\"6\":\"<p>One of my cats.&nbsp;He loves having his armpits scratched.&nbsp;<\\/p>\",\"8\":\"1\",\"9\":\"-20px center\",\"7\":[\"22\"],\"5\":\"<p>Digital. I&nbsp;experimented quite a bit with this one. I&nbsp;started out using Artflow on a Samsung Note 8.0, but finished it in AutoDesk SketchBook on a Samsung Note Pro.<\\/p>\",\"4\":\"\"}}', '2016-08-20 15:34:48', '2016-08-20 15:34:48', '5349b76f-10fe-451d-9b34-af23d9db5b1d'),
 ('38', '23', '5', '1', 'en_us', '10', '', '{\"typeId\":\"6\",\"authorId\":\"1\",\"title\":\"Puer\",\"slug\":\"puer\",\"postDate\":1471488420,\"expiryDate\":null,\"enabled\":1,\"parentId\":null,\"fields\":{\"6\":\"<p>One of my cats.&nbsp;He loves having his armpits scratched.&nbsp;<\\/p>\",\"8\":\"1\",\"9\":\"right center\",\"7\":[\"22\"],\"5\":\"<p>Digital. I&nbsp;experimented quite a bit with this one. I&nbsp;started out using Artflow on a Samsung Note 8.0, but finished it in AutoDesk SketchBook on a Samsung Note Pro.<\\/p>\",\"4\":\"\"}}', '2016-08-20 15:37:33', '2016-08-20 15:37:33', '351a97ee-eebd-427e-bc68-d3890c5808d6'),
 ('39', '25', '5', '1', 'en_us', '5', '', '{\"typeId\":\"6\",\"authorId\":\"1\",\"title\":\"Blue Car\",\"slug\":\"blue-car\",\"postDate\":1471573020,\"expiryDate\":null,\"enabled\":1,\"parentId\":null,\"fields\":{\"6\":\"<p>This was a 3x5 photo of me and my dad. The photo was grainy in addition to being small, making the painting incredibly difficult.&nbsp;It took me almost two years to complete, but I&nbsp;was incredibly pleased with the results.&nbsp;<\\/p>\",\"8\":\"\",\"9\":\"30% center\",\"7\":[\"24\"],\"5\":\"<p>Digital. Primarily done on a Samsung Note Pro with the AutoDesk SketchBook app. However, I&nbsp;tinkered with other programs as well.<\\/p>\",\"4\":\"\"}}', '2016-08-21 22:10:51', '2016-08-21 22:10:51', 'f80cdea4-ab6b-4413-897d-92f10b245a1b'),
 ('40', '25', '5', '1', 'en_us', '6', '', '{\"typeId\":\"6\",\"authorId\":\"1\",\"title\":\"Blue Car\",\"slug\":\"blue-car\",\"postDate\":1471573020,\"expiryDate\":null,\"enabled\":1,\"parentId\":null,\"fields\":{\"6\":\"<p>This was a 3x5 photo of me and my dad. The photo was grainy in addition to being small, making the painting incredibly difficult.&nbsp;It took me almost two years to complete, but I&nbsp;was incredibly pleased with the results.&nbsp;<\\/p>\",\"8\":\"1\",\"9\":\"30% center\",\"7\":[\"24\"],\"5\":\"<p>Digital. Primarily done on a Samsung Note Pro with the AutoDesk SketchBook app. However, I&nbsp;tinkered with other programs as well.<\\/p>\",\"4\":\"\"}}', '2016-08-21 22:11:07', '2016-08-21 22:11:07', 'f195ea1a-4861-4f9d-8595-b782e6b260d7'),
 ('41', '25', '5', '1', 'en_us', '7', '', '{\"typeId\":\"6\",\"authorId\":\"1\",\"title\":\"Blue Car\",\"slug\":\"blue-car\",\"postDate\":1471573020,\"expiryDate\":null,\"enabled\":1,\"parentId\":null,\"fields\":{\"6\":\"<p>This was a 3x5 photo of me and my dad. The photo was grainy in addition to being small, making the painting incredibly difficult.&nbsp;It took me almost two years to complete, but I&nbsp;was incredibly pleased with the results.&nbsp;<\\/p>\",\"8\":\"\",\"9\":\"30% center\",\"7\":[\"24\"],\"5\":\"<p>Digital. Primarily done on a Samsung Note Pro with the AutoDesk SketchBook app. However, I&nbsp;tinkered with other programs as well.<\\/p>\",\"4\":\"\"}}', '2016-08-21 22:12:29', '2016-08-21 22:12:29', '33d29c56-0d52-460c-94fe-c947f59d3a5a'),
 ('42', '25', '5', '1', 'en_us', '8', '', '{\"typeId\":\"6\",\"authorId\":\"1\",\"title\":\"Blue Car\",\"slug\":\"blue-car\",\"postDate\":1471573020,\"expiryDate\":null,\"enabled\":1,\"parentId\":null,\"fields\":{\"6\":\"<p>This was a 3x5 photo of me and my dad. The photo was grainy in addition to being small, making the painting incredibly difficult.&nbsp;It took me almost two years to complete, but I&nbsp;was incredibly pleased with the results.&nbsp;<\\/p>\",\"8\":\"\",\"9\":\"30% center\",\"7\":[\"24\"],\"5\":\"<p>Digital. Primarily done on a Samsung Note Pro with the AutoDesk SketchBook app. However, I&nbsp;tinkered with other programs as well.<\\/p>\",\"4\":\"\"}}', '2016-08-21 22:12:46', '2016-08-21 22:12:46', 'ae0bb8c3-782a-4594-8bac-962c1fdb9e01'),
 ('43', '25', '5', '1', 'en_us', '9', '', '{\"typeId\":\"6\",\"authorId\":\"1\",\"title\":\"Blue Car\",\"slug\":\"blue-car\",\"postDate\":1471573020,\"expiryDate\":null,\"enabled\":1,\"parentId\":null,\"fields\":{\"6\":\"<p>This was a 3x5 photo of me and my dad. The photo was grainy in addition to being small, making the painting incredibly difficult.&nbsp;It took me almost two years to complete, but I&nbsp;was incredibly pleased with the results.&nbsp;<\\/p>\",\"8\":\"1\",\"9\":\"30% center\",\"7\":[\"24\"],\"5\":\"<p>Digital. Primarily done on a Samsung Note Pro with the AutoDesk SketchBook app. However, I&nbsp;tinkered with other programs as well.<\\/p>\",\"4\":\"\"}}', '2016-08-21 22:20:13', '2016-08-21 22:20:13', '3bff18ad-2bb1-4db5-96cc-1b566ef0910e'),
 ('55', '28', '6', '1', 'en_us', '1', NULL, '{\"typeId\":\"10\",\"authorId\":null,\"title\":\"Contact\",\"slug\":\"contact\",\"postDate\":1472315932,\"expiryDate\":null,\"enabled\":1,\"parentId\":null,\"fields\":[]}', '2016-08-27 16:38:52', '2016-08-27 16:38:52', '39da856f-a9c5-449f-a22e-c0963cdfe32f'),
 ('56', '29', '7', '1', 'en_us', '1', NULL, '{\"typeId\":\"11\",\"authorId\":null,\"title\":\"Thanks\",\"slug\":\"thanks\",\"postDate\":1472349615,\"expiryDate\":null,\"enabled\":1,\"parentId\":null,\"fields\":[]}', '2016-08-28 02:00:15', '2016-08-28 02:00:15', '49623b64-c721-4243-8574-bdec02527456'),
 ('59', '25', '5', '1', 'en_us', '10', '', '{\"typeId\":\"6\",\"authorId\":\"1\",\"title\":\"Blue Car\",\"slug\":\"blue-car\",\"postDate\":1471573020,\"expiryDate\":null,\"enabled\":1,\"parentId\":null,\"fields\":{\"9\":\"\",\"6\":\"<p>This was a 3x5 photo of me and my dad. The photo was grainy in addition to being small, making the painting incredibly difficult.&nbsp;It took me almost two years to complete, but I&nbsp;was incredibly pleased with the results.&nbsp;<\\/p>\",\"15\":\"1\",\"8\":\"\",\"14\":\"30% center\",\"7\":[\"24\"],\"5\":\"<p>Digital. Primarily done on a Samsung Note Pro with the AutoDesk SketchBook app. However, I&nbsp;tinkered with other programs as well.<\\/p>\",\"4\":\"\"}}', '2016-08-30 00:14:50', '2016-08-30 00:14:50', '8a42297d-58ae-4d83-b378-4b9fedd1d1c4'),
 ('60', '23', '5', '1', 'en_us', '11', '', '{\"typeId\":\"6\",\"authorId\":\"1\",\"title\":\"Puer\",\"slug\":\"puer\",\"postDate\":1471488420,\"expiryDate\":null,\"enabled\":1,\"parentId\":null,\"fields\":{\"9\":\"\",\"6\":\"<p>One of my cats.&nbsp;He loves having his armpits scratched.&nbsp;<\\/p>\",\"15\":\"1\",\"8\":\"\",\"14\":\"right center\",\"7\":[\"22\"],\"5\":\"<p>Digital. I&nbsp;experimented quite a bit with this one. I&nbsp;started out using Artflow on a Samsung Note 8.0, but finished it in AutoDesk SketchBook on a Samsung Note Pro.<\\/p>\",\"4\":\"\"}}', '2016-08-30 00:15:06', '2016-08-30 00:15:06', 'e18e39bc-9b4d-4b58-8030-10c22197f4e7'),
 ('61', '21', '5', '1', 'en_us', '4', '', '{\"typeId\":\"6\",\"authorId\":\"1\",\"title\":\"Puella\",\"slug\":\"puella\",\"postDate\":1471485780,\"expiryDate\":null,\"enabled\":1,\"parentId\":null,\"fields\":{\"9\":\"\",\"6\":\"<p>This is one of my cats. She\'s the best. And the worst.<\\/p>\",\"15\":\"1\",\"8\":\"\",\"14\":\"center center\",\"7\":[\"20\"],\"5\":\"<p>Digital. Created with AutoDesk Sketchbook on a Samsung Note Pro.<\\/p>\",\"4\":\"\"}}', '2016-08-30 00:15:21', '2016-08-30 00:15:21', 'e7739eb4-3385-4654-a344-8880124d533b'),
 ('62', '17', '5', '1', 'en_us', '6', '', '{\"typeId\":\"7\",\"authorId\":\"1\",\"title\":\"Untitled\",\"slug\":\"untitled\",\"postDate\":1470706860,\"expiryDate\":null,\"enabled\":1,\"parentId\":null,\"fields\":{\"9\":\"\",\"6\":\"<p>This was a project in a painting class in college. The assignment was to create a painting by pouring paint on the canvas. This was the second iteration of this assignment. The first was criticized by the professor as being too layered. My professor didn\'t like that he cold tell the order that the paint was poured onto the canvas, though I&nbsp;disagreed. However, in the interest of getting a good grade, I&nbsp;pushed my painting as far from that criticism as I&nbsp;could. This was the result, which I&nbsp;have been incredibly pleased with.<\\/p>\",\"15\":\"1\",\"8\":\"\",\"14\":\"center top\",\"7\":[\"19\"],\"5\":\"<p>Acrylic on canvas.<\\/p>\\r\\n\\r\\n<p>Applied by mixing paint with water and pouring it onto the canvas. I&nbsp;then manipulated the canvas to force the paint to flow in different directions.<\\/p>\",\"4\":\"\"}}', '2016-08-30 00:15:39', '2016-08-30 00:15:39', '0b2fbf34-35b7-4a97-b795-b5f52721cadf'),
 ('63', '30', '4', '1', 'en_us', '1', '', '{\"typeId\":null,\"authorId\":\"1\",\"title\":\"Say Insurance\",\"slug\":\"say-insurance\",\"postDate\":1472517342,\"expiryDate\":null,\"enabled\":1,\"parentId\":null,\"fields\":{\"1\":\"\",\"12\":\"\",\"14\":\"\",\"11\":\"\",\"16\":\"\",\"4\":\"\"}}', '2016-08-30 00:35:42', '2016-08-30 00:35:42', '1a236305-74d2-4fdd-a2bb-206f8da43ca6'),
 ('64', '30', '4', '1', 'en_us', '2', '', '{\"typeId\":\"4\",\"authorId\":\"1\",\"title\":\"Say Insurance\",\"slug\":\"say-insurance\",\"postDate\":1472517300,\"expiryDate\":null,\"enabled\":1,\"parentId\":null,\"fields\":{\"1\":\"<p>This project was an initiative to launch a new, web-based subsidiary of a larger insurance company.<br><\\/p><p><br><\\/p><p>Blah, blah, blah.<\\/p>\",\"20\":{\"date\":\"\"},\"15\":\"1\",\"12\":[\"39\"],\"14\":\"\",\"11\":\"<p>This project was an initiative to launch a new, web-based subsidiary of a larger insurance company.<\\/p>\",\"7\":\"\",\"16\":[\"31\",\"32\",\"33\",\"34\",\"35\",\"36\",\"37\",\"38\"],\"19\":{\"date\":\"6\\/15\\/2015\"},\"17\":\"www.sayinsurance.com\",\"18\":\"https\"}}', '2016-08-30 01:37:31', '2016-08-30 01:37:31', '346c5b3e-633a-437f-8895-b332425810b5'),
 ('65', '30', '4', '1', 'en_us', '3', '', '{\"typeId\":\"4\",\"authorId\":\"1\",\"title\":\"Say Insurance\",\"slug\":\"say-insurance\",\"postDate\":1472517300,\"expiryDate\":null,\"enabled\":1,\"parentId\":null,\"fields\":{\"1\":\"<p>This project was an initiative to launch a new, web-based subsidiary of a larger insurance company.<br><\\/p>\\r\\n\\r\\n<p><br><\\/p>\\r\\n\\r\\n<p>Blah, blah, blah.<\\/p>\",\"20\":{\"date\":\"\"},\"15\":\"1\",\"12\":[\"39\"],\"14\":\"\",\"11\":\"<p>This project was an initiative to launch a new, web-based subsidiary of a larger insurance company.<\\/p>\",\"7\":\"\",\"16\":[\"31\",\"32\",\"33\",\"34\",\"35\",\"36\",\"37\",\"38\"],\"19\":{\"date\":\"6\\/15\\/2015\"},\"17\":\"www.sayinsurance.com\",\"18\":\"https\"}}', '2016-08-30 01:38:35', '2016-08-30 01:38:35', 'f43b36d8-4fc8-44e0-a902-3a6f1681c3af'),
 ('66', '30', '4', '1', 'en_us', '4', '', '{\"typeId\":\"4\",\"authorId\":\"1\",\"title\":\"Say Insurance\",\"slug\":\"say-insurance\",\"postDate\":1472517300,\"expiryDate\":null,\"enabled\":1,\"parentId\":null,\"fields\":{\"1\":\"<p>This project was an initiative to launch a new, web-based subsidiary of a larger insurance company.<br><\\/p>\\r\\n\\r\\n<p><br><\\/p>\\r\\n\\r\\n\\r\\n\\r\\n<p>Blah, blah, blah.<\\/p>\",\"20\":{\"date\":\"\"},\"15\":\"1\",\"12\":[\"39\"],\"14\":\"\",\"11\":\"<p>This project was an initiative to launch a new, web-based subsidiary of a larger insurance company.<\\/p>\",\"7\":\"\",\"21\":\"<p>This project was an initiative to launch a new, web-based subsidiary of a larger insurance company.<\\/p>\",\"16\":[\"31\",\"32\",\"33\",\"34\",\"35\",\"36\",\"37\",\"38\"],\"19\":{\"date\":\"6\\/15\\/2015\"},\"17\":\"www.sayinsurance.com\",\"18\":\"https\"}}', '2016-08-31 00:39:37', '2016-08-31 00:39:37', 'dfddcbe6-d5e3-4973-9a2f-acd8645c49ae'),
 ('67', '30', '4', '1', 'en_us', '5', '', '{\"typeId\":\"4\",\"authorId\":\"1\",\"title\":\"Say Insurance\",\"slug\":\"say-insurance\",\"postDate\":1472517300,\"expiryDate\":null,\"enabled\":1,\"parentId\":null,\"fields\":{\"1\":\"<p>This project was an initiative to launch a new, web-based subsidiary of a larger insurance company.<br><\\/p>\\r\\n\\r\\n<p><br><\\/p>\\r\\n\\r\\n\\r\\n\\r\\n\\r\\n\\r\\n<p>Blah, blah, blah.<\\/p>\",\"20\":{\"date\":\"\"},\"15\":\"1\",\"12\":[\"39\"],\"14\":\"\",\"11\":\"<p>This project was an initiative to launch a new, web-based subsidiary of a larger insurance company.<\\/p>\",\"7\":\"\",\"21\":\"<p>This project was an initiative to launch a new, web-based subsidiary of a larger insurance company.<\\/p>\",\"16\":[\"31\",\"32\",\"33\",\"34\",\"35\",\"36\",\"37\",\"38\"],\"19\":{\"date\":\"6\\/15\\/2015\"},\"17\":\"www.sayinsurance.com\",\"18\":\"https\"}}', '2016-08-31 00:40:51', '2016-08-31 00:40:51', '0ebcf9e2-7da7-4cfc-a24b-d8432ac69480'),
 ('68', '30', '4', '1', 'en_us', '6', '', '{\"typeId\":\"4\",\"authorId\":\"1\",\"title\":\"Say Insurance\",\"slug\":\"say-insurance\",\"postDate\":1472517300,\"expiryDate\":null,\"enabled\":1,\"parentId\":null,\"fields\":{\"1\":\"<p>This project was an initiative to launch a new, web-based subsidiary of a larger insurance company.<br><\\/p>\\r\\n\\r\\n<p><br><\\/p>\\r\\n\\r\\n\\r\\n\\r\\n\\r\\n\\r\\n\\r\\n\\r\\n<p>Blah, blah, blah.<\\/p>\",\"20\":{\"date\":\"\"},\"15\":\"1\",\"12\":[\"39\"],\"14\":\"\",\"11\":\"<p>This project was an initiative to launch a new, web-based subsidiary of a larger insurance company.<\\/p>\",\"7\":\"\",\"21\":\"<p>This project was an initiative to launch a new, web-based subsidiary of a larger insurance company.<\\/p>\",\"16\":[\"31\",\"32\",\"33\",\"34\",\"35\",\"36\",\"37\",\"38\"],\"19\":{\"date\":\"6\\/15\\/2015\"},\"17\":\"www.sayinsurance.com\",\"18\":\"https:\\/\\/\"}}', '2016-08-31 03:06:00', '2016-08-31 03:06:00', '374391a4-5e53-4ace-a578-0af1dabc3993'),
 ('69', '30', '4', '1', 'en_us', '7', '', '{\"typeId\":\"4\",\"authorId\":\"1\",\"title\":\"Say Insurance\",\"slug\":\"say-insurance\",\"postDate\":1472517300,\"expiryDate\":null,\"enabled\":1,\"parentId\":null,\"fields\":{\"1\":\"<p>This project was an initiative to launch a new, web-based subsidiary of a larger insurance company.<\\/p><ul><li>Called APIs<\\/li><li>Did other stuff<\\/li><\\/ul><p>Some other shit I&nbsp;did<\\/p><ol><li>My main priority<\\/li><li>Another, slightly lesser, priority<\\/li><\\/ol>\",\"20\":{\"date\":\"\"},\"15\":\"1\",\"12\":[\"39\"],\"14\":\"\",\"11\":\"<p>This project was an initiative to launch a new, web-based subsidiary of a larger insurance company.<\\/p>\",\"7\":\"\",\"21\":\"<p>This project was an initiative to launch a new, web-based subsidiary of a larger insurance company.<\\/p>\",\"16\":[\"31\",\"32\",\"33\",\"34\",\"35\",\"36\",\"37\",\"38\"],\"19\":{\"date\":\"6\\/15\\/2015\"},\"17\":\"www.sayinsurance.com\",\"18\":\"https:\\/\\/\"}}', '2016-09-01 01:10:40', '2016-09-01 01:10:40', 'ca348780-b2b2-43c5-934f-6bea767cd176'),
 ('70', '30', '4', '1', 'en_us', '8', '', '{\"typeId\":\"4\",\"authorId\":\"1\",\"title\":\"Say Insurance\",\"slug\":\"say-insurance\",\"postDate\":1472517300,\"expiryDate\":null,\"enabled\":1,\"parentId\":null,\"fields\":{\"1\":\"<p>This project was an initiative to launch a new, web-based subsidiary of a larger insurance company.<\\/p>\\r\\n\\r\\n<p>The company used this initiative to experiment with new technologies and&nbsp;workflow methodologies. Among these new technologies and methodologies are:<\\/p>\\r\\n\\r\\n\\r\\n\\r\\n<p>New to me:<\\/p><ul><li>PHPUnit<\\/li><li>Jasmine unit testing framework<\\/li><\\/ul>\\r\\n\\r\\n\\r\\n\\r\\n<p>New to the company:<\\/p>\\r\\n\\r\\n\\r\\n\\r\\n<ul><li>PHP<\\/li><\\/ul>\\r\\n\\r\\n\\r\\n\\r\\n<p>New to everyone involved:<\\/p>\\r\\n\\r\\n\\r\\n\\r\\n<ul><li>Agile, specifically&nbsp;Scrum<\\/li><li>Craft CMS<\\/li><li>Amazon Web Services<\\/li><li>Angular<\\/li><\\/ul>\",\"20\":{\"date\":\"\"},\"15\":\"1\",\"12\":[\"39\"],\"14\":\"\",\"11\":\"<p>This project was an initiative to launch a new, web-based subsidiary of a larger insurance company.<\\/p>\",\"7\":\"\",\"21\":\"<p>This project was an initiative to launch a new, web-based subsidiary of a larger insurance company.<\\/p>\",\"16\":[\"31\",\"32\",\"33\",\"34\",\"35\",\"36\",\"37\",\"38\"],\"19\":{\"date\":\"6\\/15\\/2015\"},\"17\":\"www.sayinsurance.com\",\"18\":\"https:\\/\\/\"}}', '2016-09-01 01:19:39', '2016-09-01 01:19:39', '69eb47ca-7707-4d33-b7e3-09bd4ec00e12'),
 ('71', '30', '4', '1', 'en_us', '9', '', '{\"typeId\":\"4\",\"authorId\":\"1\",\"title\":\"Say Insurance\",\"slug\":\"say-insurance\",\"postDate\":1472517300,\"expiryDate\":null,\"enabled\":1,\"parentId\":null,\"fields\":{\"1\":\"<p>This project was an initiative to launch a new, web-based subsidiary of a larger insurance company.<\\/p>\\r\\n\\r\\n<p>The company used this initiative to experiment with new technologies and&nbsp;workflow methodologies. Among these new technologies and methodologies are:<\\/p>\\r\\n\\r\\n\\r\\n\\r\\n\\r\\n\\r\\n<p>New to me:<\\/p>\\r\\n\\r\\n<ul><li>PHPUnit<\\/li><li>Jasmine unit testing framework<\\/li><\\/ul>\\r\\n\\r\\n<p>New to the company:<\\/p>\\r\\n\\r\\n\\r\\n\\r\\n\\r\\n\\r\\n<ul><li>PHP<\\/li><\\/ul>\\r\\n\\r\\n<p>New to everyone involved:<\\/p>\\r\\n\\r\\n\\r\\n\\r\\n\\r\\n\\r\\n<ul><li>Agile, specifically&nbsp;Scrum<\\/li><li>Craft CMS<\\/li><li>Amazon Web Services<\\/li><li>Angular<\\/li><\\/ul><p>As a result of these experiments, I&nbsp;have grown as a developer and a coworker in leaps and bounds.&nbsp;<\\/p>\",\"20\":{\"date\":\"\"},\"15\":\"1\",\"12\":[\"39\"],\"14\":\"\",\"11\":\"<p>This project was an initiative to launch a new, web-based subsidiary of a larger insurance company.<\\/p>\",\"7\":\"\",\"21\":\"<p>This project was an initiative to launch a new, web-based subsidiary of a larger insurance company.<\\/p>\",\"16\":[\"31\",\"32\",\"33\",\"34\",\"35\",\"36\",\"37\",\"38\"],\"19\":{\"date\":\"6\\/15\\/2015\"},\"17\":\"www.sayinsurance.com\",\"18\":\"https:\\/\\/\"}}', '2016-09-01 01:21:53', '2016-09-01 01:21:53', '908c86ec-76c1-4fa4-9dff-68681f18f8a7'),
 ('72', '30', '4', '1', 'en_us', '10', '', '{\"typeId\":\"4\",\"authorId\":\"1\",\"title\":\"Say Insurance\",\"slug\":\"say-insurance\",\"postDate\":1472517300,\"expiryDate\":null,\"enabled\":1,\"parentId\":null,\"fields\":{\"1\":\"<p>This project was an initiative to launch a new, web-based subsidiary of a larger insurance company.<\\/p>\\r\\n\\r\\n<p>The company used this initiative to experiment with new technologies and&nbsp;workflow methodologies. Among these new technologies and methodologies are:<\\/p>\\r\\n\\r\\n\\r\\n\\r\\n\\r\\n\\r\\n<p>New to me:<\\/p>\\r\\n\\r\\n\\r\\n\\r\\n\\r\\n\\r\\n<ul><li>PHPUnit<\\/li><li>Jasmine unit testing framework<\\/li><\\/ul>\\r\\n\\r\\n\\r\\n\\r\\n\\r\\n\\r\\n<p>New to the company:<\\/p>\\r\\n\\r\\n\\r\\n\\r\\n\\r\\n\\r\\n<ul><li>PHP<\\/li><\\/ul>\\r\\n\\r\\n\\r\\n\\r\\n\\r\\n\\r\\n<p>New to everyone involved:<\\/p>\\r\\n\\r\\n\\r\\n\\r\\n\\r\\n\\r\\n<ul><li>Agile, specifically&nbsp;Scrum<\\/li><li>Craft CMS<\\/li><li>Amazon Web Services<\\/li><li>Angular<\\/li><\\/ul>\\r\\n\\r\\n\\r\\n\\r\\n\\r\\n\\r\\n<p>As a result of these experiments, I&nbsp;have grown as a developer and a coworker in leaps and bounds. Most notably, I&nbsp;discovered agile methodologies. Upon discovering Scrum, I quickly began to read everything I could find on agile and Scrum. I went to <a href=\\\"https:\\/\\/adcwest.techwell.com\\/\\\" target=\\\"_blank\\\">Agile Dev West<\\/a> and&nbsp;<a href=\\\"http:\\/\\/agilegravyinc.com\\/\\\" target=\\\"_blank\\\">Agile Gravy<\\/a>,&nbsp;became&nbsp;a <a href=\\\"https:\\/\\/www.scrumalliance.org\\/certifications\\/practitioners\\/cspo-certification\\\" target=\\\"_blank\\\">Certified Scrum Product Owner<\\/a> and <a href=\\\"https:\\/\\/www.scrumalliance.org\\/certifications\\/practitioners\\/certified-scrummaster-csm\\\" target=\\\"_blank\\\">Certified ScrumMaster<sup>\\u00ae<\\/sup><\\/a> through&nbsp;<a href=\\\"https:\\/\\/www.scrumalliance.org\\/\\\" target=\\\"_blank\\\">Scrum Alliance<\\/a>, and joined a local agile users\' group.<\\/p>\",\"20\":{\"date\":\"\"},\"15\":\"1\",\"12\":[\"39\"],\"14\":\"\",\"11\":\"<p>This project was an initiative to launch a new, web-based subsidiary of a larger insurance company.<\\/p>\",\"7\":\"\",\"21\":\"<p>This project was an initiative to launch a new, web-based subsidiary of a larger insurance company.<\\/p>\",\"16\":[\"31\",\"32\",\"33\",\"34\",\"35\",\"36\",\"37\",\"38\"],\"19\":{\"date\":\"6\\/15\\/2015\"},\"17\":\"www.sayinsurance.com\",\"18\":\"https:\\/\\/\"}}', '2016-09-01 01:47:19', '2016-09-01 01:47:19', 'ad2ae66f-444b-4f95-9230-7178f4d00263'),
 ('73', '30', '4', '1', 'en_us', '11', '', '{\"typeId\":\"4\",\"authorId\":\"1\",\"title\":\"Say Insurance\",\"slug\":\"say-insurance\",\"postDate\":1472517300,\"expiryDate\":null,\"enabled\":1,\"parentId\":null,\"fields\":{\"1\":\"<p>This project was an initiative to launch a new, web-based subsidiary of a larger insurance company.<\\/p>\\r\\n\\r\\n<p>The company used this initiative to experiment with new technologies and&nbsp;workflow methodologies. Among these new technologies and methodologies are:<\\/p>\\r\\n\\r\\n\\r\\n\\r\\n\\r\\n\\r\\n\\r\\n\\r\\n<p>New to me:<\\/p>\\r\\n\\r\\n\\r\\n\\r\\n\\r\\n\\r\\n\\r\\n\\r\\n<ul><li>PHPUnit<\\/li><li>Jasmine unit testing framework<\\/li><\\/ul>\\r\\n\\r\\n<p>New to the company:<\\/p>\\r\\n\\r\\n\\r\\n\\r\\n\\r\\n\\r\\n\\r\\n\\r\\n<ul><li>Linux<\\/li><li>MySQL<\\/li><li>PHP<\\/li><\\/ul>\\r\\n\\r\\n<p>New to everyone involved:<\\/p>\\r\\n\\r\\n\\r\\n\\r\\n\\r\\n\\r\\n\\r\\n\\r\\n<ul><li>Agile, specifically&nbsp;Scrum<\\/li><li>Craft CMS<\\/li><li>Amazon Web Services<\\/li><li>Angular<\\/li><\\/ul>\\r\\n\\r\\n<p>As a result of these experiments, I&nbsp;have grown as a developer and a coworker in leaps and bounds. Most notably, I&nbsp;discovered agile methodologies. Upon discovering Scrum, I quickly began to read everything I could find on agile and Scrum. I went to <a href=\\\"https:\\/\\/adcwest.techwell.com\\/\\\" target=\\\"_blank\\\">Agile Dev West<\\/a> and&nbsp;<a href=\\\"http:\\/\\/agilegravyinc.com\\/\\\" target=\\\"_blank\\\">Agile Gravy<\\/a>,&nbsp;became&nbsp;a <a href=\\\"https:\\/\\/www.scrumalliance.org\\/certifications\\/practitioners\\/cspo-certification\\\" target=\\\"_blank\\\">Certified Scrum Product Owner<\\/a> and <a href=\\\"https:\\/\\/www.scrumalliance.org\\/certifications\\/practitioners\\/certified-scrummaster-csm\\\" target=\\\"_blank\\\">Certified ScrumMaster<sup>\\u00ae<\\/sup><\\/a> through&nbsp;<a href=\\\"https:\\/\\/www.scrumalliance.org\\/\\\" target=\\\"_blank\\\">Scrum Alliance<\\/a>, and joined a local agile users\' group.I&nbsp;quickly began to advise my team on how to better apply these methodologies, and to the organization at large through feedback to the agile coaches guiding the organizational agile transformation.<\\/p><p>From a technical perspective, I&nbsp;grew in several ways.&nbsp;Though the site utilized the <a href=\\\"https:\\/\\/craftcms.com\\/\\\">Craft&nbsp;CMS<\\/a>&nbsp;to a degree, much of the initial&nbsp;development we were doing did not utilize the CMS. The lion\'s share of the initial work involved building&nbsp;a custom plugin for generating insurance quotes via calls to APIs built by other teams within the organization. This work afforded me the opportunity to use PHP&nbsp;in ways that I&nbsp;had not known it was capable, specifically using it as a middle layer between an Angular front end and the APIs.<\\/p><p>As this initial setup tapered off, we began to tie the content of our site into Craft. As we did so,&nbsp;I&nbsp;developed a great appreciation for&nbsp;<span class=\\\"redactor-unlink\\\">Craft<\\/span>. We utilized every feature of Craft&nbsp;<span><\\/span><br><\\/p>\",\"20\":{\"date\":\"\"},\"15\":\"1\",\"12\":[\"39\"],\"14\":\"\",\"11\":\"<p>This project was an initiative to launch a new, web-based subsidiary of a larger insurance company.<\\/p>\",\"7\":\"\",\"21\":\"<p>This project was an initiative to launch a new, web-based subsidiary of a larger insurance company.<\\/p>\",\"16\":[\"31\",\"32\",\"33\",\"34\",\"35\",\"36\",\"37\",\"38\"],\"19\":{\"date\":\"6\\/15\\/2015\"},\"17\":\"www.sayinsurance.com\",\"18\":\"https:\\/\\/\"}}', '2016-09-01 02:08:28', '2016-09-01 02:08:28', 'deab8a7c-f671-4a5d-aae3-b328c7a0c58f'),
 ('74', '17', '5', '1', 'en_us', '7', '', '{\"typeId\":\"7\",\"authorId\":\"1\",\"title\":\"Untitled\",\"slug\":\"untitled\",\"postDate\":1470706860,\"expiryDate\":null,\"enabled\":1,\"parentId\":null,\"fields\":{\"6\":\"<p>This was a project in a painting class in college. The assignment was to create a painting by pouring paint on the canvas. This was the second iteration of this assignment. The first was criticized by the professor as being too layered. My professor didn\'t like that he cold tell the order that the paint was poured onto the canvas, though I&nbsp;disagreed. However, in the interest of getting a good grade, I&nbsp;pushed my painting as far from that criticism as I&nbsp;could. This was the result, which I&nbsp;have been incredibly pleased with.<\\/p>\",\"15\":\"1\",\"14\":\"center top\",\"22\":\"portrait\",\"7\":[\"19\"],\"5\":\"<p>Acrylic on canvas.<\\/p>\\r\\n\\r\\n<p>Applied by mixing paint with water and pouring it onto the canvas. I&nbsp;then manipulated the canvas to force the paint to flow in different directions.<\\/p>\",\"4\":\"\"}}', '2016-09-01 02:15:20', '2016-09-01 02:15:20', '54a96cf7-9117-40db-96d6-602aece0724c'),
 ('75', '25', '5', '1', 'en_us', '11', '', '{\"typeId\":\"6\",\"authorId\":\"1\",\"title\":\"Blue Car\",\"slug\":\"blue-car\",\"postDate\":1471573020,\"expiryDate\":null,\"enabled\":1,\"parentId\":null,\"fields\":{\"6\":\"<p>This was a 3x5 photo of me and my dad. The photo was grainy in addition to being small, making the painting incredibly difficult.&nbsp;It took me almost two years to complete, but I&nbsp;was incredibly pleased with the results.&nbsp;<\\/p>\",\"15\":\"1\",\"14\":\"30% center\",\"22\":\"landscape\",\"7\":[\"24\",\"27\"],\"5\":\"<p>Digital. Primarily done on a Samsung Note Pro with the AutoDesk SketchBook app. However, I&nbsp;tinkered with other programs as well.<\\/p>\",\"4\":\"\"}}', '2016-09-01 02:20:15', '2016-09-01 02:20:15', 'ad731871-210a-458f-bf4d-778bd4a54660'),
 ('76', '25', '5', '1', 'en_us', '12', '', '{\"typeId\":\"6\",\"authorId\":\"1\",\"title\":\"Blue Car\",\"slug\":\"blue-car\",\"postDate\":1471573020,\"expiryDate\":null,\"enabled\":1,\"parentId\":null,\"fields\":{\"6\":\"<p>This was a 3x5 photo of me and my dad. The photo was grainy in addition to being small, making the painting incredibly difficult.&nbsp;It took me almost two years to complete, but I&nbsp;was incredibly pleased with the results.&nbsp;<\\/p>\",\"15\":\"1\",\"14\":\"30% center\",\"22\":\"landscape\",\"7\":[\"24\"],\"5\":\"<p>Digital. Primarily done on a Samsung Note Pro with the AutoDesk SketchBook app. However, I&nbsp;tinkered with other programs as well.<\\/p>\",\"4\":\"\"}}', '2016-09-01 02:20:42', '2016-09-01 02:20:42', '0d5c71a4-2541-4e79-b33f-89e43df49714'),
 ('77', '43', '4', '1', 'en_us', '1', '', '{\"typeId\":null,\"authorId\":\"1\",\"title\":\"Daniel Boone Regional Library\",\"slug\":\"daniel-boone-regional-library\",\"postDate\":1472700997,\"expiryDate\":null,\"enabled\":1,\"parentId\":null,\"fields\":{\"1\":\"<p>Stuff<\\/p>\",\"20\":{\"date\":\"6\\/15\\/2015\\/\"},\"15\":\"\",\"12\":[\"9\"],\"14\":\"\",\"11\":\"<p>Blah, lbah.<\\/p>\",\"7\":[\"27\"],\"21\":\"<p>Yada, yada.<\\/p>\",\"16\":[\"31\",\"40\",\"41\",\"32\",\"42\"],\"19\":{\"date\":\"8\\/1\\/2013\"},\"17\":\"www.dbrl.org\",\"18\":\"http:\\/\\/\"}}', '2016-09-01 03:36:37', '2016-09-01 03:36:37', 'eebacb9b-ddcc-4720-ac2c-435efd658668'),
 ('78', '43', '4', '1', 'en_us', '2', '', '{\"typeId\":\"4\",\"authorId\":\"1\",\"title\":\"Daniel Boone Regional Library\",\"slug\":\"daniel-boone-regional-library\",\"postDate\":1472700960,\"expiryDate\":null,\"enabled\":1,\"parentId\":null,\"fields\":{\"1\":\"<p>Stuff<\\/p>\",\"20\":{\"date\":\"\"},\"15\":\"\",\"12\":[\"9\"],\"14\":\"up down\",\"11\":\"<p>Blah, lbah.<\\/p>\",\"7\":[\"27\"],\"21\":\"<p>Yada, yada.<\\/p>\",\"16\":[\"31\",\"40\",\"41\",\"32\",\"42\"],\"19\":{\"date\":\"8\\/1\\/2013\"},\"17\":\"www.dbrl.org\",\"18\":\"http:\\/\\/\"}}', '2016-09-01 03:37:19', '2016-09-01 03:37:19', 'd31055f6-c6f5-4706-ac45-fc1685249a0a'),
 ('79', '43', '4', '1', 'en_us', '3', '', '{\"typeId\":\"4\",\"authorId\":\"1\",\"title\":\"Daniel Boone Regional Library\",\"slug\":\"daniel-boone-regional-library\",\"postDate\":1472700960,\"expiryDate\":null,\"enabled\":0,\"parentId\":null,\"fields\":{\"1\":\"<p>Stuff<\\/p>\",\"20\":{\"date\":\"\"},\"15\":\"\",\"12\":[\"9\"],\"14\":\"up down\",\"11\":\"<p>Blah, lbah.<\\/p>\",\"7\":[\"27\"],\"21\":\"<p>Yada, yada.<\\/p>\",\"16\":[\"31\",\"40\",\"41\",\"32\",\"42\"],\"19\":{\"date\":\"8\\/1\\/2013\"},\"17\":\"www.dbrl.org\",\"18\":\"http:\\/\\/\"}}', '2016-09-01 03:37:36', '2016-09-01 03:37:36', 'bea8a4b6-862a-45bb-9430-93b7142da71a'),
 ('80', '43', '4', '1', 'en_us', '4', '', '{\"typeId\":\"4\",\"authorId\":\"1\",\"title\":\"Daniel Boone Regional Library\",\"slug\":\"daniel-boone-regional-library\",\"postDate\":1472700960,\"expiryDate\":null,\"enabled\":1,\"parentId\":null,\"fields\":{\"1\":\"<p>Stuff<\\/p>\",\"20\":{\"date\":\"\"},\"15\":\"\",\"12\":[\"9\"],\"14\":\"up down\",\"11\":\"<p>Blah, lbah.<\\/p>\",\"7\":[\"27\"],\"21\":\"<p>Yada, yada.<\\/p>\",\"16\":[\"31\",\"40\",\"41\",\"32\",\"42\"],\"19\":{\"date\":\"8\\/1\\/2013\"},\"17\":\"www.dbrl.org\",\"18\":\"http:\\/\\/\"}}', '2016-09-01 03:39:57', '2016-09-01 03:39:57', '09c60471-98b4-4bff-a496-220965de72f7'),
 ('81', '43', '4', '1', 'en_us', '5', '', '{\"typeId\":\"4\",\"authorId\":\"1\",\"title\":\"Daniel Boone Regional Library\",\"slug\":\"daniel-boone-regional-library\",\"postDate\":1472700960,\"expiryDate\":null,\"enabled\":1,\"parentId\":null,\"fields\":{\"1\":\"<p>Stuff<\\/p>\",\"20\":{\"date\":\"6\\/15\\/15\"},\"15\":\"\",\"12\":[\"9\"],\"14\":\"up down\",\"11\":\"<p>Blah, lbah.<\\/p>\",\"7\":[\"27\"],\"21\":\"<p>Yada, yada.<\\/p>\",\"16\":[\"31\",\"40\",\"41\",\"32\",\"42\"],\"19\":{\"date\":\"8\\/1\\/2013\"},\"17\":\"www.dbrl.org\",\"18\":\"http:\\/\\/\"}}', '2016-09-01 04:02:12', '2016-09-01 04:02:12', '577d0066-c40c-4022-9091-7508e90b68dd'),
 ('82', '43', '4', '1', 'en_us', '6', '', '{\"typeId\":\"4\",\"authorId\":\"1\",\"title\":\"Daniel Boone Regional Library\",\"slug\":\"daniel-boone-regional-library\",\"postDate\":1375328160,\"expiryDate\":null,\"enabled\":1,\"parentId\":null,\"fields\":{\"1\":\"<p>Stuff<\\/p>\",\"20\":{\"date\":\"6\\/15\\/2015\"},\"15\":\"\",\"12\":[\"9\"],\"14\":\"up down\",\"11\":\"<p>Blah, lbah.<\\/p>\",\"7\":[\"27\"],\"21\":\"<p>Yada, yada.<\\/p>\",\"16\":[\"31\",\"40\",\"41\",\"32\",\"42\"],\"19\":{\"date\":\"8\\/1\\/2013\"},\"17\":\"www.dbrl.org\",\"18\":\"http:\\/\\/\"}}', '2016-09-01 04:22:50', '2016-09-01 04:22:50', '1d9a13bb-e6c7-492e-ad75-709a5f8d5314'),
 ('83', '30', '4', '1', 'en_us', '12', '', '{\"typeId\":\"4\",\"authorId\":\"1\",\"title\":\"Say Insurance\",\"slug\":\"say-insurance\",\"postDate\":1433118900,\"expiryDate\":null,\"enabled\":1,\"parentId\":null,\"fields\":{\"1\":\"<p>This project was an initiative to launch a new, web-based subsidiary of a larger insurance company.<\\/p>\\r\\n\\r\\n<p>The company used this initiative to experiment with new technologies and&nbsp;workflow methodologies. Among these new technologies and methodologies are:<\\/p>\\r\\n\\r\\n\\r\\n\\r\\n\\r\\n\\r\\n\\r\\n\\r\\n\\r\\n\\r\\n<p>New to me:<\\/p>\\r\\n\\r\\n\\r\\n\\r\\n\\r\\n\\r\\n\\r\\n\\r\\n\\r\\n\\r\\n<ul><li>PHPUnit<\\/li><li>Jasmine unit testing framework<\\/li><\\/ul>\\r\\n\\r\\n<p>New to the company:<\\/p>\\r\\n\\r\\n\\r\\n\\r\\n\\r\\n\\r\\n\\r\\n\\r\\n\\r\\n\\r\\n<ul><li>Linux<\\/li><li>MySQL<\\/li><li>PHP<\\/li><\\/ul>\\r\\n\\r\\n<p>New to everyone involved:<\\/p>\\r\\n\\r\\n\\r\\n\\r\\n\\r\\n\\r\\n\\r\\n\\r\\n\\r\\n\\r\\n<ul><li>Agile, specifically&nbsp;Scrum<\\/li><li>Craft CMS<\\/li><li>Amazon Web Services<\\/li><li>Angular<\\/li><\\/ul>\\r\\n\\r\\n<p>As a result of these experiments, I&nbsp;have grown as a developer and a coworker in leaps and bounds. Most notably, I&nbsp;discovered agile methodologies. Upon discovering Scrum, I quickly began to read everything I could find on agile and Scrum. I went to <a href=\\\"https:\\/\\/adcwest.techwell.com\\/\\\" target=\\\"_blank\\\">Agile Dev West<\\/a> and&nbsp;<a href=\\\"http:\\/\\/agilegravyinc.com\\/\\\" target=\\\"_blank\\\">Agile Gravy<\\/a>,&nbsp;became&nbsp;a <a href=\\\"https:\\/\\/www.scrumalliance.org\\/certifications\\/practitioners\\/cspo-certification\\\" target=\\\"_blank\\\">Certified Scrum Product Owner<\\/a> and <a href=\\\"https:\\/\\/www.scrumalliance.org\\/certifications\\/practitioners\\/certified-scrummaster-csm\\\" target=\\\"_blank\\\">Certified ScrumMaster<sup>\\u00ae<\\/sup><\\/a> through&nbsp;<a href=\\\"https:\\/\\/www.scrumalliance.org\\/\\\" target=\\\"_blank\\\">Scrum Alliance<\\/a>, and joined a local agile users\' group.I&nbsp;quickly began to advise my team on how to better apply these methodologies, and to the organization at large through feedback to the agile coaches guiding the organizational agile transformation.<\\/p>\\r\\n\\r\\n<p>From a technical perspective, I&nbsp;grew in several ways.&nbsp;Though the site utilized the <a href=\\\"https:\\/\\/craftcms.com\\/\\\">Craft&nbsp;CMS<\\/a>&nbsp;to a degree, much of the initial&nbsp;development we were doing did not utilize the CMS. The lion\'s share of the initial work involved building&nbsp;a custom plugin for generating insurance quotes via calls to APIs built by other teams within the organization. This work afforded me the opportunity to use PHP&nbsp;in ways that I&nbsp;had not known it was capable, specifically using it as a middle layer between an Angular front end and the APIs.<\\/p>\\r\\n\\r\\n<p>As this initial setup tapered off, we began to tie the content of our site into Craft. As we did so,&nbsp;I&nbsp;developed a great appreciation for&nbsp;Craft. We utilized every feature of Craft&nbsp;<br><\\/p>\",\"20\":{\"date\":\"\"},\"15\":\"1\",\"12\":[\"39\"],\"14\":\"\",\"11\":\"<p>This project was an initiative to launch a new, web-based subsidiary of a larger insurance company.<\\/p>\",\"7\":\"\",\"21\":\"<p>This project was an initiative to launch a new, web-based subsidiary of a larger insurance company.<\\/p>\",\"16\":[\"31\",\"32\",\"33\",\"34\",\"35\",\"36\",\"37\",\"38\"],\"19\":{\"date\":\"6\\/15\\/2015\"},\"17\":\"www.sayinsurance.com\",\"18\":\"https:\\/\\/\"}}', '2016-09-01 04:23:24', '2016-09-01 04:23:24', '05068f85-86f2-4bbe-bf67-25d94789ca14'),
 ('84', '44', '8', '1', 'en_us', '1', '', '{\"typeId\":null,\"authorId\":\"1\",\"title\":\"Certified ScrumMaster\",\"slug\":\"certified-scrummaster\",\"postDate\":1472768675,\"expiryDate\":null,\"enabled\":1,\"parentId\":null,\"fields\":{\"23\":\"Scrum Alliance\",\"24\":{\"date\":\"6\\/3\\/2016\"},\"25\":{\"date\":\"6\\/3\\/2018\"},\"17\":\"www.scrumalliance.org\",\"18\":\"https:\\/\\/\"}}', '2016-09-01 22:24:35', '2016-09-01 22:24:35', '56d459ea-ae2e-48be-aeb5-85be0383bab6'),
 ('85', '45', '8', '1', 'en_us', '1', '', '{\"typeId\":null,\"authorId\":\"1\",\"title\":\"Certified Product Owner\",\"slug\":\"certified-product-owner\",\"postDate\":1472768723,\"expiryDate\":null,\"enabled\":1,\"parentId\":null,\"fields\":{\"23\":\"Scrum Alliance\",\"24\":{\"date\":\"6\\/10\\/2016\"},\"25\":{\"date\":\"6\\/10\\/2018\"},\"17\":\"www.scrumalliance.org\",\"18\":\"https:\\/\\/\"}}', '2016-09-01 22:25:23', '2016-09-01 22:25:23', '6f16b129-acef-48c7-832d-d6de5971ec03'),
 ('86', '43', '4', '1', 'en_us', '7', '', '{\"typeId\":\"4\",\"authorId\":\"1\",\"title\":\"Daniel Boone Regional Library\",\"slug\":\"daniel-boone-regional-library\",\"postDate\":1472700960,\"expiryDate\":null,\"enabled\":1,\"parentId\":null,\"fields\":{\"1\":\"<p>Stuff<\\/p>\",\"20\":{\"date\":\"6\\/15\\/2015\"},\"15\":\"\",\"12\":[\"9\"],\"14\":\"up down\",\"11\":\"<p>Blah, lbah.<\\/p>\",\"7\":[\"27\"],\"21\":\"<p>Yada, yada.<\\/p>\",\"16\":[\"31\",\"40\",\"41\",\"32\",\"42\"],\"19\":{\"date\":\"8\\/1\\/2013\"},\"17\":\"www.dbrl.org\",\"18\":\"http:\\/\\/\"}}', '2016-09-01 22:26:15', '2016-09-01 22:26:15', 'bffcf782-eaf7-42c1-8c6b-cbe3c2a59044'),
 ('87', '30', '4', '1', 'en_us', '13', '', '{\"typeId\":\"4\",\"authorId\":\"1\",\"title\":\"Say Insurance\",\"slug\":\"say-insurance\",\"postDate\":1433118900,\"expiryDate\":null,\"enabled\":1,\"parentId\":null,\"fields\":{\"1\":\"<p>This project was an initiative to launch a new, web-based subsidiary of a larger insurance company.<\\/p>\\r\\n\\r\\n<p>The company used this initiative to experiment with new technologies and&nbsp;workflow methodologies. Among these new technologies and methodologies are:<\\/p>\\r\\n\\r\\n\\r\\n\\r\\n\\r\\n\\r\\n\\r\\n\\r\\n\\r\\n\\r\\n\\r\\n\\r\\n<p>New to me:<\\/p>\\r\\n\\r\\n\\r\\n\\r\\n\\r\\n\\r\\n\\r\\n\\r\\n\\r\\n\\r\\n\\r\\n\\r\\n<ul><li>PHPUnit<\\/li><li>Jasmine unit testing framework<\\/li><\\/ul>\\r\\n\\r\\n<p>New to the company:<\\/p>\\r\\n\\r\\n\\r\\n\\r\\n\\r\\n\\r\\n\\r\\n\\r\\n\\r\\n\\r\\n\\r\\n\\r\\n<ul><li>Linux<\\/li><li>MySQL<\\/li><li>PHP<\\/li><\\/ul>\\r\\n\\r\\n<p>New to everyone involved:<\\/p>\\r\\n\\r\\n\\r\\n\\r\\n\\r\\n\\r\\n\\r\\n\\r\\n\\r\\n\\r\\n\\r\\n\\r\\n<ul><li>Agile, specifically&nbsp;Scrum<\\/li><li>Craft CMS<\\/li><li>Amazon Web Services<\\/li><li>Angular<\\/li><\\/ul>\\r\\n\\r\\n<p>As a result of these experiments, I&nbsp;have grown as a developer and a coworker in leaps and bounds. Most notably, I&nbsp;discovered agile methodologies. Upon discovering Scrum, I quickly began to read everything I could find on agile and Scrum. I went to <a href=\\\"https:\\/\\/adcwest.techwell.com\\/\\\" target=\\\"_blank\\\">Agile Dev West<\\/a> and&nbsp;<a href=\\\"http:\\/\\/agilegravyinc.com\\/\\\" target=\\\"_blank\\\">Agile Gravy<\\/a>,&nbsp;became&nbsp;a <a href=\\\"https:\\/\\/www.scrumalliance.org\\/certifications\\/practitioners\\/cspo-certification\\\" target=\\\"_blank\\\">Certified Scrum Product Owner<\\/a> and <a href=\\\"https:\\/\\/www.scrumalliance.org\\/certifications\\/practitioners\\/certified-scrummaster-csm\\\" target=\\\"_blank\\\">Certified ScrumMaster<sup>\\u00ae<\\/sup><\\/a> through&nbsp;<a href=\\\"https:\\/\\/www.scrumalliance.org\\/\\\" target=\\\"_blank\\\">Scrum Alliance<\\/a>, and joined a local agile users\' group.I&nbsp;quickly began to advise my team on how to better apply these methodologies, and to the organization at large through feedback to the agile coaches guiding the organizational agile transformation.<\\/p>\\r\\n\\r\\n\\r\\n\\r\\n<p>From a technical perspective, I&nbsp;grew in several ways.&nbsp;Though the site utilized the <a href=\\\"https:\\/\\/craftcms.com\\/\\\">Craft&nbsp;CMS<\\/a>&nbsp;to a degree, much of the initial&nbsp;development we were doing did not utilize the CMS. The lion\'s share of the initial work involved building&nbsp;a custom plugin for generating insurance quotes via calls to APIs built by other teams within the organization. This work afforded me the opportunity to use PHP&nbsp;in ways that I&nbsp;had not known it was capable, specifically using it as a middle layer between an Angular front end and the APIs.<\\/p>\\r\\n\\r\\n\\r\\n\\r\\n<p>As this initial setup tapered off, we began to tie the content of our site into Craft. As we did so,&nbsp;I&nbsp;developed a great appreciation for&nbsp;Craft. We utilized every feature of Craft&nbsp;<br><\\/p>\",\"20\":{\"date\":\"\"},\"15\":\"1\",\"12\":[\"39\"],\"14\":\"\",\"11\":\"<p>This project was an initiative to launch a new, web-based subsidiary of a larger insurance company.<\\/p>\",\"7\":\"\",\"21\":\"<p>This project was an initiative to launch a new, web-based subsidiary of a larger insurance company.<\\/p>\",\"16\":[\"34\",\"36\",\"35\",\"38\",\"32\",\"37\",\"31\",\"33\"],\"19\":{\"date\":\"6\\/15\\/2015\"},\"17\":\"www.sayinsurance.com\",\"18\":\"https:\\/\\/\"}}', '2016-09-01 22:48:15', '2016-09-01 22:48:15', '111c409a-73f5-4d82-bb13-d1fece73cf9e'),
 ('88', '2', '1', '1', 'en_us', '5', '', '{\"typeId\":\"1\",\"authorId\":null,\"title\":\"Hello\",\"slug\":\"homepage\",\"postDate\":1453171596,\"expiryDate\":null,\"enabled\":1,\"parentId\":null,\"fields\":{\"1\":\"<p>I\'m Jim Christie. I\'m a web devoloper, an agile coach, a cyclist, and sometimes, an artist. As anyone who works on the internet should, I love cats.<\\/p>\\r\\n\\r\\n<p>I&nbsp;have over five years of web development experience. I lean strongly toward back end functionality of websites. I can do design, but I don\'t love it and, consequently, I\'m not the best at it.<\\/p>\\r\\n\\r\\n<p>I\'ve become a strong supporter of agile methodologies.<\\/p>\",\"27\":{\"new1\":{\"type\":\"skillStars\",\"enabled\":\"1\",\"fields\":{\"skill\":\"PHP\",\"skillStrength\":\"4\"}},\"new2\":{\"type\":\"skillStars\",\"enabled\":\"1\",\"fields\":{\"skill\":\"JavaScript\",\"skillStrength\":\"5\"}},\"new3\":{\"type\":\"skillStars\",\"enabled\":\"1\",\"fields\":{\"skill\":\"jQuery\",\"skillStrength\":\"5\"}}},\"2\":\"\",\"3\":\"\"}}', '2016-09-01 23:28:22', '2016-09-01 23:28:22', 'af5ab341-683a-4b57-aa79-90f21684bd6d'),
 ('89', '2', '1', '1', 'en_us', '6', '', '{\"typeId\":\"1\",\"authorId\":null,\"title\":\"Hello\",\"slug\":\"homepage\",\"postDate\":1453171596,\"expiryDate\":null,\"enabled\":1,\"parentId\":null,\"fields\":{\"1\":\"<p>I\'m Jim Christie. I\'m a web devoloper, an agile coach, a cyclist, and sometimes, an artist. As anyone who works on the internet should, I love cats.<\\/p>\\r\\n\\r\\n<p>I&nbsp;have over five years of web development experience. I lean strongly toward back end functionality of websites. I can do design, but I don\'t love it and, consequently, I\'m not the best at it.<\\/p>\\r\\n\\r\\n\\r\\n\\r\\n<p>I\'ve become a strong supporter of agile methodologies.<\\/p>\",\"27\":{\"46\":{\"type\":\"skillStars\",\"enabled\":\"1\",\"fields\":{\"skill\":\"PHP\",\"skillStrength\":\"4\"}},\"47\":{\"type\":\"skillStars\",\"enabled\":\"1\",\"fields\":{\"skill\":\"JavaScript\",\"skillStrength\":\"5\"}},\"48\":{\"type\":\"skillStars\",\"enabled\":\"1\",\"fields\":{\"skill\":\"jQuery\",\"skillStrength\":\"5\"}},\"new1\":{\"type\":\"skillStars\",\"enabled\":\"1\",\"fields\":{\"skill\":\"Scrum\",\"skillStrength\":\"4\"}}},\"2\":\"\",\"3\":\"\"}}', '2016-09-02 00:08:56', '2016-09-02 00:08:56', '3292ba93-41f6-482c-9f0e-274380b2663e'),
 ('90', '2', '1', '1', 'en_us', '7', '', '{\"typeId\":\"1\",\"authorId\":null,\"title\":\"Hello\",\"slug\":\"homepage\",\"postDate\":1453171596,\"expiryDate\":null,\"enabled\":1,\"parentId\":null,\"fields\":{\"1\":\"<p>I\'m Jim Christie. I\'m a web devoloper, an agile coach, a cyclist, and sometimes, an artist. As anyone who works on the internet should, I love cats.<\\/p>\\r\\n\\r\\n<p>I&nbsp;have over five years of web development experience. I lean strongly toward back end functionality of websites. I can do design, but I don\'t love it and, consequently, I\'m not the best at it.<\\/p>\\r\\n\\r\\n\\r\\n\\r\\n\\r\\n\\r\\n<p>I\'ve become a strong supporter of agile methodologies.<\\/p>\",\"27\":{\"46\":{\"type\":\"skillStars\",\"enabled\":\"1\",\"fields\":{\"skill\":\"PHP\",\"skillStrength\":\"4\"}},\"47\":{\"type\":\"skillStars\",\"enabled\":\"1\",\"fields\":{\"skill\":\"JavaScript\",\"skillStrength\":\"5\"}},\"48\":{\"type\":\"skillStars\",\"enabled\":\"1\",\"fields\":{\"skill\":\"jQuery\",\"skillStrength\":\"5\"}},\"49\":{\"type\":\"skillStars\",\"enabled\":\"1\",\"fields\":{\"skill\":\"Scrum\",\"skillStrength\":\"4\"}},\"new1\":{\"type\":\"skillStars\",\"enabled\":\"1\",\"fields\":{\"skill\":\"Angular\",\"skillStrength\":\"3\"}},\"new2\":{\"type\":\"skillStars\",\"enabled\":\"1\",\"fields\":{\"skill\":\"Extreme Programming\",\"skillStrength\":\"2\"}}},\"2\":\"\",\"3\":\"\"}}', '2016-09-02 00:12:17', '2016-09-02 00:12:17', '3e68ad95-2ba4-4a14-bfd0-8d82690ea520'),
 ('91', '2', '1', '1', 'en_us', '8', '', '{\"typeId\":\"1\",\"authorId\":null,\"title\":\"Hello\",\"slug\":\"homepage\",\"postDate\":1453171596,\"expiryDate\":null,\"enabled\":1,\"parentId\":null,\"fields\":{\"1\":\"<p>I\'m Jim Christie. I\'m a web devoloper, an agile coach, a cyclist, and sometimes, an artist. As anyone who works on the internet should, I love cats.<\\/p>\\r\\n\\r\\n<p>I&nbsp;have over five years of web development experience. I lean strongly toward back end functionality of websites. I can do design, but I don\'t love it and, consequently, I\'m not the best at it.<\\/p>\\r\\n\\r\\n\\r\\n\\r\\n\\r\\n\\r\\n\\r\\n\\r\\n<p>I\'ve become a strong supporter of agile methodologies.<\\/p>\",\"27\":{\"46\":{\"type\":\"skillStars\",\"enabled\":\"1\",\"fields\":{\"skill\":\"PHP\",\"skillStrength\":\"4\"}},\"47\":{\"type\":\"skillStars\",\"enabled\":\"1\",\"fields\":{\"skill\":\"JavaScript\",\"skillStrength\":\"5\"}},\"48\":{\"type\":\"skillStars\",\"enabled\":\"1\",\"fields\":{\"skill\":\"jQuery\",\"skillStrength\":\"5\"}},\"49\":{\"type\":\"skillStars\",\"enabled\":\"1\",\"fields\":{\"skill\":\"Scrum\",\"skillStrength\":\"4\"}},\"50\":{\"type\":\"skillStars\",\"enabled\":\"1\",\"fields\":{\"skill\":\"Angular\",\"skillStrength\":\"3\"}},\"51\":{\"type\":\"skillStars\",\"enabled\":\"1\",\"fields\":{\"skill\":\"XP\",\"skillStrength\":\"2\"}}},\"2\":\"\",\"3\":\"\"}}', '2016-09-02 00:12:53', '2016-09-02 00:12:53', '246bb306-471f-4f96-9b88-f176a58a3ed2'),
 ('92', '2', '1', '1', 'en_us', '9', '', '{\"typeId\":\"1\",\"authorId\":null,\"title\":\"Hello\",\"slug\":\"homepage\",\"postDate\":1453171596,\"expiryDate\":null,\"enabled\":1,\"parentId\":null,\"fields\":{\"1\":\"<p>I\'m Jim Christie. I\'m a web devoloper, an agile coach, a cyclist, and sometimes, an artist. As anyone who works on the internet should, I love cats.<\\/p>\\r\\n\\r\\n<p>I&nbsp;have over five years of web development experience. I lean strongly toward back end functionality of websites. I can do design, but I don\'t love it and, consequently, I\'m not the best at it.<\\/p>\\r\\n\\r\\n\\r\\n\\r\\n\\r\\n\\r\\n\\r\\n\\r\\n\\r\\n\\r\\n<p>I\'ve become a strong supporter of agile methodologies.<\\/p>\",\"27\":{\"46\":{\"type\":\"skillStars\",\"enabled\":\"1\",\"fields\":{\"skill\":\"PHP\",\"skillStrength\":\"4\"}},\"47\":{\"type\":\"skillStars\",\"enabled\":\"1\",\"fields\":{\"skill\":\"JavaScript\",\"skillStrength\":\"5\"}},\"48\":{\"type\":\"skillStars\",\"enabled\":\"1\",\"fields\":{\"skill\":\"jQuery\",\"skillStrength\":\"5\"}},\"49\":{\"type\":\"skillStars\",\"enabled\":\"1\",\"fields\":{\"skill\":\"Scrum\",\"skillStrength\":\"4\"}},\"50\":{\"type\":\"skillStars\",\"enabled\":\"1\",\"fields\":{\"skill\":\"Angular\",\"skillStrength\":\"3\"}},\"51\":{\"type\":\"skillStars\",\"enabled\":\"1\",\"fields\":{\"skill\":\"XP\",\"skillStrength\":\"2\"}},\"new1\":{\"type\":\"skillStars\",\"enabled\":\"1\",\"fields\":{\"skill\":\"Kanban\",\"skillStrength\":\"3\"}}},\"2\":\"\",\"3\":\"\"}}', '2016-09-02 00:14:24', '2016-09-02 00:14:24', 'd1e5d9b7-e005-4c77-bb16-20286e0af6e5'),
 ('93', '53', '9', '1', 'en_us', '1', '', '{\"typeId\":null,\"authorId\":\"1\",\"title\":\"Agile Dev West\",\"slug\":\"agile-dev-west\",\"postDate\":1472776606,\"expiryDate\":null,\"enabled\":1,\"parentId\":null,\"fields\":{\"26\":{\"date\":\"6\\/4\\/2016\"},\"17\":\"adcwest.techwell.com\",\"18\":\"https:\\/\\/\"}}', '2016-09-02 00:36:46', '2016-09-02 00:36:46', 'efc51adb-7cd8-4668-b444-e67670d19c0e'),
 ('94', '54', '9', '1', 'en_us', '1', '', '{\"typeId\":null,\"authorId\":\"1\",\"title\":\"Agile Gravy\",\"slug\":\"agile-gravy\",\"postDate\":1472776660,\"expiryDate\":null,\"enabled\":1,\"parentId\":null,\"fields\":{\"26\":{\"date\":\"9\\/29\\/2016\"},\"17\":\"http:\\/\\/agilegravyinc.com\\/\",\"18\":\"http:\\/\\/\"}}', '2016-09-02 00:37:40', '2016-09-02 00:37:40', 'd6fc8fae-2bbc-4718-aa2d-7f0d99eee479'),
 ('95', '43', '4', '1', 'en_us', '8', '', '{\"typeId\":\"4\",\"authorId\":\"1\",\"title\":\"Daniel Boone Regional Library\",\"slug\":\"daniel-boone-regional-library\",\"postDate\":1472700960,\"expiryDate\":null,\"enabled\":1,\"parentId\":null,\"fields\":{\"1\":\"<p>Stuff<\\/p>\",\"20\":{\"date\":\"6\\/15\\/2015\"},\"15\":\"1\",\"12\":[\"9\"],\"14\":\"up down\",\"11\":\"<p>Blah, lbah.<\\/p>\",\"7\":[\"27\"],\"21\":\"<p>Yada, yada.<\\/p>\",\"16\":[\"31\",\"40\",\"41\",\"32\",\"42\"],\"19\":{\"date\":\"8\\/1\\/2013\"},\"17\":\"www.dbrl.org\",\"18\":\"http:\\/\\/\"}}', '2016-09-03 00:13:34', '2016-09-03 00:13:34', 'c7625d42-8513-4f12-8920-6e6c7530b68d'),
 ('96', '30', '4', '1', 'en_us', '14', '', '{\"typeId\":\"4\",\"authorId\":\"1\",\"title\":\"Say Insurance\",\"slug\":\"say-insurance\",\"postDate\":1433118900,\"expiryDate\":null,\"enabled\":1,\"parentId\":null,\"fields\":{\"1\":\"<p>This project was an initiative to launch a new, web-based subsidiary of a larger insurance company.<\\/p>\\r\\n\\r\\n<p>The company used this initiative to experiment with new technologies and&nbsp;workflow methodologies. Among these new technologies and methodologies are:<\\/p>\\r\\n\\r\\n\\r\\n\\r\\n\\r\\n\\r\\n\\r\\n\\r\\n\\r\\n\\r\\n\\r\\n\\r\\n\\r\\n\\r\\n<p>New to me:<\\/p>\\r\\n\\r\\n\\r\\n\\r\\n\\r\\n\\r\\n\\r\\n\\r\\n\\r\\n\\r\\n\\r\\n\\r\\n\\r\\n\\r\\n<ul><li>PHPUnit<\\/li><li>Jasmine unit testing framework<\\/li><\\/ul>\\r\\n\\r\\n<p>New to the company:<\\/p>\\r\\n\\r\\n\\r\\n\\r\\n\\r\\n\\r\\n\\r\\n\\r\\n\\r\\n\\r\\n\\r\\n\\r\\n\\r\\n\\r\\n<ul><li>Linux<\\/li><li>MySQL<\\/li><li>PHP<\\/li><\\/ul>\\r\\n\\r\\n<p>New to everyone involved:<\\/p>\\r\\n\\r\\n\\r\\n\\r\\n\\r\\n\\r\\n\\r\\n\\r\\n\\r\\n\\r\\n\\r\\n\\r\\n\\r\\n\\r\\n<ul><li>Agile, specifically&nbsp;Scrum<\\/li><li>Craft CMS<\\/li><li>Amazon Web Services<\\/li><li>Angular<\\/li><\\/ul>\\r\\n\\r\\n<p>As a result of these experiments, I&nbsp;have grown as a developer and a coworker in leaps and bounds. Most notably, I&nbsp;discovered agile methodologies. Upon discovering Scrum, I quickly began to read everything I could find on agile and Scrum. I went to <a href=\\\"https:\\/\\/adcwest.techwell.com\\/\\\" target=\\\"_blank\\\">Agile Dev West<\\/a> and&nbsp;<a href=\\\"http:\\/\\/agilegravyinc.com\\/\\\" target=\\\"_blank\\\">Agile Gravy<\\/a>,&nbsp;became&nbsp;a <a href=\\\"https:\\/\\/www.scrumalliance.org\\/certifications\\/practitioners\\/cspo-certification\\\" target=\\\"_blank\\\">Certified Scrum Product Owner<\\/a> and <a href=\\\"https:\\/\\/www.scrumalliance.org\\/certifications\\/practitioners\\/certified-scrummaster-csm\\\" target=\\\"_blank\\\">Certified ScrumMaster<sup>\\u00ae<\\/sup><\\/a> through&nbsp;<a href=\\\"https:\\/\\/www.scrumalliance.org\\/\\\" target=\\\"_blank\\\">Scrum Alliance<\\/a>, and joined a local agile users\' group.I&nbsp;quickly began to advise my team on how to better apply these methodologies, and to the organization at large through feedback to the agile coaches guiding the organizational agile transformation.<\\/p>\\r\\n\\r\\n\\r\\n\\r\\n\\r\\n\\r\\n<p>From a technical perspective, I&nbsp;grew in several ways.&nbsp;Though the site utilized the <a href=\\\"https:\\/\\/craftcms.com\\/\\\">Craft&nbsp;CMS<\\/a>&nbsp;to a degree, much of the initial&nbsp;development we were doing did not utilize the CMS. The lion\'s share of the initial work involved building&nbsp;a custom plugin for generating insurance quotes via calls to APIs built by other teams within the organization. This work afforded me the opportunity to use PHP&nbsp;in ways that I&nbsp;had not known it was capable, specifically using it as a middle layer between an Angular front end and the APIs.<\\/p>\\r\\n\\r\\n\\r\\n\\r\\n\\r\\n\\r\\n<p>As this initial setup tapered off, we began to tie the content of our site into Craft. As we did so,&nbsp;I&nbsp;developed a great appreciation for&nbsp;Craft. We utilized every feature of Craft&nbsp;<br><\\/p>\",\"20\":{\"date\":\"\"},\"15\":\"1\",\"12\":[\"39\"],\"14\":\"\",\"11\":\"<p>This project was an initiative to launch a new, web-based subsidiary of a larger insurance company.<\\/p>\",\"7\":\"\",\"21\":\"<p>This project was an initiative to launch a new, web-based subsidiary of a larger insurance company.<\\/p>\",\"16\":[\"34\",\"36\",\"35\",\"38\",\"32\",\"37\",\"31\",\"33\"],\"19\":{\"date\":\"6\\/15\\/2015\"},\"17\":\"www.sayinsurance.com\",\"18\":\"https:\\/\\/\"}}', '2016-09-03 00:13:43', '2016-09-03 00:13:43', '95c0eaf6-1447-43de-9679-4557aae870ec'),
 ('97', '43', '4', '1', 'en_us', '9', '', '{\"typeId\":\"4\",\"authorId\":\"1\",\"title\":\"Daniel Boone Regional Library\",\"slug\":\"daniel-boone-regional-library\",\"postDate\":1472700960,\"expiryDate\":null,\"enabled\":1,\"parentId\":null,\"fields\":{\"1\":\"<p>Stuff<\\/p>\",\"20\":{\"date\":\"6\\/15\\/2015\"},\"15\":\"1\",\"12\":[\"9\"],\"14\":\"up down\",\"11\":\"\",\"7\":[\"27\"],\"21\":\"<p>Yada, yada.<\\/p>\",\"16\":[\"31\",\"40\",\"41\",\"32\",\"42\"],\"19\":{\"date\":\"8\\/1\\/2013\"},\"17\":\"www.dbrl.org\",\"18\":\"http:\\/\\/\"}}', '2016-09-03 00:41:55', '2016-09-03 00:41:55', '7e53005d-baec-480f-a58a-9cd748bb2b9b'),
 ('98', '30', '4', '1', 'en_us', '15', '', '{\"typeId\":\"4\",\"authorId\":\"1\",\"title\":\"Say Insurance\",\"slug\":\"say-insurance\",\"postDate\":1433118900,\"expiryDate\":null,\"enabled\":1,\"parentId\":null,\"fields\":{\"1\":\"<p>This project was an initiative to launch a new, web-based subsidiary of a larger insurance company.<\\/p>\\r\\n\\r\\n<p>The company used this initiative to experiment with new technologies and&nbsp;workflow methodologies. Among these new technologies and methodologies are:<\\/p>\\r\\n\\r\\n\\r\\n\\r\\n\\r\\n\\r\\n\\r\\n\\r\\n\\r\\n\\r\\n\\r\\n\\r\\n\\r\\n\\r\\n\\r\\n\\r\\n<p>New to me:<\\/p>\\r\\n\\r\\n\\r\\n\\r\\n\\r\\n\\r\\n\\r\\n\\r\\n\\r\\n\\r\\n\\r\\n\\r\\n\\r\\n\\r\\n\\r\\n\\r\\n<ul><li>PHPUnit<\\/li><li>Jasmine unit testing framework<\\/li><\\/ul>\\r\\n\\r\\n<p>New to the company:<\\/p>\\r\\n\\r\\n\\r\\n\\r\\n\\r\\n\\r\\n\\r\\n\\r\\n\\r\\n\\r\\n\\r\\n\\r\\n\\r\\n\\r\\n\\r\\n\\r\\n<ul><li>Linux<\\/li><li>MySQL<\\/li><li>PHP<\\/li><\\/ul>\\r\\n\\r\\n<p>New to everyone involved:<\\/p>\\r\\n\\r\\n\\r\\n\\r\\n\\r\\n\\r\\n\\r\\n\\r\\n\\r\\n\\r\\n\\r\\n\\r\\n\\r\\n\\r\\n\\r\\n\\r\\n<ul><li>Agile, specifically&nbsp;Scrum<\\/li><li>Craft CMS<\\/li><li>Amazon Web Services<\\/li><li>Angular<\\/li><\\/ul>\\r\\n\\r\\n<p>As a result of these experiments, I&nbsp;have grown as a developer and a coworker in leaps and bounds. Most notably, I&nbsp;discovered agile methodologies. Upon discovering Scrum, I quickly began to read everything I could find on agile and Scrum. I went to <a href=\\\"https:\\/\\/adcwest.techwell.com\\/\\\" target=\\\"_blank\\\">Agile Dev West<\\/a> and&nbsp;<a href=\\\"http:\\/\\/agilegravyinc.com\\/\\\" target=\\\"_blank\\\">Agile Gravy<\\/a>,&nbsp;became&nbsp;a <a href=\\\"https:\\/\\/www.scrumalliance.org\\/certifications\\/practitioners\\/cspo-certification\\\" target=\\\"_blank\\\">Certified Scrum Product Owner<\\/a> and <a href=\\\"https:\\/\\/www.scrumalliance.org\\/certifications\\/practitioners\\/certified-scrummaster-csm\\\" target=\\\"_blank\\\">Certified ScrumMaster<sup>\\u00ae<\\/sup><\\/a> through&nbsp;<a href=\\\"https:\\/\\/www.scrumalliance.org\\/\\\" target=\\\"_blank\\\">Scrum Alliance<\\/a>, and joined a local agile users\' group.I&nbsp;quickly began to advise my team on how to better apply these methodologies, and to the organization at large through feedback to the agile coaches guiding the organizational agile transformation.<\\/p>\\r\\n\\r\\n\\r\\n\\r\\n\\r\\n\\r\\n\\r\\n\\r\\n<p>From a technical perspective, I&nbsp;grew in several ways.&nbsp;Though the site utilized the <a href=\\\"https:\\/\\/craftcms.com\\/\\\">Craft&nbsp;CMS<\\/a>&nbsp;to a degree, much of the initial&nbsp;development we were doing did not utilize the CMS. The lion\'s share of the initial work involved building&nbsp;a custom plugin for generating insurance quotes via calls to APIs built by other teams within the organization. This work afforded me the opportunity to use PHP&nbsp;in ways that I&nbsp;had not known it was capable, specifically using it as a middle layer between an Angular front end and the APIs.<\\/p>\\r\\n\\r\\n\\r\\n\\r\\n\\r\\n\\r\\n\\r\\n\\r\\n<p>As this initial setup tapered off, we began to tie the content of our site into Craft. As we did so,&nbsp;I&nbsp;developed a great appreciation for&nbsp;Craft. We utilized every feature of Craft&nbsp;<br><\\/p>\",\"20\":{\"date\":\"\"},\"15\":\"1\",\"12\":[\"39\"],\"14\":\"\",\"11\":\"<p>This project was an initiative to launch a new, web-based subsidiary of a larger insurance company.&nbsp;I would like to give you a backstage pass to my imagination. I wrestled a bear once. A 750lbs black bear. Go with the feeling of the nature. Take it easy. Know why you\'re here. And remeber to balance your internal energy with the environment.<\\/p>\",\"7\":\"\",\"21\":\"<p>This project was an initiative to launch a new, web-based subsidiary of a larger insurance company.<\\/p>\",\"16\":[\"34\",\"36\",\"35\",\"38\",\"32\",\"37\",\"31\",\"33\"],\"19\":{\"date\":\"6\\/15\\/2015\"},\"17\":\"www.sayinsurance.com\",\"18\":\"https:\\/\\/\"}}', '2016-09-03 03:22:16', '2016-09-03 03:22:16', '829e5dda-3e9d-405c-9d15-de0416f9b4fa'),
 ('99', '30', '4', '1', 'en_us', '16', '', '{\"typeId\":\"4\",\"authorId\":\"1\",\"title\":\"Say Insurance\",\"slug\":\"say-insurance\",\"postDate\":1433118900,\"expiryDate\":null,\"enabled\":1,\"parentId\":null,\"fields\":{\"1\":\"<p>This project was an initiative to launch a new, web-based subsidiary of a larger insurance company.<\\/p>\\r\\n\\r\\n<p>The company used this initiative to experiment with new technologies and&nbsp;workflow methodologies. Among these new technologies and methodologies are:<\\/p>\\r\\n\\r\\n\\r\\n\\r\\n\\r\\n\\r\\n\\r\\n\\r\\n\\r\\n\\r\\n\\r\\n\\r\\n\\r\\n\\r\\n\\r\\n\\r\\n\\r\\n\\r\\n<p>New to me:<\\/p>\\r\\n\\r\\n\\r\\n\\r\\n\\r\\n\\r\\n\\r\\n\\r\\n\\r\\n\\r\\n\\r\\n\\r\\n\\r\\n\\r\\n\\r\\n\\r\\n\\r\\n\\r\\n<ul><li>PHPUnit<\\/li><li>Jasmine unit testing framework<\\/li><\\/ul>\\r\\n\\r\\n<p>New to the company:<\\/p>\\r\\n\\r\\n\\r\\n\\r\\n\\r\\n\\r\\n\\r\\n\\r\\n\\r\\n\\r\\n\\r\\n\\r\\n\\r\\n\\r\\n\\r\\n\\r\\n\\r\\n\\r\\n<ul><li>Linux<\\/li><li>MySQL<\\/li><li>PHP<\\/li><\\/ul>\\r\\n\\r\\n<p>New to everyone involved:<\\/p>\\r\\n\\r\\n\\r\\n\\r\\n\\r\\n\\r\\n\\r\\n\\r\\n\\r\\n\\r\\n\\r\\n\\r\\n\\r\\n\\r\\n\\r\\n\\r\\n\\r\\n\\r\\n<ul><li>Agile, specifically&nbsp;Scrum<\\/li><li>Craft CMS<\\/li><li>Amazon Web Services<\\/li><li>Angular<\\/li><\\/ul>\\r\\n\\r\\n<p>As a result of these experiments, I&nbsp;have grown as a developer and a coworker in leaps and bounds. Most notably, I&nbsp;discovered agile methodologies. Upon discovering Scrum, I quickly began to read everything I could find on agile and Scrum. I went to <a href=\\\"https:\\/\\/adcwest.techwell.com\\/\\\" target=\\\"_blank\\\">Agile Dev West<\\/a> and&nbsp;<a href=\\\"http:\\/\\/agilegravyinc.com\\/\\\" target=\\\"_blank\\\">Agile Gravy<\\/a>,&nbsp;became&nbsp;a <a href=\\\"https:\\/\\/www.scrumalliance.org\\/certifications\\/practitioners\\/cspo-certification\\\" target=\\\"_blank\\\">Certified Scrum Product Owner<\\/a> and <a href=\\\"https:\\/\\/www.scrumalliance.org\\/certifications\\/practitioners\\/certified-scrummaster-csm\\\" target=\\\"_blank\\\">Certified ScrumMaster<sup>\\u00ae<\\/sup><\\/a> through&nbsp;<a href=\\\"https:\\/\\/www.scrumalliance.org\\/\\\" target=\\\"_blank\\\">Scrum Alliance<\\/a>, and joined a local agile users\' group.I&nbsp;quickly began to advise my team on how to better apply these methodologies, and to the organization at large through feedback to the agile coaches guiding the organizational agile transformation.<\\/p>\\r\\n\\r\\n\\r\\n\\r\\n\\r\\n\\r\\n\\r\\n\\r\\n\\r\\n\\r\\n<p>From a technical perspective, I&nbsp;grew in several ways.&nbsp;Though the site utilized the <a href=\\\"https:\\/\\/craftcms.com\\/\\\">Craft&nbsp;CMS<\\/a>&nbsp;to a degree, much of the initial&nbsp;development we were doing did not utilize the CMS. The lion\'s share of the initial work involved building&nbsp;a custom plugin for generating insurance quotes via calls to APIs built by other teams within the organization. This work afforded me the opportunity to use PHP&nbsp;in ways that I&nbsp;had not known it was capable, specifically using it as a middle layer between an Angular front end and the APIs.<\\/p>\\r\\n\\r\\n\\r\\n\\r\\n\\r\\n\\r\\n\\r\\n\\r\\n\\r\\n\\r\\n<p>As this initial setup tapered off, we began to tie the content of our site into Craft. As we did so,&nbsp;I&nbsp;developed a great appreciation for&nbsp;Craft. We utilized every feature of Craft&nbsp;<br><\\/p>\",\"20\":{\"date\":\"\"},\"15\":\"1\",\"12\":[\"39\"],\"14\":\"\",\"11\":\"<p>This project was an initiative to launch a new, web-based subsidiary of a larger insurance company.&nbsp;<\\/p>\",\"7\":\"\",\"21\":\"<p>This project was an initiative to launch a new, web-based subsidiary of a larger insurance company.<\\/p>\",\"16\":[\"34\",\"36\",\"35\",\"38\",\"32\",\"37\",\"31\",\"33\"],\"19\":{\"date\":\"6\\/15\\/2015\"},\"17\":\"www.sayinsurance.com\",\"18\":\"https:\\/\\/\"}}', '2016-09-03 03:40:51', '2016-09-03 03:40:51', '57446049-b57f-4f39-a3f9-fcc7952a5d28'),
 ('100', '43', '4', '1', 'en_us', '10', '', '{\"typeId\":\"4\",\"authorId\":\"1\",\"title\":\"Daniel Boone Regional Library\",\"slug\":\"daniel-boone-regional-library\",\"postDate\":1472700960,\"expiryDate\":null,\"enabled\":1,\"parentId\":null,\"fields\":{\"1\":\"<p>Stuff<\\/p>\",\"20\":{\"date\":\"6\\/15\\/2015\"},\"15\":\"1\",\"12\":[\"55\"],\"14\":\"up down\",\"11\":\"\",\"7\":\"\",\"21\":\"<p>Yada, yada.<\\/p>\",\"16\":[\"31\",\"40\",\"41\",\"32\",\"42\"],\"19\":{\"date\":\"8\\/1\\/2013\"},\"17\":\"www.dbrl.org\",\"18\":\"http:\\/\\/\"}}', '2016-09-03 07:53:04', '2016-09-03 07:53:04', '56688611-122d-43c9-96dd-71b4e2e83b3d'),
 ('102', '56', '10', '1', 'en_us', '1', '', '{\"typeId\":\"16\",\"authorId\":\"1\",\"title\":\"Angular\",\"slug\":\"angular\",\"postDate\":1473044456,\"expiryDate\":null,\"enabled\":1,\"parentId\":null,\"fields\":{\"19\":{\"date\":\"6\\/6\\/2015\"},\"31\":\"3\"}}', '2016-09-05 03:00:56', '2016-09-05 03:00:56', 'bee77e41-3f7d-4c47-a86a-4ec2ac8a8b3b'),
 ('103', '57', '10', '1', 'en_us', '1', '', '{\"typeId\":\"16\",\"authorId\":\"1\",\"title\":\"JavaScript\",\"slug\":\"javascript\",\"postDate\":1473044503,\"expiryDate\":null,\"enabled\":1,\"parentId\":null,\"fields\":{\"19\":{\"date\":\"6\\/1\\/2014\"},\"31\":\"5\"}}', '2016-09-05 03:01:43', '2016-09-05 03:01:43', '92b45498-26c5-497a-b9b7-6e92befa3ceb'),
 ('104', '57', '10', '1', 'en_us', '2', '', '{\"typeId\":\"16\",\"authorId\":\"1\",\"title\":\"JavaScript\",\"slug\":\"javascript\",\"postDate\":1473044460,\"expiryDate\":null,\"enabled\":1,\"parentId\":null,\"fields\":{\"19\":{\"date\":\"6\\/1\\/2014\"},\"31\":\"5\"}}', '2016-09-05 03:02:00', '2016-09-05 03:02:00', '7c33eed8-c93b-4f02-a467-dd9d9cedc36b'),
 ('105', '56', '10', '1', 'en_us', '2', '', '{\"typeId\":\"19\",\"authorId\":\"1\",\"title\":\"Angular\",\"slug\":\"angular\",\"postDate\":1473044400,\"expiryDate\":null,\"enabled\":1,\"parentId\":null,\"fields\":{\"19\":{\"date\":\"6\\/6\\/2015\"},\"31\":\"3\"}}', '2016-09-05 03:02:07', '2016-09-05 03:02:07', '20b211db-f160-4cef-aace-7f6c2f05e2be'),
 ('106', '58', '10', '1', 'en_us', '1', '', '{\"typeId\":\"19\",\"authorId\":\"1\",\"title\":\"jQuery\",\"slug\":\"jquery\",\"postDate\":1473044555,\"expiryDate\":null,\"enabled\":1,\"parentId\":null,\"fields\":{\"19\":{\"date\":\"6\\/1\\/2012\"},\"31\":\"5\"}}', '2016-09-05 03:02:35', '2016-09-05 03:02:35', 'a0aa6169-fc22-431c-be5e-cbf3efd0bba1'),
 ('107', '59', '10', '1', 'en_us', '1', '', '{\"typeId\":\"16\",\"authorId\":\"1\",\"title\":\"PHP\",\"slug\":\"php\",\"postDate\":1473044573,\"expiryDate\":null,\"enabled\":1,\"parentId\":null,\"fields\":{\"19\":{\"date\":\"1\\/1\\/2015\"},\"31\":\"4\"}}', '2016-09-05 03:02:53', '2016-09-05 03:02:53', '48aa453f-6d65-4d08-9867-7f9ca6f5732d'),
 ('108', '57', '10', '1', 'en_us', '3', '', '{\"typeId\":\"16\",\"authorId\":\"1\",\"title\":\"JavaScript\",\"slug\":\"javascript\",\"postDate\":1473044460,\"expiryDate\":null,\"enabled\":1,\"parentId\":null,\"fields\":{\"19\":{\"date\":\"6\\/1\\/2014\"},\"31\":\"5\"}}', '2016-09-05 03:02:59', '2016-09-05 03:02:59', '669faca3-cdb9-4dc1-b502-b7ee7f6435c8'),
 ('109', '60', '10', '1', 'en_us', '1', '', '{\"typeId\":\"18\",\"authorId\":\"1\",\"title\":\"Scrum\",\"slug\":\"scrum\",\"postDate\":1473044601,\"expiryDate\":null,\"enabled\":1,\"parentId\":null,\"fields\":{\"19\":{\"date\":\"6\\/1\\/2015\"},\"31\":\"4\"}}', '2016-09-05 03:03:21', '2016-09-05 03:03:21', '2414cec7-437c-4e8c-9726-cb2803e539b0'),
 ('110', '61', '10', '1', 'en_us', '1', '', '{\"typeId\":\"18\",\"authorId\":\"1\",\"title\":\"Kanban\",\"slug\":\"kanban\",\"postDate\":1473044651,\"expiryDate\":null,\"enabled\":1,\"parentId\":null,\"fields\":{\"19\":{\"date\":\"9\\/1\\/2015\"},\"31\":\"3\"}}', '2016-09-05 03:04:11', '2016-09-05 03:04:11', '169db4ba-a527-4f24-9230-e96f66454bcc'),
 ('111', '61', '10', '1', 'en_us', '2', '', '{\"typeId\":\"18\",\"authorId\":\"1\",\"title\":\"Kanban\",\"slug\":\"kanban\",\"postDate\":1473044640,\"expiryDate\":null,\"enabled\":1,\"parentId\":null,\"fields\":{\"19\":{\"date\":\"9\\/1\\/2015\"},\"31\":\"3\"}}', '2016-09-05 03:04:21', '2016-09-05 03:04:21', '4870e9c7-0056-4d91-8cb0-4bb780e1e730'),
 ('112', '62', '10', '1', 'en_us', '1', '', '{\"typeId\":\"18\",\"authorId\":\"1\",\"title\":\"XP\",\"slug\":\"xp\",\"postDate\":1473044696,\"expiryDate\":null,\"enabled\":1,\"parentId\":null,\"fields\":{\"19\":{\"date\":\"6\\/1\\/2016\"},\"31\":\"2\"}}', '2016-09-05 03:04:56', '2016-09-05 03:04:56', 'fcb5fc48-4be3-4dc5-8d0b-9f92c237cdc2'),
 ('113', '56', '10', '1', 'en_us', '3', '', '{\"typeId\":\"19\",\"authorId\":\"1\",\"title\":\"Angular\",\"slug\":\"angular\",\"postDate\":1473044400,\"expiryDate\":null,\"enabled\":1,\"parentId\":null,\"fields\":{\"19\":{\"date\":\"6\\/6\\/2015\"},\"31\":\"3\"}}', '2016-09-05 03:06:54', '2016-09-05 03:06:54', '485cb196-039c-45cb-9981-e2166667fd48'),
 ('114', '54', '9', '1', 'en_us', '2', '', '{\"typeId\":\"13\",\"authorId\":\"1\",\"title\":\"Agile Gravy\",\"slug\":\"agile-gravy\",\"postDate\":1472776620,\"expiryDate\":null,\"enabled\":1,\"parentId\":null,\"fields\":{\"26\":{\"date\":\"9\\/29\\/2016\"},\"17\":\"agilegravyinc.com\\/\",\"18\":\"http:\\/\\/\"}}', '2016-09-07 03:14:10', '2016-09-07 03:14:10', '07789df6-f650-422b-869d-6b4d9fd36f43'),
 ('115', '64', '2', '1', 'en_us', '1', '', '{\"typeId\":\"8\",\"authorId\":\"1\",\"title\":\"New Site!\",\"slug\":\"new-site\",\"postDate\":1473297816,\"expiryDate\":null,\"enabled\":1,\"parentId\":null,\"fields\":{\"1\":\"<p>If you\'ve been paying attention to my site, you\'ve probably noticed that it looks a little different than it used to. It\'s not just the look of the site though, it\'s a whole new website, inside and out. I\'ve completely rebuilt the site from the ground up in <a href=\\\"https:\\/\\/craftcms.com\\/\\\" target=\\\"_blank\\\">Craft<\\/a>. Craft offers a lot of development opportunities that were prohibitively time consuming in my old CMS, <a href=\\\"https:\\/\\/wordpress.org\\/\\\" target=\\\"_blank\\\">Wordpress<\\/a>. I\'ve already done a few things that I\'d been putting off in Wordpress and plan on doing quite a few more.&nbsp;<\\/p>\",\"15\":\"1\",\"12\":[\"63\"],\"14\":\"\",\"11\":\"<p>If you\'ve been paying attention to my site, you\'ve probably noticed that it looks a little different than it used to. It\'s not just the look of the site though, it\'s a whole new website, inside and out. I\'ve completely rebuilt the site from the ground up in&nbsp;<a href=\\\"https:\\/\\/craftcms.com\\/\\\" target=\\\"_blank\\\">Craft<\\/a>. Craft offers a lot of development opportunities that were prohibitively time consuming in my old CMS,&nbsp;<a href=\\\"https:\\/\\/wordpress.org\\/\\\" target=\\\"_blank\\\">Wordpress<\\/a>. I\'ve already done a few things that I\'d been putting off in Wordpress and plan on doing quite a few more.&nbsp;<\\/p>\"}}', '2016-09-08 01:23:36', '2016-09-08 01:23:36', '26a4eb00-d725-4aac-8bd9-81cf22d5471a'),
 ('116', '65', '11', '1', 'en_us', '1', '', '{\"typeId\":null,\"authorId\":\"1\",\"title\":\"Joe blow\",\"slug\":\"joe-blow\",\"postDate\":1473298748,\"expiryDate\":null,\"enabled\":1,\"parentId\":null,\"fields\":{\"1\":\"<p>Jim is the bestest person I\'ve ever worked with. He\'s so freaking awesome.<\\/p>\",\"7\":[\"26\"]}}', '2016-09-08 01:39:09', '2016-09-08 01:39:09', '1c40ceda-c067-4839-a77f-3bfe4e20f4fd'),
 ('117', '30', '4', '1', 'en_us', '17', '', '{\"typeId\":\"4\",\"authorId\":\"1\",\"title\":\"Say Insurance\",\"slug\":\"say-insurance\",\"postDate\":1433118900,\"expiryDate\":null,\"enabled\":1,\"parentId\":null,\"fields\":{\"1\":\"<p>This project was an initiative to launch a new, web-based subsidiary of a larger insurance company.<\\/p>\\r\\n\\r\\n<p>The company used this initiative to experiment with new technologies and&nbsp;workflow methodologies. Among these new technologies and methodologies are:<\\/p>\\r\\n\\r\\n\\r\\n\\r\\n\\r\\n\\r\\n\\r\\n\\r\\n\\r\\n\\r\\n\\r\\n\\r\\n\\r\\n\\r\\n\\r\\n\\r\\n\\r\\n\\r\\n\\r\\n\\r\\n<p>New to me:<\\/p>\\r\\n\\r\\n\\r\\n\\r\\n\\r\\n\\r\\n\\r\\n\\r\\n\\r\\n\\r\\n\\r\\n\\r\\n\\r\\n\\r\\n\\r\\n\\r\\n\\r\\n\\r\\n\\r\\n\\r\\n<ul><li>PHPUnit<\\/li><li>Jasmine unit testing framework<\\/li><\\/ul>\\r\\n\\r\\n<p>New to the company:<\\/p>\\r\\n\\r\\n\\r\\n\\r\\n\\r\\n\\r\\n\\r\\n\\r\\n\\r\\n\\r\\n\\r\\n\\r\\n\\r\\n\\r\\n\\r\\n\\r\\n\\r\\n\\r\\n\\r\\n\\r\\n<ul><li>Linux<\\/li><li>MySQL<\\/li><li>PHP<\\/li><\\/ul>\\r\\n\\r\\n<p>New to everyone involved:<\\/p>\\r\\n\\r\\n\\r\\n\\r\\n\\r\\n\\r\\n\\r\\n\\r\\n\\r\\n\\r\\n\\r\\n\\r\\n\\r\\n\\r\\n\\r\\n\\r\\n\\r\\n\\r\\n\\r\\n\\r\\n<ul><li>Agile, specifically&nbsp;Scrum<\\/li><li>Craft CMS<\\/li><li>Amazon Web Services<\\/li><li>Angular<\\/li><\\/ul>\\r\\n\\r\\n<p>As a result of these experiments, I&nbsp;have grown as a developer and a coworker in leaps and bounds. Most notably, I&nbsp;discovered agile methodologies. Upon discovering Scrum, I quickly began to read everything I could find on agile and Scrum. I went to <a href=\\\"https:\\/\\/adcwest.techwell.com\\/\\\" target=\\\"_blank\\\">Agile Dev West<\\/a> and&nbsp;<a href=\\\"http:\\/\\/agilegravyinc.com\\/\\\" target=\\\"_blank\\\">Agile Gravy<\\/a>,&nbsp;became&nbsp;a <a href=\\\"https:\\/\\/www.scrumalliance.org\\/certifications\\/practitioners\\/cspo-certification\\\" target=\\\"_blank\\\">Certified Scrum Product Owner<\\/a> and <a href=\\\"https:\\/\\/www.scrumalliance.org\\/certifications\\/practitioners\\/certified-scrummaster-csm\\\" target=\\\"_blank\\\">Certified ScrumMaster<sup>\\u00ae<\\/sup><\\/a> through&nbsp;<a href=\\\"https:\\/\\/www.scrumalliance.org\\/\\\" target=\\\"_blank\\\">Scrum Alliance<\\/a>, and joined a local agile users\' group.I&nbsp;quickly began to advise my team on how to better apply these methodologies, and to the organization at large through feedback to the agile coaches guiding the organizational agile transformation.<\\/p>\\r\\n\\r\\n\\r\\n\\r\\n\\r\\n\\r\\n\\r\\n\\r\\n\\r\\n\\r\\n\\r\\n\\r\\n<p>From a technical perspective, I&nbsp;grew in several ways.&nbsp;Though the site utilized the <a href=\\\"https:\\/\\/craftcms.com\\/\\\">Craft&nbsp;CMS<\\/a>&nbsp;to a degree, much of the initial&nbsp;development we were doing did not utilize the CMS. The lion\'s share of the initial work involved building&nbsp;a custom plugin for generating insurance quotes via calls to APIs built by other teams within the organization. This work afforded me the opportunity to use PHP&nbsp;in ways that I&nbsp;had not known it was capable, specifically using it as a middle layer between an Angular front end and the APIs.<\\/p>\\r\\n\\r\\n\\r\\n\\r\\n\\r\\n\\r\\n\\r\\n\\r\\n\\r\\n\\r\\n\\r\\n\\r\\n<p>As this initial setup tapered off, we began to tie the content of our site into Craft. As we did so,&nbsp;I&nbsp;developed a great appreciation for&nbsp;Craft. We utilized every feature of Craft&nbsp;<br><\\/p>\",\"20\":{\"date\":\"\"},\"15\":\"1\",\"12\":[\"39\"],\"14\":\"\",\"11\":\"<p>This project was an initiative to launch a new, web-based subsidiary of a larger insurance company.&nbsp;<\\/p>\",\"7\":\"\",\"21\":\"<p>This project was an initiative to launch a new, web-based subsidiary of a larger insurance company.<\\/p>\",\"16\":[\"34\",\"36\",\"35\",\"38\",\"32\",\"37\",\"31\",\"33\"],\"19\":{\"date\":\"6\\/15\\/2015\"},\"32\":[\"65\"],\"17\":\"www.sayinsurance.com\",\"18\":\"https:\\/\\/\"}}', '2016-09-08 01:43:04', '2016-09-08 01:43:04', 'fbbdddc5-db68-4fb1-a464-3026f2600c14'),
 ('119', '64', '2', '1', 'en_us', '2', '', '{\"typeId\":\"8\",\"authorId\":\"1\",\"title\":\"New Site!\",\"slug\":\"new-site\",\"postDate\":1473297780,\"expiryDate\":null,\"enabled\":1,\"parentId\":null,\"fields\":{\"1\":\"<p>If you\'ve been paying attention to my site, you\'ve probably noticed that it looks a little different than it used to. It\'s not just the look of the site though, it\'s a whole new website, inside and out. I\'ve completely rebuilt the site from the ground up in <a href=\\\"https:\\/\\/craftcms.com\\/\\\" target=\\\"_blank\\\">Craft<\\/a>. Craft offers a lot of development opportunities that were prohibitively time consuming in my old CMS, <a href=\\\"https:\\/\\/wordpress.org\\/\\\" target=\\\"_blank\\\">Wordpress<\\/a>. I\'ve already done a few things that I\'d been putting off in Wordpress and plan on doing quite a few more.&nbsp;<\\/p><p>I&nbsp;first learned about Craft at my job with <a href=\\\"http:\\/\\/localhost\\/dev\\/www\\/web-development\\/say-insurance#entry:30\\\">Say Insurance<\\/a>. We&nbsp;were using Craft for the website that we built there. I&nbsp;found it to be a robust and flexible content management system. It does a very good job of separating the content from the functionality of the website. This makes development very easy. Wordpress ties functionality and settings&nbsp;into the content management system (and <a href=\\\"https:\\/\\/www.drupal.org\\/\\\" target=\\\"_blank\\\">Drupal<\\/a> does it even more so). Craft lets you define your content types however you want, with whatever fields you want, and then you decide what to do with them. This separation of content from settings and functionality means that you spend more&nbsp;time building and less time managing CMS&nbsp;settings.<\\/p><p>One of the things that i\'d been wanting to do for a long time is build an <a href=\\\"http:\\/\\/jimchrsite.me\\/art\\\">art portfolio<\\/a>. Craft makes this super easy. I&nbsp;made a new content type, laid out the template, and that was it. With Wordpress, Just making a new content type in Wordpress isn\'t completely straight forward. And then, to make a new template with the features I wanted, I would have had to make a completely new&nbsp;plugin. This functionality is just built into Craft.<\\/p>\",\"15\":\"1\",\"12\":[\"63\"],\"14\":\"\",\"11\":\"<p>If you\'ve been paying attention to my site, you\'ve probably noticed that it looks a little different than it used to. It\'s not just the look of the site though, it\'s a whole new website, inside and out. I\'ve completely rebuilt the site from the ground up in&nbsp;<a href=\\\"https:\\/\\/craftcms.com\\/\\\" target=\\\"_blank\\\">Craft<\\/a>. Craft offers a lot of development opportunities that were prohibitively time consuming in my old CMS,&nbsp;<a href=\\\"https:\\/\\/wordpress.org\\/\\\" target=\\\"_blank\\\">Wordpress<\\/a>. I\'ve already done a few things that I\'d been putting off in Wordpress and plan on doing quite a few more.&nbsp;<\\/p>\"}}', '2016-09-08 02:26:26', '2016-09-08 02:26:26', 'd62d40e8-7a82-464e-9ff9-ebff2ff89aa0'),
 ('120', '64', '2', '1', 'en_us', '3', '', '{\"typeId\":\"8\",\"authorId\":\"1\",\"title\":\"New Site!\",\"slug\":\"new-site\",\"postDate\":1473297780,\"expiryDate\":null,\"enabled\":1,\"parentId\":null,\"fields\":{\"1\":\"<p>If you\'ve been paying attention to my site, you\'ve probably noticed that it looks a little different than it used to. It\'s not just the look of the site though, it\'s a whole new website, inside and out. I\'ve completely rebuilt the site from the ground up in <a href=\\\"https:\\/\\/craftcms.com\\/\\\" target=\\\"_blank\\\">Craft<\\/a>. Craft offers a lot of development opportunities that were prohibitively time consuming in my old CMS, <a href=\\\"https:\\/\\/wordpress.org\\/\\\" target=\\\"_blank\\\">Wordpress<\\/a>. I\'ve already done a few things that I\'d been putting off in Wordpress and plan on doing quite a few more.&nbsp;<\\/p>\\r\\n\\r\\n<p>I&nbsp;first learned about Craft at my job with <a href=\\\"http:\\/\\/localhost\\/dev\\/www\\/web-development\\/say-insurance#entry:30:url\\\">Say Insurance<\\/a>. We&nbsp;were using Craft for the website that we built there. I&nbsp;found it to be a robust and flexible content management system. It does a very good job of separating the content from the functionality of the website. This makes development very easy. Wordpress ties functionality and settings&nbsp;into the content management system (and <a href=\\\"https:\\/\\/www.drupal.org\\/\\\" target=\\\"_blank\\\">Drupal<\\/a> does it even more so). Craft lets you define your content types however you want, with whatever fields you want, and then you decide what to do with them. This separation of content from settings and functionality means that you spend more&nbsp;time building and less time managing CMS&nbsp;settings.<\\/p>\\r\\n\\r\\n<p>One of the things that i\'d been wanting to do for a long time is build an <a href=\\\"http:\\/\\/jimchrsite.me\\/art\\\">art portfolio<\\/a>. Craft makes this super easy. I&nbsp;made a new content type, laid out the template, and that was it. With Wordpress, Just making a new content type in Wordpress isn\'t completely straight forward. And then, to make a new template with the features I wanted, I would have had to make a completely new&nbsp;plugin. This functionality is just built into Craft.<\\/p>\",\"15\":\"1\",\"12\":[\"66\",\"63\"],\"14\":\"\",\"11\":\"<p>If you\'ve been paying attention to my site, you\'ve probably noticed that it looks a little different than it used to. It\'s not just the look of the site though, it\'s a whole new website, inside and out. I\'ve completely rebuilt the site from the ground up in&nbsp;<a href=\\\"https:\\/\\/craftcms.com\\/\\\" target=\\\"_blank\\\">Craft<\\/a>. Craft offers a lot of development opportunities that were prohibitively time consuming in my old CMS,&nbsp;<a href=\\\"https:\\/\\/wordpress.org\\/\\\" target=\\\"_blank\\\">Wordpress<\\/a>. I\'ve already done a few things that I\'d been putting off in Wordpress and plan on doing quite a few more.&nbsp;<\\/p>\"}}', '2016-09-09 00:22:48', '2016-09-09 00:22:48', 'eb6ac09b-b36e-40c1-9ab4-5d3909c84741'),
 ('121', '64', '2', '1', 'en_us', '4', '', '{\"typeId\":\"8\",\"authorId\":\"1\",\"title\":\"New Site!\",\"slug\":\"new-site\",\"postDate\":1473297780,\"expiryDate\":null,\"enabled\":1,\"parentId\":null,\"fields\":{\"1\":\"<p>If you\'ve been paying attention to my site, you\'ve probably noticed that it looks a little different than it used to. It\'s not just the look of the site though, it\'s a whole new website, inside and out. I\'ve completely rebuilt the site from the ground up in <a href=\\\"https:\\/\\/craftcms.com\\/\\\" target=\\\"_blank\\\">Craft<\\/a>. Craft offers a lot of development opportunities that were prohibitively time consuming in my old CMS, <a href=\\\"https:\\/\\/wordpress.org\\/\\\" target=\\\"_blank\\\">Wordpress<\\/a>. I\'ve already done a few things that I\'d been putting off in Wordpress and plan on doing quite a few more.&nbsp;<\\/p>\\r\\n\\r\\n<p>I&nbsp;first learned about Craft at my job with <a href=\\\"http:\\/\\/localhost\\/dev\\/www\\/web-development\\/say-insurance#entry:30:url\\\">Say Insurance<\\/a>. We&nbsp;were using Craft for the website that we built there. I&nbsp;found it to be a robust and flexible content management system. It does a very good job of separating the content from the functionality of the website. This makes development very easy. Wordpress ties functionality and settings&nbsp;into the content management system (and <a href=\\\"https:\\/\\/www.drupal.org\\/\\\" target=\\\"_blank\\\">Drupal<\\/a> does it even more so). Craft lets you define your content types however you want, with whatever fields you want, and then you decide what to do with them. This separation of content from settings and functionality means that you spend more&nbsp;time building and less time managing CMS&nbsp;settings.<\\/p>\\r\\n\\r\\n\\r\\n\\r\\n<p>One of the things that i\'d been wanting to do for a long time is build an <a href=\\\"http:\\/\\/jimchrsite.me\\/art\\\">art portfolio<\\/a>. Craft makes this super easy. I&nbsp;made a new content type, laid out the template, and that was it. With Wordpress, Just making a new content type in Wordpress isn\'t completely straight forward. And then, to make a new template with the features I wanted, I would have had to make a completely new&nbsp;plugin. This functionality is just built into Craft.<\\/p>\",\"15\":\"1\",\"12\":[\"63\",\"66\"],\"14\":\"\",\"11\":\"<p>If you\'ve been paying attention to my site, you\'ve probably noticed that it looks a little different than it used to. It\'s not just the look of the site though, it\'s a whole new website, inside and out. I\'ve completely rebuilt the site from the ground up in&nbsp;<a href=\\\"https:\\/\\/craftcms.com\\/\\\" target=\\\"_blank\\\">Craft<\\/a>. Craft offers a lot of development opportunities that were prohibitively time consuming in my old CMS,&nbsp;<a href=\\\"https:\\/\\/wordpress.org\\/\\\" target=\\\"_blank\\\">Wordpress<\\/a>. I\'ve already done a few things that I\'d been putting off in Wordpress and plan on doing quite a few more.&nbsp;<\\/p>\"}}', '2016-09-09 00:24:15', '2016-09-09 00:24:15', '83ee0603-6e11-4370-9ffd-b36645188478'),
 ('122', '64', '2', '1', 'en_us', '5', '', '{\"typeId\":\"8\",\"authorId\":\"1\",\"title\":\"New Site!\",\"slug\":\"new-site\",\"postDate\":1473297780,\"expiryDate\":null,\"enabled\":1,\"parentId\":null,\"fields\":{\"1\":\"<p>If you\'ve been paying attention to my site, you\'ve probably noticed that it looks a little different than it used to. It\'s not just the look of the site though, it\'s a whole new website, inside and out. I\'ve completely rebuilt the site from the ground up in <a href=\\\"https:\\/\\/craftcms.com\\/\\\" target=\\\"_blank\\\">Craft<\\/a>. Craft offers a lot of development opportunities that were prohibitively time consuming in my old CMS, <a href=\\\"https:\\/\\/wordpress.org\\/\\\" target=\\\"_blank\\\">Wordpress<\\/a>. I\'ve already done a few things that I\'d been putting off in Wordpress and plan on doing quite a few more.&nbsp;<\\/p>\\r\\n\\r\\n<p>I&nbsp;first learned about Craft at my job with <a href=\\\"http:\\/\\/localhost\\/dev\\/www\\/web-development\\/say-insurance#entry:30:url\\\">Say Insurance<\\/a>. We&nbsp;were using Craft for the website that we built there. I&nbsp;found it to be a robust and flexible content management system. It does a very good job of separating the content from the functionality of the website. This makes development very easy. Wordpress ties functionality and settings&nbsp;into the content management system (and <a href=\\\"https:\\/\\/www.drupal.org\\/\\\" target=\\\"_blank\\\">Drupal<\\/a> does it even more so). Craft lets you define your content types however you want, with whatever fields you want, and then you decide what to do with them. This separation of content from settings and functionality means that you spend more&nbsp;time building and less time managing CMS&nbsp;settings.<\\/p>\\r\\n\\r\\n\\r\\n\\r\\n\\r\\n\\r\\n<p>One of the things that i\'d been wanting to do for a long time is build an <a href=\\\"http:\\/\\/jimchrsite.me\\/art\\\">art portfolio<\\/a>. Craft makes this super easy. I&nbsp;made a new content type, laid out the template, and that was it. With Wordpress, Just making a new content type in Wordpress isn\'t completely straight forward. And then, to make a new template with the features I wanted, I would have had to make a completely new&nbsp;plugin. This functionality is just built into Craft.<\\/p>\",\"15\":\"1\",\"12\":[\"66\",\"63\"],\"14\":\"\",\"11\":\"<p>If you\'ve been paying attention to my site, you\'ve probably noticed that it looks a little different than it used to. It\'s not just the look of the site though, it\'s a whole new website, inside and out. I\'ve completely rebuilt the site from the ground up in&nbsp;<a href=\\\"https:\\/\\/craftcms.com\\/\\\" target=\\\"_blank\\\">Craft<\\/a>. Craft offers a lot of development opportunities that were prohibitively time consuming in my old CMS,&nbsp;<a href=\\\"https:\\/\\/wordpress.org\\/\\\" target=\\\"_blank\\\">Wordpress<\\/a>. I\'ve already done a few things that I\'d been putting off in Wordpress and plan on doing quite a few more.&nbsp;<\\/p>\"}}', '2016-09-09 00:25:09', '2016-09-09 00:25:09', 'b954c777-77fc-453a-a65f-a035d833429e'),
 ('123', '64', '2', '1', 'en_us', '6', '', '{\"typeId\":\"8\",\"authorId\":\"1\",\"title\":\"New Site!\",\"slug\":\"new-site\",\"postDate\":1473297780,\"expiryDate\":null,\"enabled\":1,\"parentId\":null,\"fields\":{\"1\":\"<p>If you\'ve been paying attention to my site, you\'ve probably noticed that it looks a little different than it used to. It\'s not just the look of the site though, it\'s a whole new website, inside and out. I\'ve completely rebuilt the site from the ground up in <a href=\\\"https:\\/\\/craftcms.com\\/\\\" target=\\\"_blank\\\">Craft<\\/a>. Craft offers a lot of development opportunities that were prohibitively time consuming in my old CMS, <a href=\\\"https:\\/\\/wordpress.org\\/\\\" target=\\\"_blank\\\">Wordpress<\\/a>. I\'ve already done a few things that I\'d been putting off in Wordpress and plan on doing quite a few more.&nbsp;<\\/p>\\r\\n\\r\\n<p>I&nbsp;first learned about Craft at my job with <a href=\\\"http:\\/\\/localhost\\/dev\\/www\\/web-development\\/say-insurance#entry:30:url\\\">Say Insurance<\\/a>. We&nbsp;were using Craft for the website that we built there. I&nbsp;found it to be a robust and flexible content management system. It does a very good job of separating the content from the functionality of the website. This makes development very easy. Wordpress ties functionality and settings&nbsp;into the content management system (and <a href=\\\"https:\\/\\/www.drupal.org\\/\\\" target=\\\"_blank\\\">Drupal<\\/a> does it even more so). Craft lets you define your content types however you want, with whatever fields you want, and then you decide what to do with them. This separation of content from settings and functionality means that you spend more&nbsp;time building and less time managing CMS&nbsp;settings.<\\/p>\\r\\n\\r\\n\\r\\n\\r\\n\\r\\n\\r\\n\\r\\n\\r\\n<p>One of the things that i\'d been wanting to do for a long time is build an <a href=\\\"http:\\/\\/jimchrsite.me\\/art\\\">art portfolio<\\/a>. Craft makes this super easy. I&nbsp;made a new content type, laid out the template, and that was it. With Wordpress, Just making a new content type in Wordpress isn\'t completely straight forward. And then, to make a new template with the features I wanted, I would have had to make a completely new&nbsp;plugin. This functionality is just built into Craft.<\\/p>\",\"15\":\"1\",\"12\":{\"new1\":{\"type\":\"image\",\"enabled\":\"1\",\"fields\":{\"image\":[\"66\"],\"focalPoint\":\"\",\"orientation\":\"landscape\",\"fill\":\"contain\"}}},\"14\":\"\",\"11\":\"<p>If you\'ve been paying attention to my site, you\'ve probably noticed that it looks a little different than it used to. It\'s not just the look of the site though, it\'s a whole new website, inside and out. I\'ve completely rebuilt the site from the ground up in&nbsp;<a href=\\\"https:\\/\\/craftcms.com\\/\\\" target=\\\"_blank\\\">Craft<\\/a>. Craft offers a lot of development opportunities that were prohibitively time consuming in my old CMS,&nbsp;<a href=\\\"https:\\/\\/wordpress.org\\/\\\" target=\\\"_blank\\\">Wordpress<\\/a>. I\'ve already done a few things that I\'d been putting off in Wordpress and plan on doing quite a few more.&nbsp;<\\/p>\"}}', '2016-09-10 02:05:35', '2016-09-10 02:05:35', '55f39219-2c01-4ecd-9d79-aef3e45ae37f'),
 ('124', '64', '2', '1', 'en_us', '7', '', '{\"typeId\":\"8\",\"authorId\":\"1\",\"title\":\"New Site!\",\"slug\":\"new-site\",\"postDate\":1473297780,\"expiryDate\":null,\"enabled\":1,\"parentId\":null,\"fields\":{\"1\":\"<p>If you\'ve been paying attention to my site, you\'ve probably noticed that it looks a little different than it used to. It\'s not just the look of the site though, it\'s a whole new website, inside and out. I\'ve completely rebuilt the site from the ground up in <a href=\\\"https:\\/\\/craftcms.com\\/\\\" target=\\\"_blank\\\">Craft<\\/a>. Craft offers a lot of development opportunities that were prohibitively time consuming in my old CMS, <a href=\\\"https:\\/\\/wordpress.org\\/\\\" target=\\\"_blank\\\">Wordpress<\\/a>. I\'ve already done a few things that I\'d been putting off in Wordpress and plan on doing quite a few more.&nbsp;<\\/p>\\r\\n\\r\\n<p>I&nbsp;first learned about Craft at my job with <a href=\\\"http:\\/\\/localhost\\/dev\\/www\\/web-development\\/say-insurance#entry:30:url\\\">Say Insurance<\\/a>. We&nbsp;were using Craft for the website that we built there. I&nbsp;found it to be a robust and flexible content management system. It does a very good job of separating the content from the functionality of the website. This makes development very easy. Wordpress ties functionality and settings&nbsp;into the content management system (and <a href=\\\"https:\\/\\/www.drupal.org\\/\\\" target=\\\"_blank\\\">Drupal<\\/a> does it even more so). Craft lets you define your content types however you want, with whatever fields you want, and then you decide what to do with them. This separation of content from settings and functionality means that you spend more&nbsp;time building and less time managing CMS&nbsp;settings.<\\/p>\\r\\n\\r\\n\\r\\n\\r\\n\\r\\n\\r\\n\\r\\n\\r\\n\\r\\n\\r\\n<p>One of the things that i\'d been wanting to do for a long time is build an <a href=\\\"http:\\/\\/jimchrsite.me\\/art\\\">art portfolio<\\/a>. Craft makes this super easy. I&nbsp;made a new content type, laid out the template, and that was it. With Wordpress, Just making a new content type in Wordpress isn\'t completely straight forward. And then, to make a new template with the features I wanted, I would have had to make a completely new&nbsp;plugin. This functionality is just built into Craft.<\\/p>\",\"15\":\"1\",\"12\":{\"67\":{\"type\":\"image\",\"enabled\":\"1\",\"fields\":{\"image\":[\"66\"],\"focalPoint\":\"\",\"orientation\":\"landscape\",\"fill\":\"contain\"}}},\"14\":\"\",\"11\":\"<p>If you\'ve been paying attention to my site, you\'ve probably noticed that it looks a little different than it used to. It\'s not just the look of the site though, it\'s a whole new website, inside and out. I\'ve completely rebuilt the site from the ground up in&nbsp;<a href=\\\"https:\\/\\/craftcms.com\\/\\\" target=\\\"_blank\\\">Craft<\\/a>. Craft offers a lot of development opportunities that were prohibitively time consuming in my old CMS,&nbsp;<a href=\\\"https:\\/\\/wordpress.org\\/\\\" target=\\\"_blank\\\">Wordpress<\\/a>. I\'ve already done a few things that I\'d been putting off in Wordpress and plan on doing quite a few more.&nbsp;<\\/p>\"}}', '2016-09-11 15:07:55', '2016-09-11 15:07:55', '35354132-c912-4193-aec7-2baa3d9eff5b'),
 ('125', '69', '2', '1', 'en_us', '1', '', '{\"typeId\":\"8\",\"authorId\":\"1\",\"title\":\"I made some art... Or did I?\",\"slug\":\"i-made-some-art-or-did-i\",\"postDate\":1473607597,\"expiryDate\":null,\"enabled\":1,\"parentId\":null,\"fields\":{\"1\":\"<p>The question \\\"What is art?\\\" has always been of interest to me. The subjective nature of art often leaves us questioning whether or not something truly is art. Jackson Pollack\'s works are a prime example. Is it truly art if someone is just slinging paint against a canvas?&nbsp;This was the question of the day when Jackson broke into the scene.&nbsp;<\\/p>\\r\\n\\r\\n<p>Nowadays, with computers, a new kind of question is arising:&nbsp;How much human intervention is required to make art?<\\/p>\",\"15\":\"1\",\"12\":{\"new1\":{\"type\":\"image\",\"enabled\":\"1\",\"fields\":{\"image\":[\"68\"],\"focalPoint\":\"\",\"orientation\":\"landscape\",\"fill\":\"cover\"}}},\"14\":\"\",\"11\":\"<p>The question \\\"What is art?\\\" has always been of interest to me. The subjective nature of art often leaves us questioning whether or not something truly is art. Jackson Pollack\'s works are a prime example. Is it truly art if someone is just slinging paint against a canvas?&nbsp;This was the question of the day when Jackson broke into the scene.&nbsp;<\\/p><p>Nowadays, with computers, a new kind of question is arising:&nbsp;How much human intervention is required to make art?<\\/p>\"}}', '2016-09-11 15:26:37', '2016-09-11 15:26:37', '9c0149b7-8923-44aa-aecc-0eb4b18bbc18'),
 ('126', '69', '2', '1', 'en_us', '2', '', '{\"typeId\":\"8\",\"authorId\":\"1\",\"title\":\"I made some art... Or did I?\",\"slug\":\"i-made-some-art-or-did-i\",\"postDate\":1473607560,\"expiryDate\":null,\"enabled\":1,\"parentId\":null,\"fields\":{\"1\":\"<p>The question \\\"What is art?\\\" has always been of interest to me. The subjective nature of art often leaves us questioning whether or not something truly is art. Jackson Pollack\'s works are a prime example. Is it truly art if someone is just slinging paint against a canvas?&nbsp;This was the question of the day when Jackson broke into the scene.&nbsp;<\\/p>\\r\\n\\r\\n<p>Nowadays, with computers, a new kind of question is arising:&nbsp;How much human intervention is required to make art?<\\/p>\",\"15\":\"1\",\"12\":{\"70\":{\"type\":\"image\",\"enabled\":\"1\",\"fields\":{\"image\":[\"68\"],\"focalPoint\":\"\",\"orientation\":\"landscape\",\"fill\":\"cover\"}}},\"14\":\"\",\"11\":\"<p>The question \\\"What is art?\\\" has always been of interest to me. The subjective nature of art often leaves us questioning whether or not something truly is art. Jackson Pollack\'s works are a prime example. Is it truly art if someone is just slinging paint against a canvas?&nbsp;This was the question of the day when Jackson broke into the scene.&nbsp;<\\/p>\\r\\n\\r\\n<p>Nowadays, with computers, a new kind of question is arising:&nbsp;How much human intervention is required to make art?<\\/p>\"}}', '2016-09-11 15:26:48', '2016-09-11 15:26:48', 'fa7b5abd-5050-479b-aa50-021397279638'),
 ('127', '69', '2', '1', 'en_us', '3', '', '{\"typeId\":\"9\",\"authorId\":\"1\",\"title\":\"I made some art... Or did I?\",\"slug\":\"i-made-some-art-or-did-i\",\"postDate\":1473607560,\"expiryDate\":null,\"enabled\":1,\"parentId\":null,\"fields\":{\"1\":\"<p>The question \\\"What is art?\\\" has always been of interest to me. The subjective nature of art often leaves us questioning whether or not something truly is art. Jackson Pollack\'s works are a prime example. Is it truly art if someone is just slinging paint against a canvas?&nbsp;This was the question of the day when Jackson broke into the scene.&nbsp;<\\/p>\\r\\n\\r\\n<p>Nowadays, with computers, a new kind of question is arising:&nbsp;How much human intervention is required to make art?<\\/p>\",\"15\":\"1\",\"12\":{\"70\":{\"type\":\"image\",\"enabled\":\"1\",\"fields\":{\"image\":[\"68\"],\"focalPoint\":\"\",\"orientation\":\"landscape\",\"fill\":\"cover\"}}},\"14\":\"\",\"11\":\"<p>The question \\\"What is art?\\\" has always been of interest to me. The subjective nature of art often leaves us questioning whether or not something truly is art. Jackson Pollack\'s works are a prime example. Is it truly art if someone is just slinging paint against a canvas?&nbsp;This was the question of the day when Jackson broke into the scene.&nbsp;<\\/p>\\r\\n\\r\\n<p>Nowadays, with computers, a new kind of question is arising:&nbsp;How much human intervention is required to make art?<\\/p>\"}}', '2016-09-11 15:27:29', '2016-09-11 15:27:29', '3f9398fa-e769-4f12-a48d-d2e7494801e0');
INSERT INTO `craft_entryversions` (`id`, `entryId`, `sectionId`, `creatorId`, `locale`, `num`, `notes`, `data`, `dateCreated`, `dateUpdated`, `uid`) VALUES
 ('128', '30', '4', '1', 'en_us', '18', '', '{\"typeId\":\"4\",\"authorId\":\"1\",\"title\":\"Say Insurance\",\"slug\":\"say-insurance\",\"postDate\":1433118900,\"expiryDate\":null,\"enabled\":1,\"parentId\":null,\"fields\":{\"1\":\"<p>This project was an initiative to launch a new, web-based subsidiary of a larger insurance company.<\\/p>\\r\\n\\r\\n<p>The company used this initiative to experiment with new technologies and&nbsp;workflow methodologies. Among these new technologies and methodologies are:<\\/p>\\r\\n\\r\\n\\r\\n\\r\\n\\r\\n\\r\\n\\r\\n\\r\\n\\r\\n\\r\\n\\r\\n\\r\\n\\r\\n\\r\\n\\r\\n\\r\\n\\r\\n\\r\\n\\r\\n\\r\\n\\r\\n\\r\\n<p>New to me:<\\/p>\\r\\n\\r\\n\\r\\n\\r\\n\\r\\n\\r\\n\\r\\n\\r\\n\\r\\n\\r\\n\\r\\n\\r\\n\\r\\n\\r\\n\\r\\n\\r\\n\\r\\n\\r\\n\\r\\n\\r\\n\\r\\n\\r\\n<ul><li>PHPUnit<\\/li><li>Jasmine unit testing framework<\\/li><\\/ul>\\r\\n\\r\\n<p>New to the company:<\\/p>\\r\\n\\r\\n\\r\\n\\r\\n\\r\\n\\r\\n\\r\\n\\r\\n\\r\\n\\r\\n\\r\\n\\r\\n\\r\\n\\r\\n\\r\\n\\r\\n\\r\\n\\r\\n\\r\\n\\r\\n\\r\\n\\r\\n<ul><li>Linux<\\/li><li>MySQL<\\/li><li>PHP<\\/li><\\/ul>\\r\\n\\r\\n<p>New to everyone involved:<\\/p>\\r\\n\\r\\n\\r\\n\\r\\n\\r\\n\\r\\n\\r\\n\\r\\n\\r\\n\\r\\n\\r\\n\\r\\n\\r\\n\\r\\n\\r\\n\\r\\n\\r\\n\\r\\n\\r\\n\\r\\n\\r\\n\\r\\n<ul><li>Agile, specifically&nbsp;Scrum<\\/li><li>Craft CMS<\\/li><li>Amazon Web Services<\\/li><li>Angular<\\/li><\\/ul>\\r\\n\\r\\n<p>As a result of these experiments, I&nbsp;have grown as a developer and a coworker in leaps and bounds. Most notably, I&nbsp;discovered agile methodologies. Upon discovering Scrum, I quickly began to read everything I could find on agile and Scrum. I went to <a href=\\\"https:\\/\\/adcwest.techwell.com\\/\\\" target=\\\"_blank\\\">Agile Dev West<\\/a> and&nbsp;<a href=\\\"http:\\/\\/agilegravyinc.com\\/\\\" target=\\\"_blank\\\">Agile Gravy<\\/a>,&nbsp;became&nbsp;a <a href=\\\"https:\\/\\/www.scrumalliance.org\\/certifications\\/practitioners\\/cspo-certification\\\" target=\\\"_blank\\\">Certified Scrum Product Owner<\\/a> and <a href=\\\"https:\\/\\/www.scrumalliance.org\\/certifications\\/practitioners\\/certified-scrummaster-csm\\\" target=\\\"_blank\\\">Certified ScrumMaster<sup>\\u00ae<\\/sup><\\/a> through&nbsp;<a href=\\\"https:\\/\\/www.scrumalliance.org\\/\\\" target=\\\"_blank\\\">Scrum Alliance<\\/a>, and joined a local agile users\' group.I&nbsp;quickly began to advise my team on how to better apply these methodologies, and to the organization at large through feedback to the agile coaches guiding the organizational agile transformation.<\\/p>\\r\\n\\r\\n\\r\\n\\r\\n\\r\\n\\r\\n\\r\\n\\r\\n\\r\\n\\r\\n\\r\\n\\r\\n\\r\\n\\r\\n<p>From a technical perspective, I&nbsp;grew in several ways.&nbsp;Though the site utilized the <a href=\\\"https:\\/\\/craftcms.com\\/\\\">Craft&nbsp;CMS<\\/a>&nbsp;to a degree, much of the initial&nbsp;development we were doing did not utilize the CMS. The lion\'s share of the initial work involved building&nbsp;a custom plugin for generating insurance quotes via calls to APIs built by other teams within the organization. This work afforded me the opportunity to use PHP&nbsp;in ways that I&nbsp;had not known it was capable, specifically using it as a middle layer between an Angular front end and the APIs.<\\/p>\\r\\n\\r\\n\\r\\n\\r\\n\\r\\n\\r\\n\\r\\n\\r\\n\\r\\n\\r\\n\\r\\n\\r\\n\\r\\n\\r\\n<p>As this initial setup tapered off, we began to tie the content of our site into Craft. As we did so,&nbsp;I&nbsp;developed a great appreciation for&nbsp;Craft. We utilized every feature of Craft&nbsp;<br><\\/p>\",\"20\":{\"date\":\"\"},\"15\":\"1\",\"12\":{\"new1\":{\"type\":\"image\",\"enabled\":\"1\",\"fields\":{\"image\":[\"39\"],\"focalPoint\":\"\",\"orientation\":\"landscape\",\"fill\":\"initial\"}}},\"14\":\"\",\"11\":\"<p>This project was an initiative to launch a new, web-based subsidiary of a larger insurance company.&nbsp;<\\/p>\",\"7\":\"\",\"21\":\"<p>This project was an initiative to launch a new, web-based subsidiary of a larger insurance company.<\\/p>\",\"16\":[\"34\",\"36\",\"35\",\"38\",\"32\",\"37\",\"31\",\"33\"],\"19\":{\"date\":\"6\\/15\\/2015\"},\"32\":[\"65\"],\"17\":\"www.sayinsurance.com\",\"18\":\"https:\\/\\/\"}}', '2016-09-11 17:32:44', '2016-09-11 17:32:44', '3dd20729-4be1-468a-a7d5-395411f1185a'),
 ('129', '43', '4', '1', 'en_us', '11', '', '{\"typeId\":\"4\",\"authorId\":\"1\",\"title\":\"Daniel Boone Regional Library\",\"slug\":\"daniel-boone-regional-library\",\"postDate\":1472700960,\"expiryDate\":null,\"enabled\":1,\"parentId\":null,\"fields\":{\"1\":\"<p>Stuff<\\/p>\",\"20\":{\"date\":\"6\\/15\\/2015\"},\"15\":\"1\",\"12\":{\"new1\":{\"type\":\"image\",\"enabled\":\"1\",\"fields\":{\"image\":[\"55\"],\"focalPoint\":\"up down\",\"orientation\":\"portrait\",\"fill\":\"initial\"}}},\"14\":\"up down\",\"11\":\"\",\"7\":\"\",\"21\":\"<p>Yada, yada.<\\/p>\",\"16\":[\"31\",\"40\",\"41\",\"32\",\"42\"],\"19\":{\"date\":\"8\\/1\\/2013\"},\"32\":\"\",\"17\":\"www.dbrl.org\",\"18\":\"http:\\/\\/\"}}', '2016-09-11 17:33:32', '2016-09-11 17:33:32', 'cfdc1a5e-7f88-4d16-b9d1-417cdf16968e'),
 ('130', '43', '4', '1', 'en_us', '12', '', '{\"typeId\":\"4\",\"authorId\":\"1\",\"title\":\"Daniel Boone Regional Library\",\"slug\":\"daniel-boone-regional-library\",\"postDate\":1472700960,\"expiryDate\":null,\"enabled\":1,\"parentId\":null,\"fields\":{\"1\":\"<p>Stuff<\\/p>\",\"20\":{\"date\":\"6\\/15\\/2015\"},\"15\":\"1\",\"12\":{\"72\":{\"type\":\"image\",\"enabled\":\"1\",\"fields\":{\"image\":[\"55\"],\"focalPoint\":\"up down\",\"orientation\":\"portrait\",\"fill\":\"initial\"}}},\"14\":\"up down\",\"11\":\"\",\"7\":\"\",\"21\":\"<p>Yada, yada.<\\/p>\",\"37\":\"\",\"19\":{\"date\":\"8\\/1\\/2013\"},\"32\":\"\",\"17\":\"www.dbrl.org\",\"18\":\"http:\\/\\/\"}}', '2016-09-11 18:35:25', '2016-09-11 18:35:25', '5559b299-c6ec-401d-9211-797cc669b7be'),
 ('131', '30', '4', '1', 'en_us', '19', '', '{\"typeId\":\"4\",\"authorId\":\"1\",\"title\":\"Say Insurance\",\"slug\":\"say-insurance\",\"postDate\":1433118900,\"expiryDate\":null,\"enabled\":1,\"parentId\":null,\"fields\":{\"1\":\"<p>This project was an initiative to launch a new, web-based subsidiary of a larger insurance company.<\\/p>\\r\\n\\r\\n<p>The company used this initiative to experiment with new technologies and&nbsp;workflow methodologies. Among these new technologies and methodologies are:<\\/p>\\r\\n\\r\\n\\r\\n\\r\\n\\r\\n\\r\\n\\r\\n\\r\\n\\r\\n\\r\\n\\r\\n\\r\\n\\r\\n\\r\\n\\r\\n\\r\\n\\r\\n\\r\\n\\r\\n\\r\\n\\r\\n\\r\\n\\r\\n\\r\\n<p>New to me:<\\/p>\\r\\n\\r\\n\\r\\n\\r\\n\\r\\n\\r\\n\\r\\n\\r\\n\\r\\n\\r\\n\\r\\n\\r\\n\\r\\n\\r\\n\\r\\n\\r\\n\\r\\n\\r\\n\\r\\n\\r\\n\\r\\n\\r\\n\\r\\n\\r\\n<ul><li>PHPUnit<\\/li><li>Jasmine unit testing framework<\\/li><\\/ul>\\r\\n\\r\\n<p>New to the company:<\\/p>\\r\\n\\r\\n\\r\\n\\r\\n\\r\\n\\r\\n\\r\\n\\r\\n\\r\\n\\r\\n\\r\\n\\r\\n\\r\\n\\r\\n\\r\\n\\r\\n\\r\\n\\r\\n\\r\\n\\r\\n\\r\\n\\r\\n\\r\\n\\r\\n<ul><li>Linux<\\/li><li>MySQL<\\/li><li>PHP<\\/li><\\/ul>\\r\\n\\r\\n<p>New to everyone involved:<\\/p>\\r\\n\\r\\n\\r\\n\\r\\n\\r\\n\\r\\n\\r\\n\\r\\n\\r\\n\\r\\n\\r\\n\\r\\n\\r\\n\\r\\n\\r\\n\\r\\n\\r\\n\\r\\n\\r\\n\\r\\n\\r\\n\\r\\n\\r\\n\\r\\n<ul><li>Agile, specifically&nbsp;Scrum<\\/li><li>Craft CMS<\\/li><li>Amazon Web Services<\\/li><li>Angular<\\/li><\\/ul>\\r\\n\\r\\n<p>As a result of these experiments, I&nbsp;have grown as a developer and a coworker in leaps and bounds. Most notably, I&nbsp;discovered agile methodologies. Upon discovering Scrum, I quickly began to read everything I could find on agile and Scrum. I went to <a href=\\\"https:\\/\\/adcwest.techwell.com\\/\\\" target=\\\"_blank\\\">Agile Dev West<\\/a> and&nbsp;<a href=\\\"http:\\/\\/agilegravyinc.com\\/\\\" target=\\\"_blank\\\">Agile Gravy<\\/a>,&nbsp;became&nbsp;a <a href=\\\"https:\\/\\/www.scrumalliance.org\\/certifications\\/practitioners\\/cspo-certification\\\" target=\\\"_blank\\\">Certified Scrum Product Owner<\\/a> and <a href=\\\"https:\\/\\/www.scrumalliance.org\\/certifications\\/practitioners\\/certified-scrummaster-csm\\\" target=\\\"_blank\\\">Certified ScrumMaster<sup>\\u00ae<\\/sup><\\/a> through&nbsp;<a href=\\\"https:\\/\\/www.scrumalliance.org\\/\\\" target=\\\"_blank\\\">Scrum Alliance<\\/a>, and joined a local agile users\' group.I&nbsp;quickly began to advise my team on how to better apply these methodologies, and to the organization at large through feedback to the agile coaches guiding the organizational agile transformation.<\\/p>\\r\\n\\r\\n\\r\\n\\r\\n\\r\\n\\r\\n\\r\\n\\r\\n\\r\\n\\r\\n\\r\\n\\r\\n\\r\\n\\r\\n\\r\\n\\r\\n<p>From a technical perspective, I&nbsp;grew in several ways.&nbsp;Though the site utilized the <a href=\\\"https:\\/\\/craftcms.com\\/\\\">Craft&nbsp;CMS<\\/a>&nbsp;to a degree, much of the initial&nbsp;development we were doing did not utilize the CMS. The lion\'s share of the initial work involved building&nbsp;a custom plugin for generating insurance quotes via calls to APIs built by other teams within the organization. This work afforded me the opportunity to use PHP&nbsp;in ways that I&nbsp;had not known it was capable, specifically using it as a middle layer between an Angular front end and the APIs.<\\/p>\\r\\n\\r\\n\\r\\n\\r\\n\\r\\n\\r\\n\\r\\n\\r\\n\\r\\n\\r\\n\\r\\n\\r\\n\\r\\n\\r\\n\\r\\n\\r\\n<p>As this initial setup tapered off, we began to tie the content of our site into Craft. As we did so,&nbsp;I&nbsp;developed a great appreciation for&nbsp;Craft. We utilized every feature of Craft&nbsp;<br><\\/p>\",\"20\":{\"date\":\"\"},\"15\":\"1\",\"12\":{\"71\":{\"type\":\"image\",\"enabled\":\"1\",\"fields\":{\"image\":[\"39\"],\"focalPoint\":\"\",\"orientation\":\"landscape\",\"fill\":\"initial\"}}},\"14\":\"\",\"11\":\"<p>This project was an initiative to launch a new, web-based subsidiary of a larger insurance company.&nbsp;<\\/p>\",\"7\":\"\",\"21\":\"<p>This project was an initiative to launch a new, web-based subsidiary of a larger insurance company.<\\/p>\",\"37\":\"\",\"19\":{\"date\":\"6\\/15\\/2015\"},\"32\":[\"65\"],\"17\":\"www.sayinsurance.com\",\"18\":\"https:\\/\\/\"}}', '2016-09-11 18:38:27', '2016-09-11 18:38:27', 'e45615f0-7ce7-4f8a-bcb0-2bf04abe7ed4'),
 ('132', '30', '4', '1', 'en_us', '20', '', '{\"typeId\":\"4\",\"authorId\":\"1\",\"title\":\"Say Insurance\",\"slug\":\"say-insurance\",\"postDate\":1433118900,\"expiryDate\":null,\"enabled\":1,\"parentId\":null,\"fields\":{\"1\":\"<p>This project was an initiative to launch a new, web-based subsidiary of a larger insurance company.<\\/p>\\r\\n\\r\\n<p>The company used this initiative to experiment with new technologies and&nbsp;workflow methodologies. Among these new technologies and methodologies are:<\\/p>\\r\\n\\r\\n\\r\\n\\r\\n\\r\\n\\r\\n\\r\\n\\r\\n\\r\\n\\r\\n\\r\\n\\r\\n\\r\\n\\r\\n\\r\\n\\r\\n\\r\\n\\r\\n\\r\\n\\r\\n\\r\\n\\r\\n\\r\\n\\r\\n\\r\\n\\r\\n<p>New to me:<\\/p>\\r\\n\\r\\n\\r\\n\\r\\n\\r\\n\\r\\n\\r\\n\\r\\n\\r\\n\\r\\n\\r\\n\\r\\n\\r\\n\\r\\n\\r\\n\\r\\n\\r\\n\\r\\n\\r\\n\\r\\n\\r\\n\\r\\n\\r\\n\\r\\n\\r\\n\\r\\n<ul><li>PHPUnit<\\/li><li>Jasmine unit testing framework<\\/li><\\/ul>\\r\\n\\r\\n<p>New to the company:<\\/p>\\r\\n\\r\\n\\r\\n\\r\\n\\r\\n\\r\\n\\r\\n\\r\\n\\r\\n\\r\\n\\r\\n\\r\\n\\r\\n\\r\\n\\r\\n\\r\\n\\r\\n\\r\\n\\r\\n\\r\\n\\r\\n\\r\\n\\r\\n\\r\\n\\r\\n\\r\\n<ul><li>Linux<\\/li><li>MySQL<\\/li><li>PHP<\\/li><\\/ul>\\r\\n\\r\\n<p>New to everyone involved:<\\/p>\\r\\n\\r\\n\\r\\n\\r\\n\\r\\n\\r\\n\\r\\n\\r\\n\\r\\n\\r\\n\\r\\n\\r\\n\\r\\n\\r\\n\\r\\n\\r\\n\\r\\n\\r\\n\\r\\n\\r\\n\\r\\n\\r\\n\\r\\n\\r\\n\\r\\n\\r\\n<ul><li>Agile, specifically&nbsp;Scrum<\\/li><li>Craft CMS<\\/li><li>Amazon Web Services<\\/li><li>Angular<\\/li><\\/ul>\\r\\n\\r\\n<p>As a result of these experiments, I&nbsp;have grown as a developer and a coworker in leaps and bounds. Most notably, I&nbsp;discovered agile methodologies. Upon discovering Scrum, I quickly began to read everything I could find on agile and Scrum. I went to <a href=\\\"https:\\/\\/adcwest.techwell.com\\/\\\" target=\\\"_blank\\\">Agile Dev West<\\/a> and&nbsp;<a href=\\\"http:\\/\\/agilegravyinc.com\\/\\\" target=\\\"_blank\\\">Agile Gravy<\\/a>,&nbsp;became&nbsp;a <a href=\\\"https:\\/\\/www.scrumalliance.org\\/certifications\\/practitioners\\/cspo-certification\\\" target=\\\"_blank\\\">Certified Scrum Product Owner<\\/a> and <a href=\\\"https:\\/\\/www.scrumalliance.org\\/certifications\\/practitioners\\/certified-scrummaster-csm\\\" target=\\\"_blank\\\">Certified ScrumMaster<sup>\\u00ae<\\/sup><\\/a> through&nbsp;<a href=\\\"https:\\/\\/www.scrumalliance.org\\/\\\" target=\\\"_blank\\\">Scrum Alliance<\\/a>, and joined a local agile users\' group.I&nbsp;quickly began to advise my team on how to better apply these methodologies, and to the organization at large through feedback to the agile coaches guiding the organizational agile transformation.<\\/p>\\r\\n\\r\\n\\r\\n\\r\\n\\r\\n\\r\\n\\r\\n\\r\\n\\r\\n\\r\\n\\r\\n\\r\\n\\r\\n\\r\\n\\r\\n\\r\\n\\r\\n\\r\\n<p>From a technical perspective, I&nbsp;grew in several ways.&nbsp;Though the site utilized the <a href=\\\"https:\\/\\/craftcms.com\\/\\\">Craft&nbsp;CMS<\\/a>&nbsp;to a degree, much of the initial&nbsp;development we were doing did not utilize the CMS. The lion\'s share of the initial work involved building&nbsp;a custom plugin for generating insurance quotes via calls to APIs built by other teams within the organization. This work afforded me the opportunity to use PHP&nbsp;in ways that I&nbsp;had not known it was capable, specifically using it as a middle layer between an Angular front end and the APIs.<\\/p>\\r\\n\\r\\n\\r\\n\\r\\n\\r\\n\\r\\n\\r\\n\\r\\n\\r\\n\\r\\n\\r\\n\\r\\n\\r\\n\\r\\n\\r\\n\\r\\n\\r\\n\\r\\n<p>As this initial setup tapered off, we began to tie the content of our site into Craft. As we did so,&nbsp;I&nbsp;developed a great appreciation for&nbsp;Craft. We utilized every feature of Craft&nbsp;<br><\\/p>\",\"20\":{\"date\":\"\"},\"15\":\"1\",\"12\":{\"71\":{\"type\":\"image\",\"enabled\":\"1\",\"fields\":{\"image\":[\"39\"],\"focalPoint\":\"\",\"orientation\":\"landscape\",\"fill\":\"initial\"}}},\"14\":\"\",\"11\":\"<p>This project was an initiative to launch a new, web-based subsidiary of a larger insurance company.&nbsp;<\\/p>\",\"7\":\"\",\"21\":\"<p>This project was an initiative to launch a new, web-based subsidiary of a larger insurance company.<\\/p>\",\"37\":[\"56\",\"59\",\"58\",\"57\",\"60\"],\"19\":{\"date\":\"6\\/15\\/2015\"},\"32\":[\"65\"],\"17\":\"www.sayinsurance.com\",\"18\":\"https:\\/\\/\"}}', '2016-09-11 18:39:24', '2016-09-11 18:39:24', '077df079-a524-4d66-9fbb-090dd4e8f4d3'),
 ('133', '73', '10', '1', 'en_us', '1', '', '{\"typeId\":\"16\",\"authorId\":\"1\",\"title\":\"Craft CMS\",\"slug\":\"craft-cms\",\"postDate\":1473619279,\"expiryDate\":null,\"enabled\":1,\"parentId\":null,\"fields\":{\"19\":{\"date\":\"6\\/15\\/2015\"},\"31\":\"1\"}}', '2016-09-11 18:41:19', '2016-09-11 18:41:19', '025f185d-913f-4a04-b103-fa302cab7e2b'),
 ('134', '30', '4', '1', 'en_us', '21', '', '{\"typeId\":\"4\",\"authorId\":\"1\",\"title\":\"Say Insurance\",\"slug\":\"say-insurance\",\"postDate\":1433118900,\"expiryDate\":null,\"enabled\":1,\"parentId\":null,\"fields\":{\"1\":\"<p>This project was an initiative to launch a new, web-based subsidiary of a larger insurance company.<\\/p>\\r\\n\\r\\n<p>The company used this initiative to experiment with new technologies and&nbsp;workflow methodologies. Among these new technologies and methodologies are:<\\/p>\\r\\n\\r\\n\\r\\n\\r\\n\\r\\n\\r\\n\\r\\n\\r\\n\\r\\n\\r\\n\\r\\n\\r\\n\\r\\n\\r\\n\\r\\n\\r\\n\\r\\n\\r\\n\\r\\n\\r\\n\\r\\n\\r\\n\\r\\n\\r\\n\\r\\n\\r\\n\\r\\n\\r\\n<p>New to me:<\\/p>\\r\\n\\r\\n\\r\\n\\r\\n\\r\\n\\r\\n\\r\\n\\r\\n\\r\\n\\r\\n\\r\\n\\r\\n\\r\\n\\r\\n\\r\\n\\r\\n\\r\\n\\r\\n\\r\\n\\r\\n\\r\\n\\r\\n\\r\\n\\r\\n\\r\\n\\r\\n\\r\\n\\r\\n<ul><li>PHPUnit<\\/li><li>Jasmine unit testing framework<\\/li><\\/ul>\\r\\n\\r\\n<p>New to the company:<\\/p>\\r\\n\\r\\n\\r\\n\\r\\n\\r\\n\\r\\n\\r\\n\\r\\n\\r\\n\\r\\n\\r\\n\\r\\n\\r\\n\\r\\n\\r\\n\\r\\n\\r\\n\\r\\n\\r\\n\\r\\n\\r\\n\\r\\n\\r\\n\\r\\n\\r\\n\\r\\n\\r\\n\\r\\n<ul><li>Linux<\\/li><li>MySQL<\\/li><li>PHP<\\/li><\\/ul>\\r\\n\\r\\n<p>New to everyone involved:<\\/p>\\r\\n\\r\\n\\r\\n\\r\\n\\r\\n\\r\\n\\r\\n\\r\\n\\r\\n\\r\\n\\r\\n\\r\\n\\r\\n\\r\\n\\r\\n\\r\\n\\r\\n\\r\\n\\r\\n\\r\\n\\r\\n\\r\\n\\r\\n\\r\\n\\r\\n\\r\\n\\r\\n\\r\\n<ul><li>Agile, specifically&nbsp;Scrum<\\/li><li>Craft CMS<\\/li><li>Amazon Web Services<\\/li><li>Angular<\\/li><\\/ul>\\r\\n\\r\\n<p>As a result of these experiments, I&nbsp;have grown as a developer and a coworker in leaps and bounds. Most notably, I&nbsp;discovered agile methodologies. Upon discovering Scrum, I quickly began to read everything I could find on agile and Scrum. I went to <a href=\\\"https:\\/\\/adcwest.techwell.com\\/\\\" target=\\\"_blank\\\">Agile Dev West<\\/a> and&nbsp;<a href=\\\"http:\\/\\/agilegravyinc.com\\/\\\" target=\\\"_blank\\\">Agile Gravy<\\/a>,&nbsp;became&nbsp;a <a href=\\\"https:\\/\\/www.scrumalliance.org\\/certifications\\/practitioners\\/cspo-certification\\\" target=\\\"_blank\\\">Certified Scrum Product Owner<\\/a> and <a href=\\\"https:\\/\\/www.scrumalliance.org\\/certifications\\/practitioners\\/certified-scrummaster-csm\\\" target=\\\"_blank\\\">Certified ScrumMaster<sup>\\u00ae<\\/sup><\\/a> through&nbsp;<a href=\\\"https:\\/\\/www.scrumalliance.org\\/\\\" target=\\\"_blank\\\">Scrum Alliance<\\/a>, and joined a local agile users\' group.I&nbsp;quickly began to advise my team on how to better apply these methodologies, and to the organization at large through feedback to the agile coaches guiding the organizational agile transformation.<\\/p>\\r\\n\\r\\n\\r\\n\\r\\n\\r\\n\\r\\n\\r\\n\\r\\n\\r\\n\\r\\n\\r\\n\\r\\n\\r\\n\\r\\n\\r\\n\\r\\n\\r\\n\\r\\n\\r\\n\\r\\n<p>From a technical perspective, I&nbsp;grew in several ways.&nbsp;Though the site utilized the <a href=\\\"https:\\/\\/craftcms.com\\/\\\">Craft&nbsp;CMS<\\/a>&nbsp;to a degree, much of the initial&nbsp;development we were doing did not utilize the CMS. The lion\'s share of the initial work involved building&nbsp;a custom plugin for generating insurance quotes via calls to APIs built by other teams within the organization. This work afforded me the opportunity to use PHP&nbsp;in ways that I&nbsp;had not known it was capable, specifically using it as a middle layer between an Angular front end and the APIs.<\\/p>\\r\\n\\r\\n\\r\\n\\r\\n\\r\\n\\r\\n\\r\\n\\r\\n\\r\\n\\r\\n\\r\\n\\r\\n\\r\\n\\r\\n\\r\\n\\r\\n\\r\\n\\r\\n\\r\\n\\r\\n<p>As this initial setup tapered off, we began to tie the content of our site into Craft. As we did so,&nbsp;I&nbsp;developed a great appreciation for&nbsp;Craft. We utilized every feature of Craft&nbsp;<br><\\/p>\",\"20\":{\"date\":\"\"},\"15\":\"1\",\"12\":{\"71\":{\"type\":\"image\",\"enabled\":\"1\",\"fields\":{\"image\":[\"39\"],\"focalPoint\":\"\",\"orientation\":\"landscape\",\"fill\":\"initial\"}}},\"14\":\"\",\"11\":\"<p>This project was an initiative to launch a new, web-based subsidiary of a larger insurance company.&nbsp;<\\/p>\",\"7\":\"\",\"21\":\"<p>This project was an initiative to launch a new, web-based subsidiary of a larger insurance company.<\\/p>\",\"37\":[\"56\",\"59\",\"58\",\"57\",\"60\",\"73\"],\"19\":{\"date\":\"6\\/15\\/2015\"},\"32\":[\"65\"],\"17\":\"www.sayinsurance.com\",\"18\":\"https:\\/\\/\"}}', '2016-09-11 18:41:37', '2016-09-11 18:41:37', 'c8f8c265-2b49-4d12-af20-30e055c3df8a'),
 ('135', '30', '4', '1', 'en_us', '22', '', '{\"typeId\":\"4\",\"authorId\":\"1\",\"title\":\"Say Insurance\",\"slug\":\"say-insurance\",\"postDate\":1433118900,\"expiryDate\":null,\"enabled\":1,\"parentId\":null,\"fields\":{\"1\":\"<p>This project was an initiative to launch a new, web-based subsidiary of a larger insurance company.<\\/p>\\r\\n\\r\\n<p>The company used this initiative to experiment with new technologies and&nbsp;workflow methodologies. Among these new technologies and methodologies are:<\\/p>\\r\\n\\r\\n\\r\\n\\r\\n\\r\\n\\r\\n\\r\\n\\r\\n\\r\\n\\r\\n\\r\\n\\r\\n\\r\\n\\r\\n\\r\\n\\r\\n\\r\\n\\r\\n\\r\\n\\r\\n\\r\\n\\r\\n\\r\\n\\r\\n\\r\\n\\r\\n\\r\\n\\r\\n\\r\\n\\r\\n<p>New to me:<\\/p>\\r\\n\\r\\n\\r\\n\\r\\n\\r\\n\\r\\n\\r\\n\\r\\n\\r\\n\\r\\n\\r\\n\\r\\n\\r\\n\\r\\n\\r\\n\\r\\n\\r\\n\\r\\n\\r\\n\\r\\n\\r\\n\\r\\n\\r\\n\\r\\n\\r\\n\\r\\n\\r\\n\\r\\n\\r\\n\\r\\n<ul><li>PHPUnit<\\/li><li>Jasmine unit testing framework<\\/li><\\/ul>\\r\\n\\r\\n<p>New to the company:<\\/p>\\r\\n\\r\\n\\r\\n\\r\\n\\r\\n\\r\\n\\r\\n\\r\\n\\r\\n\\r\\n\\r\\n\\r\\n\\r\\n\\r\\n\\r\\n\\r\\n\\r\\n\\r\\n\\r\\n\\r\\n\\r\\n\\r\\n\\r\\n\\r\\n\\r\\n\\r\\n\\r\\n\\r\\n\\r\\n\\r\\n<ul><li>Linux<\\/li><li>MySQL<\\/li><li>PHP<\\/li><\\/ul>\\r\\n\\r\\n<p>New to everyone involved:<\\/p>\\r\\n\\r\\n\\r\\n\\r\\n\\r\\n\\r\\n\\r\\n\\r\\n\\r\\n\\r\\n\\r\\n\\r\\n\\r\\n\\r\\n\\r\\n\\r\\n\\r\\n\\r\\n\\r\\n\\r\\n\\r\\n\\r\\n\\r\\n\\r\\n\\r\\n\\r\\n\\r\\n\\r\\n\\r\\n\\r\\n<ul><li>Agile, specifically&nbsp;Scrum<\\/li><li>Craft CMS<\\/li><li>Amazon Web Services<\\/li><li>Angular<\\/li><\\/ul>\\r\\n\\r\\n<p>As a result of these experiments, I&nbsp;have grown as a developer and a coworker in leaps and bounds. Most notably, I&nbsp;discovered agile methodologies. Upon discovering Scrum, I quickly began to read everything I could find on agile and Scrum. I went to <a href=\\\"https:\\/\\/adcwest.techwell.com\\/\\\" target=\\\"_blank\\\">Agile Dev West<\\/a> and&nbsp;<a href=\\\"http:\\/\\/agilegravyinc.com\\/\\\" target=\\\"_blank\\\">Agile Gravy<\\/a>,&nbsp;became&nbsp;a <a href=\\\"https:\\/\\/www.scrumalliance.org\\/certifications\\/practitioners\\/cspo-certification\\\" target=\\\"_blank\\\">Certified Scrum Product Owner<\\/a> and <a href=\\\"https:\\/\\/www.scrumalliance.org\\/certifications\\/practitioners\\/certified-scrummaster-csm\\\" target=\\\"_blank\\\">Certified ScrumMaster<sup>\\u00ae<\\/sup><\\/a> through&nbsp;<a href=\\\"https:\\/\\/www.scrumalliance.org\\/\\\" target=\\\"_blank\\\">Scrum Alliance<\\/a>, and joined a local agile users\' group.I&nbsp;quickly began to advise my team on how to better apply these methodologies, and to the organization at large through feedback to the agile coaches guiding the organizational agile transformation.<\\/p>\\r\\n\\r\\n\\r\\n\\r\\n\\r\\n\\r\\n\\r\\n\\r\\n\\r\\n\\r\\n\\r\\n\\r\\n\\r\\n\\r\\n\\r\\n\\r\\n\\r\\n\\r\\n\\r\\n\\r\\n\\r\\n\\r\\n<p>From a technical perspective, I&nbsp;grew in several ways.&nbsp;Though the site utilized the <a href=\\\"https:\\/\\/craftcms.com\\/\\\">Craft&nbsp;CMS<\\/a>&nbsp;to a degree, much of the initial&nbsp;development we were doing did not utilize the CMS. The lion\'s share of the initial work involved building&nbsp;a custom plugin for generating insurance quotes via calls to APIs built by other teams within the organization. This work afforded me the opportunity to use PHP&nbsp;in ways that I&nbsp;had not known it was capable, specifically using it as a middle layer between an Angular front end and the APIs.<\\/p>\\r\\n\\r\\n\\r\\n\\r\\n\\r\\n\\r\\n\\r\\n\\r\\n\\r\\n\\r\\n\\r\\n\\r\\n\\r\\n\\r\\n\\r\\n\\r\\n\\r\\n\\r\\n\\r\\n\\r\\n\\r\\n\\r\\n<p>As this initial setup tapered off, we began to tie the content of our site into Craft. As we did so,&nbsp;I&nbsp;developed a great appreciation for&nbsp;Craft. We utilized every feature of Craft&nbsp;<br><\\/p>\",\"20\":{\"date\":\"\"},\"15\":\"1\",\"12\":{\"71\":{\"type\":\"image\",\"enabled\":\"1\",\"fields\":{\"image\":[\"39\"],\"focalPoint\":\"\",\"orientation\":\"landscape\",\"fill\":\"initial\"}}},\"11\":\"<p>This project was an initiative to launch a new, web-based subsidiary of a larger insurance company.&nbsp;<\\/p>\",\"21\":\"<p>This project was an initiative to launch a new, web-based subsidiary of a larger insurance company.<\\/p>\",\"37\":[\"56\",\"59\",\"58\",\"57\",\"60\",\"73\"],\"19\":{\"date\":\"6\\/15\\/2015\"},\"32\":\"\",\"17\":\"www.sayinsurance.com\",\"18\":\"https:\\/\\/\"}}', '2016-09-13 01:40:47', '2016-09-13 01:40:47', '350dcaaf-0bef-4dc8-9a4f-dc00fdd76b8a'),
 ('136', '74', '10', '1', 'en_us', '1', NULL, '{\"typeId\":null,\"authorId\":\"1\",\"title\":\"Git\",\"slug\":\"git\",\"postDate\":1473801697,\"expiryDate\":null,\"enabled\":1,\"parentId\":null,\"fields\":{\"19\":{\"date\":\"\"},\"31\":\"5\"}}', '2016-09-13 21:21:37', '2016-09-13 21:21:37', '146a4a14-aa5e-45bd-b505-8a17c155b52b'),
 ('137', '30', '4', '1', 'en_us', '23', '', '{\"typeId\":\"4\",\"authorId\":\"1\",\"title\":\"Say Insurance\",\"slug\":\"say-insurance\",\"postDate\":1433118900,\"expiryDate\":null,\"enabled\":1,\"parentId\":null,\"fields\":{\"1\":\"<p>This project was an initiative to launch a new, web-based subsidiary of a larger insurance company.<\\/p>\\r\\n\\r\\n<p>The company used this initiative to experiment with new technologies and&nbsp;workflow methodologies. Among these new technologies and methodologies are:<\\/p>\\r\\n\\r\\n\\r\\n\\r\\n\\r\\n\\r\\n\\r\\n\\r\\n\\r\\n\\r\\n\\r\\n\\r\\n\\r\\n\\r\\n\\r\\n\\r\\n\\r\\n\\r\\n\\r\\n\\r\\n\\r\\n\\r\\n\\r\\n\\r\\n\\r\\n\\r\\n\\r\\n\\r\\n\\r\\n\\r\\n\\r\\n\\r\\n<p>New to me:<\\/p>\\r\\n\\r\\n\\r\\n\\r\\n\\r\\n\\r\\n\\r\\n\\r\\n\\r\\n\\r\\n\\r\\n\\r\\n\\r\\n\\r\\n\\r\\n\\r\\n\\r\\n\\r\\n\\r\\n\\r\\n\\r\\n\\r\\n\\r\\n\\r\\n\\r\\n\\r\\n\\r\\n\\r\\n\\r\\n\\r\\n\\r\\n\\r\\n<ul><li>PHPUnit<\\/li><li>Jasmine unit testing framework<\\/li><\\/ul>\\r\\n\\r\\n<p>New to the company:<\\/p>\\r\\n\\r\\n\\r\\n\\r\\n\\r\\n\\r\\n\\r\\n\\r\\n\\r\\n\\r\\n\\r\\n\\r\\n\\r\\n\\r\\n\\r\\n\\r\\n\\r\\n\\r\\n\\r\\n\\r\\n\\r\\n\\r\\n\\r\\n\\r\\n\\r\\n\\r\\n\\r\\n\\r\\n\\r\\n\\r\\n\\r\\n\\r\\n<ul><li>Linux<\\/li><li>MySQL<\\/li><li>PHP<\\/li><\\/ul>\\r\\n\\r\\n<p>New to everyone involved:<\\/p>\\r\\n\\r\\n\\r\\n\\r\\n\\r\\n\\r\\n\\r\\n\\r\\n\\r\\n\\r\\n\\r\\n\\r\\n\\r\\n\\r\\n\\r\\n\\r\\n\\r\\n\\r\\n\\r\\n\\r\\n\\r\\n\\r\\n\\r\\n\\r\\n\\r\\n\\r\\n\\r\\n\\r\\n\\r\\n\\r\\n\\r\\n\\r\\n<ul><li>Agile, specifically&nbsp;Scrum<\\/li><li>Craft CMS<\\/li><li>Amazon Web Services<\\/li><li>Angular<\\/li><\\/ul>\\r\\n\\r\\n<p>As a result of these experiments, I&nbsp;have grown as a developer and a coworker in leaps and bounds. Most notably, I&nbsp;discovered agile methodologies. Upon discovering Scrum, I quickly began to read everything I could find on agile and Scrum. I went to <a href=\\\"https:\\/\\/adcwest.techwell.com\\/\\\" target=\\\"_blank\\\">Agile Dev West<\\/a> and&nbsp;<a href=\\\"http:\\/\\/agilegravyinc.com\\/\\\" target=\\\"_blank\\\">Agile Gravy<\\/a>,&nbsp;became&nbsp;a <a href=\\\"https:\\/\\/www.scrumalliance.org\\/certifications\\/practitioners\\/cspo-certification\\\" target=\\\"_blank\\\">Certified Scrum Product Owner<\\/a> and <a href=\\\"https:\\/\\/www.scrumalliance.org\\/certifications\\/practitioners\\/certified-scrummaster-csm\\\" target=\\\"_blank\\\">Certified ScrumMaster<sup>\\u00ae<\\/sup><\\/a> through&nbsp;<a href=\\\"https:\\/\\/www.scrumalliance.org\\/\\\" target=\\\"_blank\\\">Scrum Alliance<\\/a>, and joined a local agile users\' group.I&nbsp;quickly began to advise my team on how to better apply these methodologies, and to the organization at large through feedback to the agile coaches guiding the organizational agile transformation.<\\/p>\\r\\n\\r\\n\\r\\n\\r\\n\\r\\n\\r\\n\\r\\n\\r\\n\\r\\n\\r\\n\\r\\n\\r\\n\\r\\n\\r\\n\\r\\n\\r\\n\\r\\n\\r\\n\\r\\n\\r\\n\\r\\n\\r\\n\\r\\n\\r\\n<p>From a technical perspective, I&nbsp;grew in several ways.&nbsp;Though the site utilized the <a href=\\\"https:\\/\\/craftcms.com\\/\\\">Craft&nbsp;CMS<\\/a>&nbsp;to a degree, much of the initial&nbsp;development we were doing did not utilize the CMS. The lion\'s share of the initial work involved building&nbsp;a custom plugin for generating insurance quotes via calls to APIs built by other teams within the organization. This work afforded me the opportunity to use PHP&nbsp;in ways that I&nbsp;had not known it was capable, specifically using it as a middle layer between an Angular front end and the APIs.<\\/p>\\r\\n\\r\\n\\r\\n\\r\\n\\r\\n\\r\\n\\r\\n\\r\\n\\r\\n\\r\\n\\r\\n\\r\\n\\r\\n\\r\\n\\r\\n\\r\\n\\r\\n\\r\\n\\r\\n\\r\\n\\r\\n\\r\\n\\r\\n\\r\\n<p>As this initial setup tapered off, we began to tie the content of our site into Craft. As we did so,&nbsp;I&nbsp;developed a great appreciation for&nbsp;Craft. We utilized every feature of Craft&nbsp;<br><\\/p>\",\"20\":{\"date\":\"\"},\"15\":\"1\",\"12\":{\"71\":{\"type\":\"image\",\"enabled\":\"1\",\"fields\":{\"image\":[\"39\"],\"focalPoint\":\"\",\"orientation\":\"landscape\",\"fill\":\"initial\"}}},\"11\":\"<p>This project was an initiative to launch a new, web-based subsidiary of a larger insurance company.&nbsp;<\\/p>\",\"21\":\"<p>This project was an initiative to launch a new, web-based subsidiary of a larger insurance company.<\\/p>\",\"37\":[\"56\",\"59\",\"58\",\"57\",\"60\",\"73\",\"74\"],\"19\":{\"date\":\"6\\/15\\/2015\"},\"32\":\"\",\"17\":\"www.sayinsurance.com\",\"18\":\"https:\\/\\/\"}}', '2016-09-13 21:23:12', '2016-09-13 21:23:12', '5adaaeb2-7d86-42d7-92ad-4d81bff750c7'),
 ('138', '75', '10', '1', 'en_us', '1', NULL, '{\"typeId\":null,\"authorId\":\"1\",\"title\":\"Wordpress\",\"slug\":\"wordpress\",\"postDate\":1473803193,\"expiryDate\":null,\"enabled\":1,\"parentId\":null,\"fields\":{\"19\":{\"date\":\"1\\/1\\/13\"},\"31\":\"3\"}}', '2016-09-13 21:46:34', '2016-09-13 21:46:34', 'f9412acc-67e3-4605-8491-fc96924bab1f'),
 ('139', '76', '10', '1', 'en_us', '1', NULL, '{\"typeId\":null,\"authorId\":\"1\",\"title\":\"MySQL\",\"slug\":\"mysql\",\"postDate\":1473803296,\"expiryDate\":null,\"enabled\":1,\"parentId\":null,\"fields\":{\"19\":{\"date\":\"1\\/1\\/14\"},\"31\":\"3\"}}', '2016-09-13 21:48:16', '2016-09-13 21:48:16', '550fded6-27f0-4c6f-843a-a5e34c2a055b'),
 ('140', '77', '10', '1', 'en_us', '1', NULL, '{\"typeId\":null,\"authorId\":\"1\",\"title\":\"Drupal\",\"slug\":\"drupal\",\"postDate\":1473803345,\"expiryDate\":null,\"enabled\":1,\"parentId\":null,\"fields\":{\"19\":{\"date\":\"6\\/6\\/14\"},\"31\":\"1\"}}', '2016-09-13 21:49:05', '2016-09-13 21:49:05', 'd5b839a7-3b87-4e7d-98d2-d8db504bdb2f'),
 ('141', '43', '4', '1', 'en_us', '13', '', '{\"typeId\":\"4\",\"authorId\":\"1\",\"title\":\"Daniel Boone Regional Library\",\"slug\":\"daniel-boone-regional-library\",\"postDate\":1472700960,\"expiryDate\":null,\"enabled\":1,\"parentId\":null,\"fields\":{\"1\":\"<p>Stuff<\\/p>\",\"20\":{\"date\":\"6\\/15\\/2015\"},\"15\":\"1\",\"12\":{\"72\":{\"type\":\"image\",\"enabled\":\"1\",\"fields\":{\"image\":[\"55\"],\"focalPoint\":\"up down\",\"orientation\":\"portrait\",\"fill\":\"initial\"}}},\"11\":\"\",\"21\":\"<p>Yada, yada.<\\/p>\",\"37\":[\"59\",\"58\",\"57\",\"77\",\"76\",\"75\"],\"19\":{\"date\":\"8\\/1\\/2013\"},\"32\":\"\",\"17\":\"www.dbrl.org\",\"18\":\"http:\\/\\/\"}}', '2016-09-13 21:56:33', '2016-09-13 21:56:33', '812332e6-03dd-4d9e-9b51-861d17ca29e2'),
 ('142', '43', '4', '1', 'en_us', '14', '', '{\"typeId\":\"4\",\"authorId\":\"1\",\"title\":\"Daniel Boone Regional Library\",\"slug\":\"daniel-boone-regional-library\",\"postDate\":1472700960,\"expiryDate\":null,\"enabled\":1,\"parentId\":null,\"fields\":{\"1\":\"<p>Stuff<\\/p>\",\"20\":{\"date\":\"6\\/15\\/2015\"},\"15\":\"1\",\"12\":{\"72\":{\"type\":\"image\",\"enabled\":\"1\",\"fields\":{\"image\":[\"55\"],\"focalPoint\":\"up down\",\"orientation\":\"portrait\",\"fill\":\"initial\"}}},\"11\":\"\",\"21\":\"<p>DBRL maintained a number of different sites. Some were built in Drupal, others in Wordpress, and others were custom built systems that were dependent on data received from APIs. I&nbsp;had a hand in every one of these to some degree. This included maintaining the web server for the DBRL system.<\\/p>\",\"37\":[\"59\",\"58\",\"57\",\"77\",\"76\",\"75\"],\"19\":{\"date\":\"8\\/1\\/2013\"},\"32\":\"\",\"17\":\"www.dbrl.org\",\"18\":\"http:\\/\\/\"}}', '2016-09-13 22:04:16', '2016-09-13 22:04:16', 'dc986dd6-ff54-4563-be1a-65a10c6f1a6e'),
 ('143', '78', '10', '1', 'en_us', '1', NULL, '{\"typeId\":null,\"authorId\":\"1\",\"title\":\"Linux\",\"slug\":\"linux\",\"postDate\":1473804323,\"expiryDate\":null,\"enabled\":1,\"parentId\":null,\"fields\":{\"19\":{\"date\":\"1\\/1\\/2010\"},\"31\":\"4\"}}', '2016-09-13 22:05:23', '2016-09-13 22:05:23', '1a7708e1-20f8-4993-b98d-5b567e8e547f'),
 ('144', '43', '4', '1', 'en_us', '15', '', '{\"typeId\":\"4\",\"authorId\":\"1\",\"title\":\"Daniel Boone Regional Library\",\"slug\":\"daniel-boone-regional-library\",\"postDate\":1472700960,\"expiryDate\":null,\"enabled\":1,\"parentId\":null,\"fields\":{\"1\":\"<p>Stuff<\\/p>\",\"20\":{\"date\":\"6\\/15\\/2015\"},\"15\":\"1\",\"12\":{\"72\":{\"type\":\"image\",\"enabled\":\"1\",\"fields\":{\"image\":[\"55\"],\"focalPoint\":\"up down\",\"orientation\":\"portrait\",\"fill\":\"initial\"}}},\"11\":\"\",\"21\":\"<p>DBRL maintained a number of different sites. Some were built in Drupal, others in Wordpress, and others were custom built systems that were dependent on data received from APIs. I&nbsp;had a hand in every one of these to some degree. This included maintaining the web server for the DBRL system.<\\/p>\",\"37\":[\"59\",\"58\",\"57\",\"77\",\"76\",\"75\",\"78\"],\"19\":{\"date\":\"8\\/1\\/2013\"},\"32\":\"\",\"17\":\"www.dbrl.org\",\"18\":\"http:\\/\\/\"}}', '2016-09-13 22:05:47', '2016-09-13 22:05:47', 'adcbc1a3-1210-457e-b03c-cdae197946c9'),
 ('145', '78', '10', '1', 'en_us', '2', '', '{\"typeId\":\"17\",\"authorId\":\"1\",\"title\":\"Linux\",\"slug\":\"linux\",\"postDate\":1473804300,\"expiryDate\":null,\"enabled\":1,\"parentId\":null,\"fields\":{\"19\":{\"date\":\"1\\/1\\/2010\"},\"31\":\"4\"}}', '2016-09-13 22:05:59', '2016-09-13 22:05:59', '80e2b435-9a38-4d30-9ca2-71122e6a487a'),
 ('146', '77', '10', '1', 'en_us', '2', '', '{\"typeId\":\"20\",\"authorId\":\"1\",\"title\":\"Drupal\",\"slug\":\"drupal\",\"postDate\":1473803340,\"expiryDate\":null,\"enabled\":1,\"parentId\":null,\"fields\":{\"19\":{\"date\":\"6\\/6\\/2014\"},\"31\":\"1\"}}', '2016-09-13 22:08:36', '2016-09-13 22:08:36', 'e117d8b4-5ee6-4a08-8be5-e670944f354d'),
 ('147', '75', '10', '1', 'en_us', '2', '', '{\"typeId\":\"20\",\"authorId\":\"1\",\"title\":\"Wordpress\",\"slug\":\"wordpress\",\"postDate\":1473803160,\"expiryDate\":null,\"enabled\":1,\"parentId\":null,\"fields\":{\"19\":{\"date\":\"1\\/1\\/2013\"},\"31\":\"3\"}}', '2016-09-13 22:08:46', '2016-09-13 22:08:46', '1f1da594-9b5c-4c38-a8ad-cbd439614f41'),
 ('148', '74', '10', '1', 'en_us', '2', '', '{\"typeId\":\"17\",\"authorId\":\"1\",\"title\":\"Git\",\"slug\":\"git\",\"postDate\":1473801660,\"expiryDate\":null,\"enabled\":1,\"parentId\":null,\"fields\":{\"19\":{\"date\":\"\"},\"31\":\"5\"}}', '2016-09-13 22:09:02', '2016-09-13 22:09:02', 'b6b39eb3-0447-4e76-8d64-db8003a5d298'),
 ('149', '73', '10', '1', 'en_us', '2', '', '{\"typeId\":\"20\",\"authorId\":\"1\",\"title\":\"Craft\",\"slug\":\"craft-cms\",\"postDate\":1473619260,\"expiryDate\":null,\"enabled\":1,\"parentId\":null,\"fields\":{\"19\":{\"date\":\"6\\/15\\/2015\"},\"31\":\"1\"}}', '2016-09-13 22:09:21', '2016-09-13 22:09:21', 'd5250142-7a46-49f9-af95-608bb1df6b4d'),
 ('150', '62', '10', '1', 'en_us', '2', '', '{\"typeId\":\"18\",\"authorId\":\"1\",\"title\":\"XP\",\"slug\":\"xp\",\"postDate\":1473044640,\"expiryDate\":null,\"enabled\":1,\"parentId\":null,\"fields\":{\"19\":{\"date\":\"6\\/1\\/2016\"},\"31\":\"2\"}}', '2016-09-13 22:09:28', '2016-09-13 22:09:28', 'd5bfda79-325d-4468-b3b4-eae512324afe'),
 ('151', '60', '10', '1', 'en_us', '2', '', '{\"typeId\":\"18\",\"authorId\":\"1\",\"title\":\"Scrum\",\"slug\":\"scrum\",\"postDate\":1473044580,\"expiryDate\":null,\"enabled\":1,\"parentId\":null,\"fields\":{\"19\":{\"date\":\"6\\/1\\/2015\"},\"31\":\"4\"}}', '2016-09-13 22:09:34', '2016-09-13 22:09:34', '982715f5-79ff-470b-a5ac-4ed10adf4382'),
 ('152', '59', '10', '1', 'en_us', '2', '', '{\"typeId\":\"16\",\"authorId\":\"1\",\"title\":\"PHP\",\"slug\":\"php\",\"postDate\":1473044520,\"expiryDate\":null,\"enabled\":1,\"parentId\":null,\"fields\":{\"19\":{\"date\":\"1\\/1\\/2015\"},\"31\":\"4\"}}', '2016-09-13 22:09:43', '2016-09-13 22:09:43', 'c20bf0f3-94ef-4bc2-9804-cd618abb1dcc'),
 ('153', '57', '10', '1', 'en_us', '4', '', '{\"typeId\":\"16\",\"authorId\":\"1\",\"title\":\"JavaScript\",\"slug\":\"javascript\",\"postDate\":1473044460,\"expiryDate\":null,\"enabled\":1,\"parentId\":null,\"fields\":{\"19\":{\"date\":\"6\\/1\\/2014\"},\"31\":\"5\"}}', '2016-09-13 22:09:53', '2016-09-13 22:09:53', '2419b9ea-2878-49f4-a893-6889e8a44bee'),
 ('154', '56', '10', '1', 'en_us', '4', '', '{\"typeId\":\"19\",\"authorId\":\"1\",\"title\":\"Angular\",\"slug\":\"angular\",\"postDate\":1473044400,\"expiryDate\":null,\"enabled\":1,\"parentId\":null,\"fields\":{\"19\":{\"date\":\"6\\/6\\/2015\"},\"31\":\"3\"}}', '2016-09-13 22:09:58', '2016-09-13 22:09:58', '36b4565c-42eb-4f4d-bca6-351cdcd67c91'),
 ('155', '43', '4', '1', 'en_us', '16', '', '{\"typeId\":\"4\",\"authorId\":\"1\",\"title\":\"Daniel Boone Regional Library\",\"slug\":\"daniel-boone-regional-library\",\"postDate\":1472700960,\"expiryDate\":null,\"enabled\":1,\"parentId\":null,\"fields\":{\"1\":\"<p><a href=\\\"http:\\/\\/www.dbrl.org\\\" target=\\\"_blank\\\">DBRL<\\/a> maintained a number of different sites. Some were built in Drupal, others in Wordpress, and others were custom built systems that were dependent on data received from APIs. I&nbsp;had a hand in every one of these to some degree. This included maintaining the web server for the DBRL system.<\\/p>\\r\\n<h4>Sign Up System<\\/h4>\\r\\n<p>One of my biggest achievements at DBRL was the inception, design, and implementation of a system for library employees to use to sign patrons up for library events. Previously, employees had used literal sign-up sheets. This necessitated that all patrons signing up for events be routed through a single service desk. I&nbsp;recognized that a web based sign up system could be used from any service desk. I conferred with numerous employees throughout the design process in order to ensure that the user facing system would meet employees\' needs.<\\/p>\\r\\n<p> Furthermore, a web based system could be automatically generated from the library\'s existing program database whereas paper sheets had to be manually created each week.&nbsp;This meant that the new system had to be connected through the existing system via an API. In addition, the back end database had to be modified to accept some additional fields required for the sign up system.<\\/p>\\r\\n<h4>Mock Newbury Site<\\/h4>\\r\\n<p>Each year, DBRL&nbsp;holds a Mock <a href=\\\"http:\\/\\/www.ala.org\\/alsc\\/awardsgrants\\/bookmedia\\/newberymedal\\/newberymedal\\\" target=\\\"_blank\\\">Newbery<\\/a> program. Children participate in the selection of a book that meets the criteria for the Newery award. Each year, the library creates a new website for the new selection of books. This website was my sole responsibility for two years. I created the site in <a href=\\\"https:\\/\\/wordpress.org\\/\\\" target=\\\"_blank\\\">Wordpress<\\/a> using a child theme based on <a href=\\\"https:\\/\\/www.kadencethemes.com\\/product\\/virtue-free-theme\\/\\\" target=\\\"_blank\\\">Virtue<\\/a> by <a href=\\\"https:\\/\\/www.kadencethemes.com\\/\\\" target=\\\"_blank\\\">Kadence Themes<\\/a>. I&nbsp;then secured portions of the site to logged in users so that the kids could engage in active discussions without interference from internet trolls.&nbsp;<\\/p><h4>Additional&nbsp;Responsibilities<\\/h4><p><br><\\/p>\",\"20\":{\"date\":\"6\\/15\\/2015\"},\"15\":\"1\",\"12\":{\"72\":{\"type\":\"image\",\"enabled\":\"1\",\"fields\":{\"image\":[\"55\"],\"focalPoint\":\"up down\",\"orientation\":\"portrait\",\"fill\":\"initial\"}}},\"11\":\"\",\"21\":\"<p>DBRL maintained a number of different sites. Some were built in Drupal, others in Wordpress, and others were custom built systems that were dependent on data received from APIs. I&nbsp;had a hand in every one of these to some degree. This included maintaining the web server for the DBRL system.<\\/p>\",\"37\":[\"59\",\"58\",\"57\",\"77\",\"76\",\"75\",\"78\"],\"19\":{\"date\":\"8\\/1\\/2013\"},\"32\":\"\",\"17\":\"www.dbrl.org\",\"18\":\"http:\\/\\/\"}}', '2016-09-13 22:44:34', '2016-09-13 22:44:34', 'f8e26a8a-d617-4da9-8d4a-775d1d760840'),
 ('156', '43', '4', '1', 'en_us', '17', '', '{\"typeId\":\"4\",\"authorId\":\"1\",\"title\":\"Daniel Boone Regional Library\",\"slug\":\"daniel-boone-regional-library\",\"postDate\":1472700960,\"expiryDate\":null,\"enabled\":1,\"parentId\":null,\"fields\":{\"1\":\"<p><a href=\\\"http:\\/\\/www.dbrl.org\\\" target=\\\"_blank\\\">DBRL<\\/a> maintained a number of different sites. Some were built in Drupal, others in Wordpress, and others were custom built systems that were dependent on data received from APIs. I&nbsp;had a hand in every one of these to some degree. This included maintaining the web server for the DBRL system.<\\/p>\\r\\n\\r\\n<h4>Sign Up System<\\/h4>\\r\\n\\r\\n\\r\\n\\r\\n<p>One of my biggest achievements at DBRL was the inception, design, and implementation of a system for library employees to use to sign patrons up for library events. Previously, employees had used literal sign-up sheets. This necessitated that all patrons signing up for events be routed through a single service desk. I&nbsp;recognized that a web based sign up system could be used from any service desk. I conferred with numerous employees throughout the design process in order to ensure that the user facing system would meet employees\' needs.<\\/p>\\r\\n\\r\\n\\r\\n\\r\\n<p> Furthermore, a web based system could be automatically generated from the library\'s existing program database whereas paper sheets had to be manually created each week.&nbsp;This meant that the new system had to be connected through the existing system via an API. In addition, the back end database had to be modified to accept some additional fields required for the sign up system.<\\/p>\\r\\n\\r\\n\\r\\n\\r\\n<h4>Mock Newbury Site<\\/h4>\\r\\n\\r\\n\\r\\n\\r\\n<p>Each year, DBRL&nbsp;holds a Mock <a href=\\\"http:\\/\\/www.ala.org\\/alsc\\/awardsgrants\\/bookmedia\\/newberymedal\\/newberymedal\\\" target=\\\"_blank\\\">Newbery<\\/a> program. Children participate in the selection of a book that meets the criteria for the Newery award. Each year, the library creates a new website for the new selection of books. This website was my sole responsibility for two years. I created the site in <a href=\\\"https:\\/\\/wordpress.org\\/\\\" target=\\\"_blank\\\">Wordpress<\\/a> using a child theme based on <a href=\\\"https:\\/\\/www.kadencethemes.com\\/product\\/virtue-free-theme\\/\\\" target=\\\"_blank\\\">Virtue<\\/a> by <a href=\\\"https:\\/\\/www.kadencethemes.com\\/\\\" target=\\\"_blank\\\">Kadence Themes<\\/a>. I&nbsp;then secured portions of the site to logged in users so that the kids could engage in active discussions without interference from internet trolls.&nbsp;<\\/p>\\r\\n\\r\\n<h4>Additional&nbsp;Responsibilities<\\/h4>\\r\\n\\r\\n<p>In addition to these responsibilities, I shared the responsibilities of web administration with one other employee. We maintained and improved about half a dozen websites, as well as bearing the responsibility for server maintenance, backups, and updates. He and I&nbsp;developed a number of new features for existing sites, both independently and collaboratively. We maintained constant accessibility and communication with library employees who were the end users of our products, as well as conducting usability tests with patrons who used the libary website.<\\/p>\",\"20\":{\"date\":\"6\\/15\\/2015\"},\"15\":\"1\",\"12\":{\"72\":{\"type\":\"image\",\"enabled\":\"1\",\"fields\":{\"image\":[\"55\"],\"focalPoint\":\"up down\",\"orientation\":\"portrait\",\"fill\":\"initial\"}}},\"11\":\"\",\"21\":\"<p>DBRL maintained a number of different sites. Some were built in Drupal, others in Wordpress, and others were custom built systems that were dependent on data received from APIs. I&nbsp;had a hand in every one of these to some degree. This included maintaining the web server for the DBRL system.<\\/p>\",\"37\":[\"59\",\"58\",\"57\",\"77\",\"76\",\"75\",\"78\"],\"19\":{\"date\":\"8\\/1\\/2013\"},\"32\":\"\",\"17\":\"www.dbrl.org\",\"18\":\"http:\\/\\/\"}}', '2016-09-13 22:51:25', '2016-09-13 22:51:25', 'd31e0bec-59ab-4077-bc78-6d413f9b109a'),
 ('157', '79', '10', '1', 'en_us', '1', '', '{\"typeId\":\"16\",\"authorId\":\"1\",\"title\":\"PHPUnit\",\"slug\":\"phpunit\",\"postDate\":1473814016,\"expiryDate\":null,\"enabled\":1,\"parentId\":null,\"fields\":{\"19\":{\"date\":\"6\\/6\\/2016\"},\"31\":\"3\"}}', '2016-09-14 00:46:57', '2016-09-14 00:46:57', '76f3332e-d7bd-40c4-a2dc-8cf480a769e7'),
 ('158', '79', '10', '1', 'en_us', '2', '', '{\"typeId\":\"16\",\"authorId\":\"1\",\"title\":\"PHPUnit\",\"slug\":\"phpunit\",\"postDate\":1473813960,\"expiryDate\":null,\"enabled\":1,\"parentId\":null,\"fields\":{\"19\":{\"date\":\"6\\/6\\/2016\"},\"31\":\"3\"}}', '2016-09-14 00:47:06', '2016-09-14 00:47:06', 'cfb7f447-ddfd-46d6-8b9c-f14efac221c2'),
 ('159', '79', '10', '1', 'en_us', '3', '', '{\"typeId\":\"19\",\"authorId\":\"1\",\"title\":\"PHPUnit\",\"slug\":\"phpunit\",\"postDate\":1473813960,\"expiryDate\":null,\"enabled\":1,\"parentId\":null,\"fields\":{\"19\":{\"date\":\"6\\/6\\/2016\"},\"31\":\"3\"}}', '2016-09-14 00:47:41', '2016-09-14 00:47:41', '80141f4c-a05d-4bb4-9917-c6d59ec0f6ba'),
 ('160', '80', '10', '1', 'en_us', '1', '', '{\"typeId\":\"19\",\"authorId\":\"1\",\"title\":\"Jasmine\",\"slug\":\"jasmine\",\"postDate\":1473814090,\"expiryDate\":null,\"enabled\":1,\"parentId\":null,\"fields\":{\"19\":{\"date\":\"6\\/6\\/2016\"},\"31\":\"3\"}}', '2016-09-14 00:48:10', '2016-09-14 00:48:10', '5ec4dc07-2f7a-499b-b809-7d1edfba6d8b'),
 ('161', '73', '10', '1', 'en_us', '3', '', '{\"typeId\":\"20\",\"authorId\":\"1\",\"title\":\"Craft\",\"slug\":\"craft-cms\",\"postDate\":1473619260,\"expiryDate\":null,\"enabled\":1,\"parentId\":null,\"fields\":{\"19\":{\"date\":\"6\\/15\\/2015\"},\"31\":\"4\"}}', '2016-09-14 00:50:07', '2016-09-14 00:50:07', 'bc9a86b2-64ce-4f64-b870-9ccb6c8bf595'),
 ('162', '81', '10', '1', 'en_us', '1', NULL, '{\"typeId\":null,\"authorId\":\"1\",\"title\":\"Twig\",\"slug\":\"twig\",\"postDate\":1473817323,\"expiryDate\":null,\"enabled\":1,\"parentId\":null,\"fields\":{\"19\":{\"date\":\"2\\/1\\/2016\"},\"31\":\"2\"}}', '2016-09-14 01:42:03', '2016-09-14 01:42:03', '97a5aae8-af2b-4a80-b3ef-019ada76748f'),
 ('163', '30', '4', '1', 'en_us', '24', '', '{\"typeId\":\"4\",\"authorId\":\"1\",\"title\":\"Say Insurance\",\"slug\":\"say-insurance\",\"postDate\":1433118900,\"expiryDate\":null,\"enabled\":1,\"parentId\":null,\"fields\":{\"1\":\"<p>This project was an initiative to launch a new, web-based subsidiary of a larger insurance company.<\\/p>\\r\\n\\r\\n<p>The company used this initiative to experiment with new technologies and&nbsp;workflow methodologies. Among these new technologies and methodologies are:<\\/p>\\r\\n\\r\\n\\r\\n\\r\\n\\r\\n\\r\\n\\r\\n\\r\\n\\r\\n\\r\\n\\r\\n\\r\\n\\r\\n\\r\\n\\r\\n\\r\\n\\r\\n\\r\\n\\r\\n\\r\\n\\r\\n\\r\\n\\r\\n\\r\\n\\r\\n\\r\\n\\r\\n\\r\\n\\r\\n\\r\\n\\r\\n\\r\\n\\r\\n\\r\\n<p>New to me:<\\/p>\\r\\n\\r\\n\\r\\n\\r\\n\\r\\n\\r\\n\\r\\n\\r\\n\\r\\n\\r\\n\\r\\n\\r\\n\\r\\n\\r\\n\\r\\n\\r\\n\\r\\n\\r\\n\\r\\n\\r\\n\\r\\n\\r\\n\\r\\n\\r\\n\\r\\n\\r\\n\\r\\n\\r\\n\\r\\n\\r\\n\\r\\n\\r\\n\\r\\n\\r\\n<ul><li>PHPUnit<\\/li><li>Jasmine unit testing framework<\\/li><\\/ul>\\r\\n\\r\\n<p>New to the company:<\\/p>\\r\\n\\r\\n\\r\\n\\r\\n\\r\\n\\r\\n\\r\\n\\r\\n\\r\\n\\r\\n\\r\\n\\r\\n\\r\\n\\r\\n\\r\\n\\r\\n\\r\\n\\r\\n\\r\\n\\r\\n\\r\\n\\r\\n\\r\\n\\r\\n\\r\\n\\r\\n\\r\\n\\r\\n\\r\\n\\r\\n\\r\\n\\r\\n\\r\\n\\r\\n<ul><li>Linux<\\/li><li>MySQL<\\/li><li>PHP<\\/li><\\/ul>\\r\\n\\r\\n<p>New to everyone involved:<\\/p>\\r\\n\\r\\n\\r\\n\\r\\n\\r\\n\\r\\n\\r\\n\\r\\n\\r\\n\\r\\n\\r\\n\\r\\n\\r\\n\\r\\n\\r\\n\\r\\n\\r\\n\\r\\n\\r\\n\\r\\n\\r\\n\\r\\n\\r\\n\\r\\n\\r\\n\\r\\n\\r\\n\\r\\n\\r\\n\\r\\n\\r\\n\\r\\n\\r\\n\\r\\n<ul><li>Agile, specifically&nbsp;Scrum<\\/li><li>Craft CMS<\\/li><li>Amazon Web Services<\\/li><li>Angular<\\/li><\\/ul>\\r\\n\\r\\n<p>As a result of these experiments, I&nbsp;have grown as a developer and a coworker in leaps and bounds. Most notably, I&nbsp;discovered agile methodologies. Upon discovering Scrum, I quickly began to read everything I could find on agile and Scrum. I went to <a href=\\\"https:\\/\\/adcwest.techwell.com\\/\\\" target=\\\"_blank\\\">Agile Dev West<\\/a> and&nbsp;<a href=\\\"http:\\/\\/agilegravyinc.com\\/\\\" target=\\\"_blank\\\">Agile Gravy<\\/a>,&nbsp;became&nbsp;a <a href=\\\"https:\\/\\/www.scrumalliance.org\\/certifications\\/practitioners\\/cspo-certification\\\" target=\\\"_blank\\\">Certified Scrum Product Owner<\\/a> and <a href=\\\"https:\\/\\/www.scrumalliance.org\\/certifications\\/practitioners\\/certified-scrummaster-csm\\\" target=\\\"_blank\\\">Certified ScrumMaster<sup>\\u00ae<\\/sup><\\/a> through&nbsp;<a href=\\\"https:\\/\\/www.scrumalliance.org\\/\\\" target=\\\"_blank\\\">Scrum Alliance<\\/a>, and joined a local agile users\' group.I&nbsp;quickly began to advise my team on how to better apply these methodologies, and to the organization at large through feedback to the agile coaches guiding the organizational agile transformation.<\\/p>\\r\\n\\r\\n\\r\\n\\r\\n\\r\\n\\r\\n\\r\\n\\r\\n\\r\\n\\r\\n\\r\\n\\r\\n\\r\\n\\r\\n\\r\\n\\r\\n\\r\\n\\r\\n\\r\\n\\r\\n\\r\\n\\r\\n\\r\\n\\r\\n\\r\\n\\r\\n<p>From a technical perspective, I&nbsp;grew in several ways.&nbsp;Though the site utilized the <a href=\\\"https:\\/\\/craftcms.com\\/\\\">Craft&nbsp;CMS<\\/a>&nbsp;to a degree, much of the initial&nbsp;development we were doing did not utilize the CMS. The lion\'s share of the initial work involved building&nbsp;a custom plugin for generating insurance quotes via calls to APIs built by other teams within the organization. This work afforded me the opportunity to use PHP&nbsp;in ways that I&nbsp;had not known it was capable, specifically using it as a middle layer between an Angular front end and the APIs.<\\/p>\\r\\n\\r\\n\\r\\n\\r\\n\\r\\n\\r\\n\\r\\n\\r\\n\\r\\n\\r\\n\\r\\n\\r\\n\\r\\n\\r\\n\\r\\n\\r\\n\\r\\n\\r\\n\\r\\n\\r\\n\\r\\n\\r\\n\\r\\n\\r\\n\\r\\n\\r\\n<p>As this initial setup tapered off, we began to tie the content of our site into Craft. As we did so,&nbsp;I&nbsp;developed a great appreciation for&nbsp;Craft. We utilized every feature of Craft&nbsp;<br><\\/p>\",\"20\":{\"date\":\"\"},\"15\":\"1\",\"12\":{\"71\":{\"type\":\"image\",\"enabled\":\"1\",\"fields\":{\"image\":[\"39\"],\"focalPoint\":\"\",\"orientation\":\"landscape\",\"fill\":\"initial\"}}},\"11\":\"<p>This project was an initiative to launch a new, web-based subsidiary of a larger insurance company.&nbsp;<\\/p>\",\"21\":\"<p>This project was an initiative to launch a new, web-based subsidiary of a larger insurance company.<\\/p>\",\"37\":[\"56\",\"59\",\"58\",\"57\",\"60\",\"73\",\"74\",\"81\"],\"19\":{\"date\":\"6\\/15\\/2015\"},\"32\":\"\",\"17\":\"www.sayinsurance.com\",\"18\":\"https:\\/\\/\"}}', '2016-09-14 01:42:20', '2016-09-14 01:42:20', 'a584d440-cbc2-486e-bb85-3704d62c68a7'),
 ('164', '81', '10', '1', 'en_us', '2', '', '{\"typeId\":\"19\",\"authorId\":\"1\",\"title\":\"Twig\",\"slug\":\"twig\",\"postDate\":1473817320,\"expiryDate\":null,\"enabled\":1,\"parentId\":null,\"fields\":{\"19\":{\"date\":\"2\\/1\\/2016\"},\"31\":\"2\"}}', '2016-09-14 01:42:43', '2016-09-14 01:42:43', '34254f3f-d787-482a-9b5c-45870e8f61b0'),
 ('165', '81', '10', '1', 'en_us', '3', '', '{\"typeId\":\"19\",\"authorId\":\"1\",\"title\":\"Twig\",\"slug\":\"twig\",\"postDate\":1473817320,\"expiryDate\":null,\"enabled\":1,\"parentId\":null,\"fields\":{\"19\":{\"date\":\"2\\/1\\/2016\"},\"31\":\"2\"}}', '2016-09-14 01:44:24', '2016-09-14 01:44:24', '5174bfa0-8bf3-46f7-872e-b6674a004ff8'),
 ('166', '43', '4', '1', 'en_us', '18', '', '{\"typeId\":\"4\",\"authorId\":\"1\",\"title\":\"Daniel Boone Regional Library\",\"slug\":\"daniel-boone-regional-library\",\"postDate\":1472700960,\"expiryDate\":null,\"enabled\":1,\"parentId\":null,\"fields\":{\"1\":\"<p><a href=\\\"http:\\/\\/www.dbrl.org\\\" target=\\\"_blank\\\">DBRL<\\/a> maintained a number of different sites. Some were built in Drupal, others in Wordpress, and others were custom built systems that were dependent on data received from APIs. I&nbsp;had a hand in every one of these to some degree. This included maintaining the web server for the DBRL system.<\\/p>\\r\\n\\r\\n<h4>Sign Up System<\\/h4>\\r\\n\\r\\n\\r\\n\\r\\n\\r\\n\\r\\n<p>One of my biggest achievements at DBRL was the inception, design, and implementation of a system for library employees to use to sign patrons up for library events. Previously, employees had used literal sign-up sheets. This necessitated that all patrons signing up for events be routed through a single service desk. I&nbsp;recognized that a web based sign up system could be used from any service desk. I conferred with numerous employees throughout the design process in order to ensure that the user facing system would meet employees\' needs.<\\/p>\\r\\n\\r\\n\\r\\n\\r\\n\\r\\n\\r\\n<p> Furthermore, a web based system could be automatically generated from the library\'s existing program database whereas paper sheets had to be manually created each week.&nbsp;This meant that the new system had to be connected through the existing system via an API. In addition, the back end database had to be modified to accept some additional fields required for the sign up system.<\\/p>\\r\\n\\r\\n\\r\\n\\r\\n\\r\\n\\r\\n<h4>Mock Newbury Site<\\/h4>\\r\\n\\r\\n\\r\\n\\r\\n\\r\\n\\r\\n<p>Each year, DBRL&nbsp;holds a Mock <a href=\\\"http:\\/\\/www.ala.org\\/alsc\\/awardsgrants\\/bookmedia\\/newberymedal\\/newberymedal\\\" target=\\\"_blank\\\">Newbery<\\/a> program. Children participate in the selection of a book that meets the criteria for the Newery award. Each year, the library creates a new website for the new selection of books. This website was my sole responsibility for two years. I created the site in <a href=\\\"https:\\/\\/wordpress.org\\/\\\" target=\\\"_blank\\\">Wordpress<\\/a> using a child theme based on <a href=\\\"https:\\/\\/www.kadencethemes.com\\/product\\/virtue-free-theme\\/\\\" target=\\\"_blank\\\">Virtue<\\/a> by <a href=\\\"https:\\/\\/www.kadencethemes.com\\/\\\" target=\\\"_blank\\\">Kadence Themes<\\/a>. I&nbsp;then secured portions of the site to logged in users so that the kids could engage in active discussions without interference from internet trolls.&nbsp;<\\/p>\\r\\n\\r\\n\\r\\n\\r\\n<h4>Additional&nbsp;Responsibilities<\\/h4>\\r\\n\\r\\n\\r\\n\\r\\n<p>In addition to these responsibilities, I shared the responsibilities of web administration with one other employee. We maintained and improved about half a dozen websites, as well as bearing the responsibility for server maintenance, backups, and updates. He and I&nbsp;developed a number of new features for existing sites, both independently and collaboratively. We maintained constant accessibility and communication with library employees who were the end users of our products, as well as conducting usability tests with patrons who used the libary website.<\\/p>\",\"20\":{\"date\":\"6\\/15\\/2015\"},\"15\":\"1\",\"12\":{\"72\":{\"type\":\"image\",\"enabled\":\"1\",\"fields\":{\"image\":[\"55\"],\"focalPoint\":\"up down\",\"orientation\":\"portrait\",\"fill\":\"initial\"}}},\"11\":\"\",\"21\":\"<p>DBRL maintained a number of different sites.&nbsp;I&nbsp;had a hand in every one of these to some degree.&nbsp;<\\/p>\",\"37\":[\"59\",\"58\",\"57\",\"77\",\"76\",\"75\",\"78\"],\"19\":{\"date\":\"8\\/1\\/2013\"},\"32\":\"\",\"17\":\"www.dbrl.org\",\"18\":\"http:\\/\\/\"}}', '2016-09-14 01:46:25', '2016-09-14 01:46:25', '18f9d27d-7b6a-4811-a29e-8b901c3a694e'),
 ('167', '43', '4', '1', 'en_us', '19', '', '{\"typeId\":\"4\",\"authorId\":\"1\",\"title\":\"Daniel Boone Regional Library\",\"slug\":\"daniel-boone-regional-library\",\"postDate\":1472700960,\"expiryDate\":null,\"enabled\":1,\"parentId\":null,\"fields\":{\"1\":\"<p><a href=\\\"http:\\/\\/www.dbrl.org\\\" target=\\\"_blank\\\">DBRL<\\/a> maintained a number of different sites. Some were built in Drupal, others in Wordpress, and others were custom built systems that were dependent on data received from APIs. I&nbsp;had a hand in every one of these to some degree. This included maintaining the web server for the DBRL system.<\\/p>\\r\\n\\r\\n<h4>Sign Up System<\\/h4>\\r\\n\\r\\n\\r\\n\\r\\n\\r\\n\\r\\n\\r\\n\\r\\n<p>One of my biggest achievements at DBRL was the inception, design, and implementation of a system for library employees to use to sign patrons up for library events. Previously, employees had used literal sign-up sheets. This necessitated that all patrons signing up for events be routed through a single service desk. I&nbsp;recognized that a web based sign up system could be used from any service desk. I conferred with numerous employees throughout the design process in order to ensure that the user facing system would meet employees\' needs.<\\/p>\\r\\n\\r\\n\\r\\n\\r\\n\\r\\n\\r\\n\\r\\n\\r\\n<p> Furthermore, a web based system could be automatically generated from the library\'s existing program database whereas paper sheets had to be manually created each week.&nbsp;This meant that the new system had to be connected through the existing system via an API. In addition, the back end database had to be modified to accept some additional fields required for the sign up system.<\\/p>\\r\\n\\r\\n\\r\\n\\r\\n\\r\\n\\r\\n\\r\\n\\r\\n<h4>Mock Newbury Site<\\/h4>\\r\\n\\r\\n\\r\\n\\r\\n\\r\\n\\r\\n\\r\\n\\r\\n<p>Each year, DBRL&nbsp;holds a Mock <a href=\\\"http:\\/\\/www.ala.org\\/alsc\\/awardsgrants\\/bookmedia\\/newberymedal\\/newberymedal\\\" target=\\\"_blank\\\">Newbery<\\/a> program. Children participate in the selection of a book that meets the criteria for the Newery award. Each year, the library creates a new website for the new selection of books. This website was my sole responsibility for two years. I created the site in <a href=\\\"https:\\/\\/wordpress.org\\/\\\" target=\\\"_blank\\\">Wordpress<\\/a> using a child theme based on <a href=\\\"https:\\/\\/www.kadencethemes.com\\/product\\/virtue-free-theme\\/\\\" target=\\\"_blank\\\">Virtue<\\/a> by <a href=\\\"https:\\/\\/www.kadencethemes.com\\/\\\" target=\\\"_blank\\\">Kadence Themes<\\/a>. I&nbsp;then secured portions of the site to logged in users so that the kids could engage in active discussions without interference from internet trolls.&nbsp;<\\/p>\\r\\n\\r\\n\\r\\n\\r\\n\\r\\n\\r\\n<h4>Additional&nbsp;Responsibilities<\\/h4>\\r\\n\\r\\n\\r\\n\\r\\n\\r\\n\\r\\n<p>In addition to these responsibilities, I shared the responsibilities of web administration with one other employee. We maintained and improved about half a dozen websites, as well as bearing the responsibility for server maintenance, backups, and updates. He and I&nbsp;developed a number of new features for existing sites, both independently and collaboratively. We maintained constant accessibility and communication with library employees who were the end users of our products, as well as conducting usability tests with patrons who used the libary website.<\\/p>\",\"20\":{\"date\":\"6\\/15\\/2015\"},\"15\":\"1\",\"12\":{\"72\":{\"type\":\"image\",\"enabled\":\"1\",\"fields\":{\"image\":[\"55\"],\"focalPoint\":\"up down\",\"orientation\":\"portrait\",\"fill\":\"initial\"}}},\"11\":\"\",\"21\":\"<p>DBRL maintained a number of different sites.&nbsp;I&nbsp;had a hand in every one of them to some degree.&nbsp;<\\/p>\",\"37\":[\"59\",\"58\",\"57\",\"77\",\"76\",\"75\",\"78\"],\"19\":{\"date\":\"8\\/1\\/2013\"},\"32\":\"\",\"17\":\"www.dbrl.org\",\"18\":\"http:\\/\\/\"}}', '2016-09-14 01:46:48', '2016-09-14 01:46:48', 'cfc7b4eb-0208-45d6-a804-95eb3f25e1fc'),
 ('168', '82', '10', '1', 'en_us', '1', NULL, '{\"typeId\":\"17\",\"authorId\":\"1\",\"title\":\"Vagrant\",\"slug\":\"vagrant\",\"postDate\":1473819217,\"expiryDate\":null,\"enabled\":1,\"parentId\":null,\"fields\":{\"19\":{\"date\":\"6\\/6\\/2015\"},\"31\":\"2\"}}', '2016-09-14 02:13:37', '2016-09-14 02:13:37', 'c02315f2-e49c-4d26-8dcf-7bebaca8ce67'),
 ('169', '30', '4', '1', 'en_us', '25', '', '{\"typeId\":\"4\",\"authorId\":\"1\",\"title\":\"Say Insurance\",\"slug\":\"say-insurance\",\"postDate\":1433118900,\"expiryDate\":null,\"enabled\":1,\"parentId\":null,\"fields\":{\"1\":\"<p>This project was an initiative to launch a new, web-based subsidiary of a larger insurance company.<\\/p>\\r\\n\\r\\n<p>The company used this initiative to experiment with new technologies and&nbsp;workflow methodologies. Among these new technologies and methodologies are:<\\/p>\\r\\n\\r\\n\\r\\n\\r\\n\\r\\n\\r\\n\\r\\n\\r\\n\\r\\n\\r\\n\\r\\n\\r\\n\\r\\n\\r\\n\\r\\n\\r\\n\\r\\n\\r\\n\\r\\n\\r\\n\\r\\n\\r\\n\\r\\n\\r\\n\\r\\n\\r\\n\\r\\n\\r\\n\\r\\n\\r\\n\\r\\n\\r\\n\\r\\n\\r\\n\\r\\n\\r\\n<p>New to me:<\\/p>\\r\\n\\r\\n\\r\\n\\r\\n\\r\\n\\r\\n\\r\\n\\r\\n\\r\\n\\r\\n\\r\\n\\r\\n\\r\\n\\r\\n\\r\\n\\r\\n\\r\\n\\r\\n\\r\\n\\r\\n\\r\\n\\r\\n\\r\\n\\r\\n\\r\\n\\r\\n\\r\\n\\r\\n\\r\\n\\r\\n\\r\\n\\r\\n\\r\\n\\r\\n\\r\\n\\r\\n<ul><li>PHPUnit<\\/li><li>Jasmine unit testing framework<\\/li><\\/ul>\\r\\n\\r\\n<p>New to the company:<\\/p>\\r\\n\\r\\n\\r\\n\\r\\n\\r\\n\\r\\n\\r\\n\\r\\n\\r\\n\\r\\n\\r\\n\\r\\n\\r\\n\\r\\n\\r\\n\\r\\n\\r\\n\\r\\n\\r\\n\\r\\n\\r\\n\\r\\n\\r\\n\\r\\n\\r\\n\\r\\n\\r\\n\\r\\n\\r\\n\\r\\n\\r\\n\\r\\n\\r\\n\\r\\n\\r\\n\\r\\n<ul><li>Linux<\\/li><li>MySQL<\\/li><li>PHP<\\/li><\\/ul>\\r\\n\\r\\n<p>New to everyone involved:<\\/p>\\r\\n\\r\\n\\r\\n\\r\\n\\r\\n\\r\\n\\r\\n\\r\\n\\r\\n\\r\\n\\r\\n\\r\\n\\r\\n\\r\\n\\r\\n\\r\\n\\r\\n\\r\\n\\r\\n\\r\\n\\r\\n\\r\\n\\r\\n\\r\\n\\r\\n\\r\\n\\r\\n\\r\\n\\r\\n\\r\\n\\r\\n\\r\\n\\r\\n\\r\\n\\r\\n\\r\\n<ul><li>Agile, specifically&nbsp;Scrum<\\/li><li>Craft CMS<\\/li><li>Amazon Web Services<\\/li><li>Angular<\\/li><\\/ul>\\r\\n\\r\\n<p>As a result of these experiments, I&nbsp;have grown as a developer and a coworker in leaps and bounds. Most notably, I&nbsp;discovered agile methodologies. Upon discovering Scrum, I quickly began to read everything I could find on agile and Scrum. I went to <a href=\\\"https:\\/\\/adcwest.techwell.com\\/\\\" target=\\\"_blank\\\">Agile Dev West<\\/a> and&nbsp;<a href=\\\"http:\\/\\/agilegravyinc.com\\/\\\" target=\\\"_blank\\\">Agile Gravy<\\/a>,&nbsp;became&nbsp;a <a href=\\\"https:\\/\\/www.scrumalliance.org\\/certifications\\/practitioners\\/cspo-certification\\\" target=\\\"_blank\\\">Certified Scrum Product Owner<\\/a> and <a href=\\\"https:\\/\\/www.scrumalliance.org\\/certifications\\/practitioners\\/certified-scrummaster-csm\\\" target=\\\"_blank\\\">Certified ScrumMaster<sup>\\u00ae<\\/sup><\\/a> through&nbsp;<a href=\\\"https:\\/\\/www.scrumalliance.org\\/\\\" target=\\\"_blank\\\">Scrum Alliance<\\/a>, and joined a local agile users\' group.I&nbsp;quickly began to advise my team on how to better apply these methodologies, and to the organization at large through feedback to the agile coaches guiding the organizational agile transformation.<\\/p>\\r\\n\\r\\n\\r\\n\\r\\n\\r\\n\\r\\n\\r\\n\\r\\n\\r\\n\\r\\n\\r\\n\\r\\n\\r\\n\\r\\n\\r\\n\\r\\n\\r\\n\\r\\n\\r\\n\\r\\n\\r\\n\\r\\n\\r\\n\\r\\n\\r\\n\\r\\n\\r\\n\\r\\n<p>From a technical perspective, I&nbsp;grew in several ways.&nbsp;Though the site utilized the <a href=\\\"https:\\/\\/craftcms.com\\/\\\">Craft&nbsp;CMS<\\/a>&nbsp;to a degree, much of the initial&nbsp;development we were doing did not utilize the CMS. The lion\'s share of the initial work involved building&nbsp;a custom plugin for generating insurance quotes via calls to APIs built by other teams within the organization. This work afforded me the opportunity to use PHP&nbsp;in ways that I&nbsp;had not known it was capable, specifically using it as a middle layer between an Angular front end and the APIs.<\\/p>\\r\\n\\r\\n\\r\\n\\r\\n\\r\\n\\r\\n\\r\\n\\r\\n\\r\\n\\r\\n\\r\\n\\r\\n\\r\\n\\r\\n\\r\\n\\r\\n\\r\\n\\r\\n\\r\\n\\r\\n\\r\\n\\r\\n\\r\\n\\r\\n\\r\\n\\r\\n\\r\\n\\r\\n<p>As this initial setup tapered off, we began to tie the content of our site into Craft. As we did so,&nbsp;I&nbsp;developed a great appreciation for&nbsp;Craft. We utilized every feature of Craft&nbsp;<br><\\/p>\",\"20\":{\"date\":\"\"},\"15\":\"1\",\"12\":{\"71\":{\"type\":\"image\",\"enabled\":\"1\",\"fields\":{\"image\":[\"39\"],\"focalPoint\":\"\",\"orientation\":\"landscape\",\"fill\":\"initial\"}}},\"11\":\"<p>This project was an initiative to launch a new, web-based subsidiary of a larger insurance company.&nbsp;<\\/p>\",\"21\":\"<p>This project was an initiative to launch a new, web-based subsidiary of a larger insurance company.<\\/p>\",\"37\":[\"56\",\"59\",\"58\",\"57\",\"60\",\"73\",\"74\",\"81\",\"82\"],\"19\":{\"date\":\"6\\/15\\/2015\"},\"32\":\"\",\"17\":\"www.sayinsurance.com\",\"18\":\"https:\\/\\/\"}}', '2016-09-15 00:34:37', '2016-09-15 00:34:37', 'b9878e13-1026-4eaa-9fdb-633669531a08'),
 ('170', '43', '4', '1', 'en_us', '20', '', '{\"typeId\":\"4\",\"authorId\":\"1\",\"title\":\"Daniel Boone Regional Library\",\"slug\":\"daniel-boone-regional-library\",\"postDate\":1472700960,\"expiryDate\":null,\"enabled\":1,\"parentId\":null,\"fields\":{\"1\":\"<p><a href=\\\"http:\\/\\/www.dbrl.org\\\" target=\\\"_blank\\\">DBRL<\\/a> maintained a number of different sites. Some were built in Drupal, others in Wordpress, and others were custom built systems that were dependent on data received from APIs. I&nbsp;had a hand in every one of these to some degree. This included maintaining the web server for the DBRL system.<\\/p>\\r\\n\\r\\n<h4>Sign Up System<\\/h4>\\r\\n\\r\\n\\r\\n\\r\\n\\r\\n\\r\\n\\r\\n\\r\\n\\r\\n\\r\\n<p>One of my biggest achievements at DBRL was the inception, design, and implementation of a system for library employees to use to sign patrons up for library events. Previously, employees had used literal sign-up sheets. This necessitated that all patrons signing up for events be routed through a single service desk. I&nbsp;recognized that a web based sign up system could be used from any service desk. I conferred with numerous employees throughout the design process in order to ensure that the user facing system would meet employees\' needs.<\\/p>\\r\\n\\r\\n\\r\\n\\r\\n\\r\\n\\r\\n\\r\\n\\r\\n\\r\\n\\r\\n<p> Furthermore, a web based system could be automatically generated from the library\'s existing program database whereas paper sheets had to be manually created each week.&nbsp;This meant that the new system had to be connected through the existing system via an API. In addition, the back end database had to be modified to accept some additional fields required for the sign up system.<\\/p>\\r\\n\\r\\n\\r\\n\\r\\n\\r\\n\\r\\n\\r\\n\\r\\n\\r\\n\\r\\n<h4>Mock Newbury Site<\\/h4>\\r\\n\\r\\n\\r\\n\\r\\n\\r\\n\\r\\n\\r\\n\\r\\n\\r\\n\\r\\n<p>Each year, DBRL&nbsp;holds a Mock <a href=\\\"http:\\/\\/www.ala.org\\/alsc\\/awardsgrants\\/bookmedia\\/newberymedal\\/newberymedal\\\" target=\\\"_blank\\\">Newbery<\\/a> program. Children participate in the selection of a book that meets the criteria for the Newery award. Each year, the library creates a new website for the new selection of books. This website was my sole responsibility for two years. I created the site in <a href=\\\"https:\\/\\/wordpress.org\\/\\\" target=\\\"_blank\\\">Wordpress<\\/a> using a child theme based on <a href=\\\"https:\\/\\/www.kadencethemes.com\\/product\\/virtue-free-theme\\/\\\" target=\\\"_blank\\\">Virtue<\\/a> by <a href=\\\"https:\\/\\/www.kadencethemes.com\\/\\\" target=\\\"_blank\\\">Kadence Themes<\\/a>. I&nbsp;then secured portions of the site to logged in users so that the kids could engage in active discussions without interference from internet trolls.&nbsp;<\\/p>\\r\\n\\r\\n\\r\\n\\r\\n\\r\\n\\r\\n\\r\\n\\r\\n<h4>Additional&nbsp;Responsibilities<\\/h4>\\r\\n\\r\\n\\r\\n\\r\\n\\r\\n\\r\\n\\r\\n\\r\\n<p>In addition to these responsibilities, I shared the responsibilities of web administration with one other employee. We maintained and improved about half a dozen websites, as well as bearing the responsibility for server maintenance, backups, and updates. He and I&nbsp;developed a number of new features for existing sites, both independently and collaboratively. We maintained constant accessibility and communication with library employees who were the end users of our products, as well as conducting usability tests with patrons who used the libary website.<\\/p>\",\"20\":{\"date\":\"6\\/15\\/2015\"},\"15\":\"1\",\"12\":{\"72\":{\"type\":\"image\",\"enabled\":\"1\",\"fields\":{\"image\":[\"55\"],\"focalPoint\":\"up down\",\"orientation\":\"portrait\",\"fill\":\"initial\"}}},\"11\":\"\",\"21\":\"<p>DBRL maintained a number of different sites.&nbsp;I&nbsp;had a hand in every one of them to some degree.&nbsp;<\\/p>\",\"37\":[\"59\",\"58\",\"57\",\"77\",\"76\",\"75\",\"78\"],\"19\":{\"date\":\"8\\/1\\/2013\"},\"32\":\"\",\"17\":\"www.dbrl.org\",\"18\":\"http:\\/\\/\"}}', '2016-09-15 00:35:26', '2016-09-15 00:35:26', 'b3ae92e3-9f7e-4563-867c-568aa4896309'),
 ('171', '69', '2', '1', 'en_us', '4', '', '{\"typeId\":\"9\",\"authorId\":\"1\",\"title\":\"I made some art... Or did I?\",\"slug\":\"i-made-some-art-or-did-i\",\"postDate\":1473607560,\"expiryDate\":null,\"enabled\":1,\"parentId\":null,\"fields\":{\"1\":\"<p>The question \\\"What is art?\\\" has always been of interest to me. The subjective nature of art often leaves us questioning whether or not something truly is art. Is it truly art if someone is just slinging paint against a canvas? What if it could have been done by a five-year-old?&nbsp;What if it&nbsp;<em>was<\\/em> done by a five-year-old?&nbsp;Nowadays, with computers, a new kind of question is arising:&nbsp;How much human intervention is required to make art?<\\/p><p>The above image is a great example of this question. I put it together just to torture my coworkers. (I&nbsp;use it as the lock screen image on my computer.) It probably took me 20 minutes total.&nbsp;Still, one of my coworkers said, \\\"That looks like it could be hanging in a museum.\\\"&nbsp;Another replied, \\\"Not any museum I\'d go to.\\\"<\\/p><p>The original was a selfie that I took at the dentist.<\\/p><p><img src=\\\"http:\\/\\/localhost\\/dev\\/www\\/\\/assets\\/images\\/Dental-Terror-Original.jpg#asset:83\\\" alt=\\\"\\\" title=\\\"\\\"><\\/p><figcaption>Dentists are all sadists.<\\/figcaption><br>\",\"15\":\"1\",\"12\":{\"70\":{\"type\":\"image\",\"enabled\":\"1\",\"fields\":{\"image\":[\"68\"],\"focalPoint\":\"\",\"orientation\":\"landscape\",\"fill\":\"cover\"}}},\"14\":\"\",\"11\":\"<p>The question \\\"What is art?\\\" has always been of interest to me. The subjective nature of art often leaves us questioning whether or not something truly is art. Jackson Pollack\'s works are a prime example. Is it truly art if someone is just slinging paint against a canvas?&nbsp;This was the question of the day when Jackson broke into the scene.&nbsp;<\\/p>\\r\\n\\r\\n<p>Nowadays, with computers, a new kind of question is arising:&nbsp;How much human intervention is required to make art?<\\/p>\"}}', '2016-09-15 01:16:18', '2016-09-15 01:16:18', '24e6828f-2d44-40ae-9253-09703a4c416d'),
 ('172', '69', '2', '1', 'en_us', '5', '', '{\"typeId\":\"9\",\"authorId\":\"1\",\"title\":\"I made some art... Or did I?\",\"slug\":\"i-made-some-art-or-did-i\",\"postDate\":1473607560,\"expiryDate\":null,\"enabled\":1,\"parentId\":null,\"fields\":{\"1\":\"<p>The question \\\"What is art?\\\" has always been of interest to me. The subjective nature of art often leaves us questioning whether or not something truly is art. Is it truly art if someone is just slinging paint against a canvas? What if it could have been done by a five-year-old?&nbsp;What if it&nbsp;<em>was<\\/em> done by a five-year-old?&nbsp;Nowadays, with computers, a new kind of question is arising:&nbsp;How much human intervention is required to make art?<\\/p>\\r\\n\\r\\n<p>The above image is a great example of this question. I put it together just to torture my coworkers. (I&nbsp;use it as the lock screen image on my computer.) It probably took me 20 minutes total.&nbsp;Still, one of my coworkers said, \\\"That looks like it could be hanging in a museum.\\\"&nbsp;Another replied, \\\"Not any museum I\'d go to.\\\"<\\/p>\\r\\n\\r\\n<p>The original was a selfie that I took at the dentist.<\\/p>\\r\\n\\r\\n<figure><img src=\\\"http:\\/\\/localhost\\/dev\\/www\\/\\/assets\\/images\\/Dental-Terror-Original.jpg#asset:83:url\\\" alt=\\\"\\\" title=\\\"\\\"><figcaption>Dentists are all sadists.<\\/figcaption><\\/figure><p><br><\\/p>\",\"15\":\"1\",\"12\":{\"70\":{\"type\":\"image\",\"enabled\":\"1\",\"fields\":{\"image\":[\"68\"],\"focalPoint\":\"\",\"orientation\":\"landscape\",\"fill\":\"cover\"}}},\"14\":\"\",\"11\":\"<p>The question \\\"What is art?\\\" has always been of interest to me. The subjective nature of art often leaves us questioning whether or not something truly is art. Jackson Pollack\'s works are a prime example. Is it truly art if someone is just slinging paint against a canvas?&nbsp;This was the question of the day when Jackson broke into the scene.&nbsp;<\\/p>\\r\\n\\r\\n<p>Nowadays, with computers, a new kind of question is arising:&nbsp;How much human intervention is required to make art?<\\/p>\"}}', '2016-09-15 01:28:44', '2016-09-15 01:28:44', '6bc2b4a7-968c-4236-be51-09d3bd455135'),
 ('173', '69', '2', '1', 'en_us', '6', '', '{\"typeId\":\"9\",\"authorId\":\"1\",\"title\":\"I made some art... Or did I?\",\"slug\":\"i-made-some-art-or-did-i\",\"postDate\":1473607560,\"expiryDate\":null,\"enabled\":1,\"parentId\":null,\"fields\":{\"1\":\"<p>The question \\\"What is art?\\\" has always been of interest to me. The subjective nature of art often leaves us questioning whether or not something truly is art. Is it truly art if someone is just slinging paint against a canvas? What if it could have been done by a five-year-old?&nbsp;What if it&nbsp;<em>was<\\/em> done by a five-year-old?&nbsp;Nowadays, with computers, a new kind of question is arising:&nbsp;How much human intervention is required to make art?<\\/p>\\r\\n\\r\\n<p>The above image is a great example of this question. I put it together just to torture my coworkers. (I&nbsp;use it as the lock screen image on my computer.) It probably took me 20 minutes total.&nbsp;Still, one of my coworkers said, \\\"That looks like it could be hanging in a museum.\\\"&nbsp;Another replied, \\\"Not any museum I\'d go to.\\\"<\\/p>\\r\\n\\r\\n\\r\\n\\r\\n<p>The original was a selfie that I took at the dentist.<\\/p>\\r\\n\\r\\n\\r\\n\\r\\n<p><img src=\\\"http:\\/\\/localhost\\/dev\\/www\\/\\/assets\\/images\\/Dental-Terror-Original.jpg#asset:83:url\\\" alt=\\\"\\\" title=\\\"\\\">Dentists are all sadists.<br><\\/p><p><br><\\/p>\",\"15\":\"1\",\"12\":{\"70\":{\"type\":\"image\",\"enabled\":\"1\",\"fields\":{\"image\":[\"68\"],\"focalPoint\":\"\",\"orientation\":\"landscape\",\"fill\":\"cover\"}}},\"14\":\"\",\"11\":\"<p>The question \\\"What is art?\\\" has always been of interest to me. The subjective nature of art often leaves us questioning whether or not something truly is art. Jackson Pollack\'s works are a prime example. Is it truly art if someone is just slinging paint against a canvas?&nbsp;This was the question of the day when Jackson broke into the scene.&nbsp;<\\/p>\\r\\n\\r\\n<p>Nowadays, with computers, a new kind of question is arising:&nbsp;How much human intervention is required to make art?<\\/p>\"}}', '2016-09-15 01:31:09', '2016-09-15 01:31:09', '69c625f9-6ece-4c3b-97d5-f70a788073ae'),
 ('174', '69', '2', '1', 'en_us', '7', '', '{\"typeId\":\"9\",\"authorId\":\"1\",\"title\":\"I made some art... Or did I?\",\"slug\":\"i-made-some-art-or-did-i\",\"postDate\":1473607560,\"expiryDate\":null,\"enabled\":1,\"parentId\":null,\"fields\":{\"1\":\"<p>The question \\\"What is art?\\\" has always been of interest to me. The subjective nature of art often leaves us questioning whether or not something truly is art. Is it truly art if someone is just slinging paint against a canvas? What if it could have been done by a five-year-old?&nbsp;What if it&nbsp;<em>was<\\/em> done by a five-year-old?&nbsp;Nowadays, with computers, a new kind of question is arising:&nbsp;How much human intervention is required to make art?<\\/p>\\r\\n<p>The above image is a great example of this question. I put it together just to torture my coworkers. (I&nbsp;use it as the lock screen image on my computer.) It probably took me 20 minutes total.&nbsp;Still, one of my coworkers said, \\\"That looks like it could be hanging in a museum.\\\"&nbsp;Another replied, \\\"Not any museum I\'d go to.\\\"<\\/p>\\r\\n<p>The original was a selfie that I took at the dentist.<\\/p>\\r\\n<p><img src=\\\"http:\\/\\/localhost\\/dev\\/www\\/\\/assets\\/images\\/Dental-Terror-Original.jpg#asset:83:url\\\" alt=\\\"\\\" title=\\\"\\\" class=\\\"portrait\\\"><\\/p><p class=\\\"caption\\\">Dentists are all sadists.<br><\\/p>\\r\\n<p><br><\\/p>\",\"15\":\"1\",\"12\":{\"70\":{\"type\":\"image\",\"enabled\":\"1\",\"fields\":{\"image\":[\"68\"],\"focalPoint\":\"\",\"orientation\":\"landscape\",\"fill\":\"cover\"}}},\"14\":\"\",\"11\":\"<p>The question \\\"What is art?\\\" has always been of interest to me. The subjective nature of art often leaves us questioning whether or not something truly is art. Jackson Pollack\'s works are a prime example. Is it truly art if someone is just slinging paint against a canvas?&nbsp;This was the question of the day when Jackson broke into the scene.&nbsp;<\\/p>\\r\\n\\r\\n<p>Nowadays, with computers, a new kind of question is arising:&nbsp;How much human intervention is required to make art?<\\/p>\"}}', '2016-09-16 00:42:38', '2016-09-16 00:42:38', '9525c2fc-0437-429b-9e22-79362dc2c85c'),
 ('175', '69', '2', '1', 'en_us', '8', '', '{\"typeId\":\"9\",\"authorId\":\"1\",\"title\":\"I made some art... Or did I?\",\"slug\":\"i-made-some-art-or-did-i\",\"postDate\":1473607560,\"expiryDate\":null,\"enabled\":1,\"parentId\":null,\"fields\":{\"1\":\"<p>The question \\\"What is art?\\\" has always been of interest to me. The subjective nature of art often leaves us questioning whether or not something truly is art. Is it truly art if someone is just slinging paint against a canvas? What if it could have been done by a five-year-old?&nbsp;What if it&nbsp;<em>was<\\/em> done by a five-year-old?&nbsp;Nowadays, with computers, a new kind of question is arising:&nbsp;How much human intervention is required to make art?<\\/p>\\r\\n<p>The above image is a great example of this question. I put it together just to torture my coworkers. (I&nbsp;use it as the lock screen image on my computer.) It probably took me 20 minutes total.&nbsp;Still, one of my coworkers said, \\\"That looks like it could be hanging in a museum.\\\"&nbsp;Another replied, \\\"Not any museum I\'d go to.\\\"<\\/p>\\r\\n<p>The original was a selfie that I took at the dentist.<\\/p>\\r\\n<p><img src=\\\"http:\\/\\/localhost\\/dev\\/www\\/\\/assets\\/images\\/Dental-Terror-Original.jpg#asset:83:url\\\" alt=\\\"\\\" title=\\\"\\\" class=\\\"portrait\\\"><\\/p>\\r\\n<span class=\\\"caption\\\">Dentists are all sadists.<\\/span>\\r\\n<p><br><\\/p>\",\"15\":\"1\",\"12\":{\"70\":{\"type\":\"image\",\"enabled\":\"1\",\"fields\":{\"image\":[\"68\"],\"focalPoint\":\"\",\"orientation\":\"landscape\",\"fill\":\"cover\"}}},\"14\":\"\",\"11\":\"<p>The question \\\"What is art?\\\" has always been of interest to me. The subjective nature of art often leaves us questioning whether or not something truly is art. Jackson Pollack\'s works are a prime example. Is it truly art if someone is just slinging paint against a canvas?&nbsp;This was the question of the day when Jackson broke into the scene.&nbsp;<\\/p>\\r\\n\\r\\n<p>Nowadays, with computers, a new kind of question is arising:&nbsp;How much human intervention is required to make art?<\\/p>\"}}', '2016-09-16 00:46:57', '2016-09-16 00:46:57', 'e40d714c-edf5-4893-9c30-fcec827617a9'),
 ('176', '69', '2', '1', 'en_us', '9', '', '{\"typeId\":\"9\",\"authorId\":\"1\",\"title\":\"I made some art... Or did I?\",\"slug\":\"i-made-some-art-or-did-i\",\"postDate\":1473607560,\"expiryDate\":null,\"enabled\":1,\"parentId\":null,\"fields\":{\"1\":\"<p>The question \\\"What is art?\\\" has always been of interest to me. The subjective nature of art often leaves us questioning whether or not something truly is art. Is it truly art if someone is just slinging paint against a canvas? What if it could have been done by a five-year-old?&nbsp;What if it&nbsp;<em>was<\\/em> done by a five-year-old?&nbsp;Nowadays, with computers, a new kind of question is arising:&nbsp;How much human intervention is required to make art?<\\/p>\\r\\n<p>The above image is a great example of this question. I put it together just to torture my coworkers. (I&nbsp;use it as the lock screen image on my computer.) It probably took me 20 minutes total.&nbsp;Still, one of my coworkers said, \\\"That looks like it could be hanging in a museum.\\\"&nbsp;Another replied, \\\"Not any museum I\'d go to.\\\"<\\/p>\\r\\n<p>The original was a selfie that I took at the dentist.<\\/p>\\r\\n<p><img src=\\\"http:\\/\\/localhost\\/dev\\/www\\/\\/assets\\/images\\/Dental-Terror-Original.jpg#asset:83:url\\\" alt=\\\"\\\" title=\\\"\\\" class=\\\"image portrait\\\"><\\/p>\\r\\n<p>Dentists are all sadists.<\\/p>\\r\\n<p><br><\\/p>\",\"15\":\"1\",\"12\":{\"70\":{\"type\":\"image\",\"enabled\":\"1\",\"fields\":{\"image\":[\"68\"],\"focalPoint\":\"\",\"orientation\":\"landscape\",\"fill\":\"cover\"}}},\"14\":\"\",\"11\":\"<p>The question \\\"What is art?\\\" has always been of interest to me. The subjective nature of art often leaves us questioning whether or not something truly is art. Jackson Pollack\'s works are a prime example. Is it truly art if someone is just slinging paint against a canvas?&nbsp;This was the question of the day when Jackson broke into the scene.&nbsp;<\\/p>\\r\\n\\r\\n<p>Nowadays, with computers, a new kind of question is arising:&nbsp;How much human intervention is required to make art?<\\/p>\"}}', '2016-09-16 00:52:10', '2016-09-16 00:52:10', '35ef57b6-e65d-4030-be2f-65503d644aa3'),
 ('177', '69', '2', '1', 'en_us', '10', '', '{\"typeId\":\"9\",\"authorId\":\"1\",\"title\":\"I made some art... Or did I?\",\"slug\":\"i-made-some-art-or-did-i\",\"postDate\":1473607560,\"expiryDate\":null,\"enabled\":1,\"parentId\":null,\"fields\":{\"1\":\"<p>The question \\\"What is art?\\\" has always been of interest to me. The subjective nature of art often leaves us questioning whether or not something truly is art. Is it truly art if someone is just slinging paint against a canvas? What if it could have been done by a five-year-old?&nbsp;What if it&nbsp;<em>was<\\/em> done by a five-year-old?&nbsp;Nowadays, with computers, a new kind of question is arising:&nbsp;How much human intervention is required to make art?<\\/p>\\r\\n<p>The above image is a great example of this question. I put it together just to torture my coworkers. (I&nbsp;use it as the lock screen image on my computer.) It probably took me 20 minutes total.&nbsp;Still, one of my coworkers said, \\\"That looks like it could be hanging in a museum.\\\"&nbsp;Another replied, \\\"Not any museum I\'d go to.\\\"<\\/p>\\r\\n<p>The original was a selfie that I took at the dentist.<\\/p>\\r\\n<p class=\\\"image portrait\\\"><img src=\\\"http:\\/\\/localhost\\/dev\\/www\\/\\/assets\\/images\\/Dental-Terror-Original.jpg#asset:83:url\\\" alt=\\\"\\\" title=\\\"\\\"><\\/p>\\r\\n<p>Dentists are all sadists.<\\/p>\\r\\n<p><br><\\/p>\",\"15\":\"1\",\"12\":{\"70\":{\"type\":\"image\",\"enabled\":\"1\",\"fields\":{\"image\":[\"68\"],\"focalPoint\":\"\",\"orientation\":\"landscape\",\"fill\":\"cover\"}}},\"14\":\"\",\"11\":\"<p>The question \\\"What is art?\\\" has always been of interest to me. The subjective nature of art often leaves us questioning whether or not something truly is art. Jackson Pollack\'s works are a prime example. Is it truly art if someone is just slinging paint against a canvas?&nbsp;This was the question of the day when Jackson broke into the scene.&nbsp;<\\/p>\\r\\n\\r\\n<p>Nowadays, with computers, a new kind of question is arising:&nbsp;How much human intervention is required to make art?<\\/p>\"}}', '2016-09-16 01:01:31', '2016-09-16 01:01:31', '6d68f1b2-a2cd-47c7-9563-e21cf55f008e'),
 ('178', '69', '2', '1', 'en_us', '11', '', '{\"typeId\":\"9\",\"authorId\":\"1\",\"title\":\"I made some art... Or did I?\",\"slug\":\"i-made-some-art-or-did-i\",\"postDate\":1473607560,\"expiryDate\":null,\"enabled\":1,\"parentId\":null,\"fields\":{\"1\":\"<p>The question \\\"What is art?\\\" has always been of interest to me. The subjective nature of art often leaves us questioning whether or not something truly is art. Is it truly art if someone is just slinging paint against a canvas? What if it could have been done by a five-year-old?&nbsp;What if it&nbsp;<em>was<\\/em> done by a five-year-old?&nbsp;Nowadays, with computers, a new kind of question is arising:&nbsp;How much human intervention is required to make art?<\\/p>\\r\\n<p>The above image is a great example of this question. I put it together just to torture my coworkers. (I&nbsp;use it as the lock screen image on my computer.) It probably took me 20 minutes total.&nbsp;Still, one of my coworkers said, \\\"That looks like it could be hanging in a museum.\\\"&nbsp;Another replied, \\\"Not any museum I\'d go to.\\\"<\\/p>\\r\\n<p>The original was a selfie that I took at the dentist.<\\/p>\\r\\n<p><img class=\\\"image portrait\\\" src=\\\"http:\\/\\/localhost\\/dev\\/www\\/\\/assets\\/images\\/Dental-Terror-Original.jpg#asset:83:url\\\" alt=\\\"\\\" title=\\\"\\\"><\\/p>\\r\\n<p>Dentists are all sadists.<\\/p>\\r\\n<p><br><\\/p>\",\"15\":\"1\",\"12\":{\"70\":{\"type\":\"image\",\"enabled\":\"1\",\"fields\":{\"image\":[\"68\"],\"focalPoint\":\"\",\"orientation\":\"landscape\",\"fill\":\"cover\"}}},\"14\":\"\",\"11\":\"<p>The question \\\"What is art?\\\" has always been of interest to me. The subjective nature of art often leaves us questioning whether or not something truly is art. Jackson Pollack\'s works are a prime example. Is it truly art if someone is just slinging paint against a canvas?&nbsp;This was the question of the day when Jackson broke into the scene.&nbsp;<\\/p>\\r\\n\\r\\n<p>Nowadays, with computers, a new kind of question is arising:&nbsp;How much human intervention is required to make art?<\\/p>\"}}', '2016-09-16 01:09:36', '2016-09-16 01:09:36', 'bfc45282-0978-4030-b181-76eb8b8c1e35'),
 ('179', '69', '2', '1', 'en_us', '12', '', '{\"typeId\":\"9\",\"authorId\":\"1\",\"title\":\"I made some art... Or did I?\",\"slug\":\"i-made-some-art-or-did-i\",\"postDate\":1473607560,\"expiryDate\":null,\"enabled\":1,\"parentId\":null,\"fields\":{\"1\":\"<p>The question \\\"What is art?\\\" has always been of interest to me. The subjective nature of art often leaves us questioning whether or not something truly is art. Is it truly art if someone is just slinging paint against a canvas? What if it could have been done by a five-year-old?&nbsp;What if it&nbsp;<em>was<\\/em> done by a five-year-old?&nbsp;Nowadays, with computers, a new kind of question is arising:&nbsp;How much human intervention is required to make art?<\\/p>\\r\\n<p>The above image is a great example of this question. I put it together just to torture my coworkers. (I&nbsp;use it as the lock screen image on my computer.) It probably took me 20 minutes total.&nbsp;Still, one of my coworkers said, \\\"That looks like it could be hanging in a museum.\\\"&nbsp;Another replied, \\\"Not any museum I\'d go to.\\\"<\\/p>\\r\\n<p>The original was a selfie that I took at the dentist.<\\/p>\\r\\n<p><img class=\\\"image portrait\\\" src=\\\"http:\\/\\/localhost\\/dev\\/www\\/\\/assets\\/images\\/Dental-Terror-Original.jpg#asset:83:url\\\" alt=\\\"\\\" title=\\\"\\\"><\\/p>\\r\\n<p>I doubt anyone would call that art. The only thing about it that might qualify it as art is that it produces an emotional response. The composition is weird. It\'s fairly monochromatic. The lighting is flat. Other than the disgust and terror that I had in mind when I&nbsp;took it, it really doesn\'t offer much.&nbsp;<br><\\/p><p>But, here\'s where it gets interesting..<\\/p><p>I ran it through a couple of filters in <a href=\\\"https:\\/\\/play.google.com\\/store\\/apps\\/details?id=com.neuralprisma\\\" target=\\\"_blank\\\">Prisma<\\/a>, an Android app that applies art filters to photos. here are the most and least extreme modifications that I&nbsp;liked:<\\/p><p><img class=\\\"image portrait\\\" src=\\\"http:\\/\\/localhost\\/dev\\/www\\/\\/assets\\/images\\/Dental-Terror-1.jpg#asset:84\\\"><br><\\/p><p><img class=\\\"image portrait\\\" src=\\\"http:\\/\\/localhost\\/dev\\/www\\/\\/assets\\/images\\/Dental-Terror-2.jpg#asset:85\\\"><br><\\/p>\",\"15\":\"1\",\"12\":{\"70\":{\"type\":\"image\",\"enabled\":\"1\",\"fields\":{\"image\":[\"68\"],\"focalPoint\":\"\",\"orientation\":\"landscape\",\"fill\":\"cover\"}}},\"14\":\"\",\"11\":\"<p>The question \\\"What is art?\\\" has always been of interest to me. The subjective nature of art often leaves us questioning whether or not something truly is art. Jackson Pollack\'s works are a prime example. Is it truly art if someone is just slinging paint against a canvas?&nbsp;This was the question of the day when Jackson broke into the scene.&nbsp;<\\/p>\\r\\n\\r\\n<p>Nowadays, with computers, a new kind of question is arising:&nbsp;How much human intervention is required to make art?<\\/p>\"}}', '2016-09-16 01:38:31', '2016-09-16 01:38:31', '7231ecb1-9658-444e-a494-33ada5c0d81a'),
 ('180', '69', '2', '1', 'en_us', '13', '', '{\"typeId\":\"9\",\"authorId\":\"1\",\"title\":\"I made some art... Or did I?\",\"slug\":\"i-made-some-art-or-did-i\",\"postDate\":1473607560,\"expiryDate\":null,\"enabled\":1,\"parentId\":null,\"fields\":{\"1\":\"<p>The question \\\"What is art?\\\" has always been of interest to me. The subjective nature of art often leaves us questioning whether or not something truly is art. Is it truly art if someone is just slinging paint against a canvas? What if it could have been done by a five-year-old?&nbsp;What if it&nbsp;<em>was<\\/em> done by a five-year-old?&nbsp;Nowadays, with computers, a new kind of question is arising:&nbsp;How much human intervention is required to make art?<\\/p>\\r\\n\\r\\n<p>The above image is a great example of this question. I put it together just to torture my coworkers. (I&nbsp;use it as the lock screen image on my computer.) It probably took me 20 minutes total.&nbsp;Still, one of my coworkers said, \\\"That looks like it could be hanging in a museum.\\\"&nbsp;Another replied, \\\"Not any museum I\'d go to.\\\"<\\/p>\\r\\n\\r\\n\\r\\n\\r\\n<p>The original was a selfie that I took at the dentist.<\\/p>\\r\\n\\r\\n\\r\\n\\r\\n<p><img class=\\\"image portrait\\\" src=\\\"http:\\/\\/localhost\\/dev\\/www\\/\\/assets\\/images\\/Dental-Terror-Original.jpg#asset:83:url\\\" alt=\\\"\\\" title=\\\"\\\"><\\/p>\\r\\n\\r\\n\\r\\n\\r\\n<p>I doubt anyone would call that art. The only thing about it that might qualify it as art is that it produces an emotional response. The composition is weird. It\'s fairly monochromatic. The lighting is flat. Other than the disgust and terror that I had in mind when I&nbsp;took it, it really doesn\'t offer much.&nbsp;<br><\\/p>\\r\\n\\r\\n<p>But, here\'s where it gets interesting..<\\/p>\\r\\n\\r\\n<p>I ran it through a couple of filters in <a href=\\\"https:\\/\\/play.google.com\\/store\\/apps\\/details?id=com.neuralprisma\\\" target=\\\"_blank\\\">Prisma<\\/a>, an Android app that applies art filters to photos. here are the most and least extreme modifications that I&nbsp;liked:<\\/p>\\r\\n\\r\\n<p><img class=\\\"image portrait\\\" src=\\\"http:\\/\\/localhost\\/dev\\/www\\/\\/assets\\/images\\/Dental-Terror-1.jpg#asset:84:url\\\" alt=\\\"Dental-Terror-1.jpg#asset:84\\\"><br><\\/p>\\r\\n\\r\\n<p><img class=\\\"image portrait\\\" src=\\\"http:\\/\\/localhost\\/dev\\/www\\/\\/assets\\/images\\/Dental-Terror-2.jpg#asset:85:url\\\" alt=\\\"Dental-Terror-2.jpg#asset:85\\\"><br><\\/p><p>These were both literally&nbsp;one click options in the app. I&nbsp;flipped through all the options in the app and picked out the eight that I&nbsp;liked most. It probably took me five minutes, ten max.&nbsp;The next morning, I&nbsp;opened up <a href=\\\"https:\\/\\/inkscape.org\\/en\\/\\\" target=\\\"_blank\\\">Inkscape<\\/a> (because I\'m a bit more adept with that than I am <a href=\\\"http:\\/\\/www.gimp.org\\/\\\" target=\\\"_blank\\\">Gimp<\\/a>) and stitched them into the collage above. It probably took me another 20 minutes to half an hour.<\\/p>\",\"15\":\"1\",\"12\":{\"70\":{\"type\":\"image\",\"enabled\":\"1\",\"fields\":{\"image\":[\"68\"],\"focalPoint\":\"\",\"orientation\":\"landscape\",\"fill\":\"cover\"}}},\"14\":\"\",\"11\":\"<p>The question \\\"What is art?\\\" has always been of interest to me. The subjective nature of art often leaves us questioning whether or not something truly is art. Jackson Pollack\'s works are a prime example. Is it truly art if someone is just slinging paint against a canvas?&nbsp;This was the question of the day when Jackson broke into the scene.&nbsp;<\\/p>\\r\\n\\r\\n<p>Nowadays, with computers, a new kind of question is arising:&nbsp;How much human intervention is required to make art?<\\/p>\"}}', '2016-09-16 01:45:45', '2016-09-16 01:45:45', '15543340-37b8-4e91-b9cd-7f0fdaa0c78d'),
 ('181', '30', '4', '1', 'en_us', '26', '', '{\"typeId\":\"4\",\"authorId\":\"1\",\"title\":\"Say Insurance\",\"slug\":\"say-insurance\",\"postDate\":1433118900,\"expiryDate\":null,\"enabled\":1,\"parentId\":null,\"fields\":{\"1\":\"<p>This project was an initiative to launch a new, web-based subsidiary of a larger insurance company.<\\/p>\\r\\n\\r\\n<p>The company used this initiative to experiment with new technologies and&nbsp;workflow methodologies. Among these new technologies and methodologies are:<\\/p>\\r\\n\\r\\n\\r\\n\\r\\n\\r\\n\\r\\n\\r\\n\\r\\n\\r\\n\\r\\n\\r\\n\\r\\n\\r\\n\\r\\n\\r\\n\\r\\n\\r\\n\\r\\n\\r\\n\\r\\n\\r\\n\\r\\n\\r\\n\\r\\n\\r\\n\\r\\n\\r\\n\\r\\n\\r\\n\\r\\n\\r\\n\\r\\n\\r\\n\\r\\n\\r\\n\\r\\n\\r\\n\\r\\n<p>New to me:<\\/p>\\r\\n\\r\\n\\r\\n\\r\\n\\r\\n\\r\\n\\r\\n\\r\\n\\r\\n\\r\\n\\r\\n\\r\\n\\r\\n\\r\\n\\r\\n\\r\\n\\r\\n\\r\\n\\r\\n\\r\\n\\r\\n\\r\\n\\r\\n\\r\\n\\r\\n\\r\\n\\r\\n\\r\\n\\r\\n\\r\\n\\r\\n\\r\\n\\r\\n\\r\\n\\r\\n\\r\\n\\r\\n\\r\\n<ul><li>PHPUnit<\\/li><li>Jasmine unit testing framework<\\/li><\\/ul>\\r\\n\\r\\n<p>New to the company:<\\/p>\\r\\n\\r\\n\\r\\n\\r\\n\\r\\n\\r\\n\\r\\n\\r\\n\\r\\n\\r\\n\\r\\n\\r\\n\\r\\n\\r\\n\\r\\n\\r\\n\\r\\n\\r\\n\\r\\n\\r\\n\\r\\n\\r\\n\\r\\n\\r\\n\\r\\n\\r\\n\\r\\n\\r\\n\\r\\n\\r\\n\\r\\n\\r\\n\\r\\n\\r\\n\\r\\n\\r\\n\\r\\n\\r\\n<ul><li>Linux<\\/li><li>MySQL<\\/li><li>PHP<\\/li><\\/ul>\\r\\n\\r\\n<p>New to everyone involved:<\\/p>\\r\\n\\r\\n\\r\\n\\r\\n\\r\\n\\r\\n\\r\\n\\r\\n\\r\\n\\r\\n\\r\\n\\r\\n\\r\\n\\r\\n\\r\\n\\r\\n\\r\\n\\r\\n\\r\\n\\r\\n\\r\\n\\r\\n\\r\\n\\r\\n\\r\\n\\r\\n\\r\\n\\r\\n\\r\\n\\r\\n\\r\\n\\r\\n\\r\\n\\r\\n\\r\\n\\r\\n\\r\\n\\r\\n<ul><li>Agile, specifically&nbsp;Scrum<\\/li><li>Craft CMS<\\/li><li>Amazon Web Services<\\/li><li>Angular<\\/li><\\/ul>\\r\\n\\r\\n<p>As a result of these experiments, I&nbsp;have grown as a developer and a coworker in leaps and bounds. Most notably, I&nbsp;discovered agile methodologies. Upon discovering Scrum, I quickly began to read everything I could find on agile and Scrum. I went to <a href=\\\"https:\\/\\/adcwest.techwell.com\\/\\\" target=\\\"_blank\\\">Agile Dev West<\\/a> and&nbsp;<a href=\\\"http:\\/\\/agilegravyinc.com\\/\\\" target=\\\"_blank\\\">Agile Gravy<\\/a>,&nbsp;became&nbsp;a <a href=\\\"https:\\/\\/www.scrumalliance.org\\/certifications\\/practitioners\\/cspo-certification\\\" target=\\\"_blank\\\">Certified Scrum Product Owner<\\/a> and <a href=\\\"https:\\/\\/www.scrumalliance.org\\/certifications\\/practitioners\\/certified-scrummaster-csm\\\" target=\\\"_blank\\\">Certified ScrumMaster<sup>\\u00ae<\\/sup><\\/a> through&nbsp;<a href=\\\"https:\\/\\/www.scrumalliance.org\\/\\\" target=\\\"_blank\\\">Scrum Alliance<\\/a>, and joined a local agile users\' group.I&nbsp;quickly began to advise my team on how to better apply these methodologies, and to the organization at large through feedback to the agile coaches guiding the organizational agile transformation.<\\/p>\\r\\n\\r\\n\\r\\n\\r\\n\\r\\n\\r\\n\\r\\n\\r\\n\\r\\n\\r\\n\\r\\n\\r\\n\\r\\n\\r\\n\\r\\n\\r\\n\\r\\n\\r\\n\\r\\n\\r\\n\\r\\n\\r\\n\\r\\n\\r\\n\\r\\n\\r\\n\\r\\n\\r\\n\\r\\n\\r\\n<p>From a technical perspective, I&nbsp;grew in several ways.&nbsp;Though the site utilized the <a href=\\\"https:\\/\\/craftcms.com\\/\\\">Craft&nbsp;CMS<\\/a>&nbsp;to a degree, much of the initial&nbsp;development we were doing did not utilize the CMS. The lion\'s share of the initial work involved building&nbsp;a custom plugin for generating insurance quotes via calls to APIs built by other teams within the organization. This work afforded me the opportunity to use PHP&nbsp;in ways that I&nbsp;had not known it was capable, specifically using it as a middle layer between an Angular front end and the APIs.<\\/p>\\r\\n\\r\\n\\r\\n\\r\\n\\r\\n\\r\\n\\r\\n\\r\\n\\r\\n\\r\\n\\r\\n\\r\\n\\r\\n\\r\\n\\r\\n\\r\\n\\r\\n\\r\\n\\r\\n\\r\\n\\r\\n\\r\\n\\r\\n\\r\\n\\r\\n\\r\\n\\r\\n\\r\\n\\r\\n\\r\\n<p>As this initial setup tapered off, we began to tie the content of our site into Craft. As we did so,&nbsp;I&nbsp;developed a great appreciation for&nbsp;Craft. We utilized every feature of Craft&nbsp;<br><\\/p>\",\"20\":{\"date\":\"\"},\"15\":\"1\",\"12\":{\"71\":{\"type\":\"image\",\"enabled\":\"1\",\"fields\":{\"image\":[\"39\"],\"focalPoint\":\"\",\"orientation\":\"landscape\",\"fill\":\"initial\"}}},\"11\":\"<p>This project was an initiative to launch a new, web-based subsidiary of a larger insurance company.&nbsp;<\\/p>\",\"21\":\"<p>This project was an initiative to launch a new, web-based subsidiary of a larger insurance company.<\\/p>\",\"37\":[\"56\",\"59\",\"58\",\"57\",\"60\",\"73\",\"74\",\"81\",\"82\"],\"19\":{\"date\":\"6\\/15\\/2015\"},\"32\":[\"65\"],\"17\":\"www.sayinsurance.com\",\"18\":\"https:\\/\\/\"}}', '2016-09-20 01:11:23', '2016-09-20 01:11:23', '86869417-dbe4-4fa3-a4ed-df5334e5b23c'),
 ('182', '69', '2', '1', 'en_us', '14', '', '{\"typeId\":\"9\",\"authorId\":\"1\",\"title\":\"I made some art... Or did I?\",\"slug\":\"i-made-some-art-or-did-i\",\"postDate\":1473607560,\"expiryDate\":null,\"enabled\":1,\"parentId\":null,\"fields\":{\"1\":\"<p>The question \\\"What is art?\\\" has always been of interest to me. The subjective nature of art often leaves us questioning whether or not something truly is art. Is it truly art if someone is just slinging paint against a canvas? What if it could have been done by a five-year-old?&nbsp;What if it&nbsp;<em>was<\\/em> done by a five-year-old?&nbsp;Nowadays, with computers, a new kind of question is arising:&nbsp;How much human intervention is required to make art?<\\/p>\\r\\n\\r\\n<p>The above image is a great example of this question. I put it together just to torture my coworkers. (I&nbsp;use it as the lock screen image on my computer.) It probably took me 20 minutes total.&nbsp;Still, one of my coworkers said, \\\"That looks like it could be hanging in a museum.\\\"&nbsp;Another replied, \\\"Not any museum I\'d go to.\\\"<\\/p>\\r\\n\\r\\n\\r\\n\\r\\n\\r\\n\\r\\n<p>The original was a selfie that I took at the dentist\'s office.<\\/p>\\r\\n\\r\\n\\r\\n\\r\\n\\r\\n\\r\\n<p><img class=\\\"image portrait\\\" src=\\\"http:\\/\\/localhost\\/dev\\/www\\/\\/assets\\/images\\/Dental-Terror-Original.jpg#asset:83:url\\\" alt=\\\"\\\" title=\\\"\\\"><\\/p>\\r\\n\\r\\n\\r\\n\\r\\n\\r\\n\\r\\n<p>I doubt anyone would call that art. The only thing about it that might qualify it as art is that it produces an emotional response. The composition is weird. It\'s fairly monochromatic. The lighting is flat. Other than the disgust and terror that I had in mind when I&nbsp;took it, it really doesn\'t offer much.&nbsp;<br><\\/p>\\r\\n\\r\\n\\r\\n\\r\\n\\r\\n\\r\\n<p>But, here\'s where it gets interesting..<\\/p>\\r\\n\\r\\n\\r\\n\\r\\n\\r\\n\\r\\n<p>I ran it through a couple of filters in <a href=\\\"https:\\/\\/play.google.com\\/store\\/apps\\/details?id=com.neuralprisma\\\" target=\\\"_blank\\\">Prisma<\\/a>, an Android app that applies art filters to photos. here are the most and least extreme modifications that I&nbsp;liked:<\\/p>\\r\\n\\r\\n\\r\\n\\r\\n\\r\\n\\r\\n<p><img class=\\\"image portrait\\\" src=\\\"http:\\/\\/localhost\\/dev\\/www\\/\\/assets\\/images\\/Dental-Terror-1.jpg#asset:84:url\\\" alt=\\\"Dental-Terror-1.jpg#asset:84\\\"><br><\\/p>\\r\\n\\r\\n\\r\\n\\r\\n\\r\\n\\r\\n<p><img class=\\\"image portrait\\\" src=\\\"http:\\/\\/localhost\\/dev\\/www\\/\\/assets\\/images\\/Dental-Terror-2.jpg#asset:85:url\\\" alt=\\\"Dental-Terror-2.jpg#asset:85\\\"><br><\\/p>\\r\\n\\r\\n\\r\\n\\r\\n\\r\\n\\r\\n<p>These were both literally&nbsp;one click options in the app. I&nbsp;flipped through all the options in the app and picked out the eight that I&nbsp;liked most. It probably took me five minutes, ten max.&nbsp;The next morning, I&nbsp;opened up <a href=\\\"https:\\/\\/inkscape.org\\/en\\/\\\" target=\\\"_blank\\\">Inkscape<\\/a> (because I\'m a bit more adept with that than I am <a href=\\\"http:\\/\\/www.gimp.org\\/\\\" target=\\\"_blank\\\">Gimp<\\/a>) and stitched them into the collage that you saw at the beginning of this post. It probably took me another 20 minutes to half an hour. The only real thought I put into the process was that when I&nbsp;had laid them all out in tiles, I&nbsp;realized that it was horribly off balance, so I&nbsp;rearranged a bit.&nbsp;<\\/p>\\r\\n\\r\\n\\r\\n\\r\\n<p>In the process of writing this post, I Googled the definition of \\\"art.\\\"&nbsp;<\\/p>\\r\\n\\r\\n\\r\\n\\r\\n\\r\\n\\r\\n<div class=\\\"blcokquote-body-container\\\">\\r\\n<div class=\\\"icon-body-container\\\">\\r\\n<em class=\\\"fa fa-quote-left\\\" aria-hidden=\\\"true\\\"><\\/em>\\r\\n<div class=\\\"blockquote-body\\\">\\r\\n<p>the expression or application of human creative skill and imagination, typically in a visual form such as painting or sculpture, producing works to be appreciated primarily for their beauty or emotional power.<\\/p>\\r\\n<em class=\\\"fa fa-quote-right\\\" aria-hidden=\\\"true\\\"><\\/em>\\r\\n<\\/div>\\r\\n<\\/div>\\r\\n<\\/div>\",\"15\":\"1\",\"12\":{\"70\":{\"type\":\"image\",\"enabled\":\"1\",\"fields\":{\"image\":[\"68\"],\"focalPoint\":\"\",\"orientation\":\"landscape\",\"fill\":\"cover\"}}},\"14\":\"\",\"11\":\"<p>The question \\\"What is art?\\\" has always been of interest to me. The subjective nature of art often leaves us questioning whether or not something truly is art. Jackson Pollack\'s works are a prime example. Is it truly art if someone is just slinging paint against a canvas?&nbsp;This was the question of the day when Jackson broke into the scene.&nbsp;<\\/p>\\r\\n\\r\\n<p>Nowadays, with computers, a new kind of question is arising:&nbsp;How much human intervention is required to make art?<\\/p>\"}}', '2016-09-20 01:22:59', '2016-09-20 01:22:59', '52bfa701-0f0c-4cc7-b40e-32023fcdf323'),
 ('183', '69', '2', '1', 'en_us', '15', '', '{\"typeId\":\"9\",\"authorId\":\"1\",\"title\":\"I made some art... Or did I?\",\"slug\":\"i-made-some-art-or-did-i\",\"postDate\":1473607560,\"expiryDate\":null,\"enabled\":1,\"parentId\":null,\"fields\":{\"1\":\"<p>The question \\\"What is art?\\\" has always been of interest to me. The subjective nature of art often leaves us questioning whether or not something truly is art. Is it truly art if someone is just slinging paint against a canvas? What if it could have been done by a five-year-old?&nbsp;What if it&nbsp;<em>was<\\/em> done by a five-year-old?&nbsp;Nowadays, with computers, a new kind of question is arising:&nbsp;How much human intervention is required to make art?<\\/p>\\r\\n<p>The above image is a great example of this question. I put it together just to torture my coworkers. (I&nbsp;use it as the lock screen image on my computer.) It probably took me 20 minutes total.&nbsp;Still, one of my coworkers said, \\\"That looks like it could be hanging in a museum.\\\"&nbsp;Another replied, \\\"Not any museum I\'d go to.\\\"<\\/p>\\r\\n\\r\\n<p>The original was a selfie that I took at the dentist\'s office.<\\/p>\\r\\n\\r\\n<p><img class=\\\"image portrait\\\" src=\\\"http:\\/\\/localhost\\/dev\\/www\\/\\/assets\\/images\\/Dental-Terror-Original.jpg#asset:83:url\\\" alt=\\\"\\\" title=\\\"\\\"><\\/p>\\r\\n\\r\\n<p>I doubt anyone would call that art. The only thing about it that might qualify it as art is that it produces an emotional response. The composition is weird. It\'s fairly monochromatic. The lighting is flat. Other than the disgust and terror that I had in mind when I&nbsp;took it, it really doesn\'t offer much.&nbsp;<br><\\/p>\\r\\n\\r\\n<p>But, here\'s where it gets interesting..<\\/p>\\r\\n\\r\\n<p>I ran it through a couple of filters in <a href=\\\"https:\\/\\/play.google.com\\/store\\/apps\\/details?id=com.neuralprisma\\\" target=\\\"_blank\\\">Prisma<\\/a>, an Android app that applies art filters to photos. here are the most and least extreme modifications that I&nbsp;liked:<\\/p>\\r\\n\\r\\n<p><img class=\\\"image portrait\\\" src=\\\"http:\\/\\/localhost\\/dev\\/www\\/\\/assets\\/images\\/Dental-Terror-1.jpg#asset:84:url\\\" alt=\\\"Dental-Terror-1.jpg#asset:84\\\"><br><\\/p>\\r\\n\\r\\n<p><img class=\\\"image portrait\\\" src=\\\"http:\\/\\/localhost\\/dev\\/www\\/\\/assets\\/images\\/Dental-Terror-2.jpg#asset:85:url\\\" alt=\\\"Dental-Terror-2.jpg#asset:85\\\"><br><\\/p>\\r\\n\\r\\n<p>These were both literally&nbsp;one click options in the app. I&nbsp;flipped through all the options in the app and picked out the eight that I&nbsp;liked most. It probably took me five minutes, ten max.&nbsp;The next morning, I&nbsp;opened up <a href=\\\"https:\\/\\/inkscape.org\\/en\\/\\\" target=\\\"_blank\\\">Inkscape<\\/a> (because I\'m a bit more adept with that than I am <a href=\\\"http:\\/\\/www.gimp.org\\/\\\" target=\\\"_blank\\\">Gimp<\\/a>) and stitched them into the collage that you saw at the beginning of this post. It probably took me another 20 minutes to half an hour. The only real thought I put into the process was that when I&nbsp;had laid them all out in tiles, I&nbsp;realized that it was horribly off balance, so I&nbsp;rearranged a bit.&nbsp;<\\/p>\\r\\n<p>In the process of writing this post, I Googled the definition of \\\"art.\\\"&nbsp;<\\/p>\\r\\n\\r\\n<div class=\\\"blockquote-body-container\\\">\\r\\n<div class=\\\"icon-body-container\\\">\\r\\n<em class=\\\"fa fa-quote-left\\\"><\\/em>\\r\\n<div class=\\\"blockquote-body\\\">\\r\\n<p>the expression or application of human creative skill and imagination, typically in a visual form such as painting or sculpture, producing works to be appreciated primarily for their beauty or emotional power.<\\/p>\\r\\n<em class=\\\"fa fa-quote-right\\\"><\\/em>\\r\\n<\\/div>\\r\\n<\\/div>\\r\\n<\\/div>\",\"15\":\"1\",\"12\":{\"70\":{\"type\":\"image\",\"enabled\":\"1\",\"fields\":{\"image\":[\"68\"],\"focalPoint\":\"\",\"orientation\":\"landscape\",\"fill\":\"cover\"}}},\"14\":\"\",\"11\":\"<p>The question \\\"What is art?\\\" has always been of interest to me. The subjective nature of art often leaves us questioning whether or not something truly is art. Jackson Pollack\'s works are a prime example. Is it truly art if someone is just slinging paint against a canvas?&nbsp;This was the question of the day when Jackson broke into the scene.&nbsp;<\\/p>\\r\\n\\r\\n<p>Nowadays, with computers, a new kind of question is arising:&nbsp;How much human intervention is required to make art?<\\/p>\"}}', '2016-09-20 01:30:22', '2016-09-20 01:30:22', '78a1b0ed-b2ed-46e1-971a-fb2166fa1943'),
 ('184', '69', '2', '1', 'en_us', '16', '', '{\"typeId\":\"9\",\"authorId\":\"1\",\"title\":\"I made some art... Or did I?\",\"slug\":\"i-made-some-art-or-did-i\",\"postDate\":1473607560,\"expiryDate\":null,\"enabled\":1,\"parentId\":null,\"fields\":{\"1\":\"<p>The question \\\"What is art?\\\" has always been of interest to me. The subjective nature of art often leaves us questioning whether or not something truly is art. Is it truly art if someone is just slinging paint against a canvas? What if it could have been done by a five-year-old?&nbsp;What if it&nbsp;<em>was<\\/em> done by a five-year-old?&nbsp;Nowadays, with computers, a new kind of question is arising:&nbsp;How much human intervention is required to make art?<\\/p>\\r\\n\\r\\n<p>The above image is a great example of this question. I put it together just to torture my coworkers. (I&nbsp;use it as the lock screen image on my computer.) It probably took me 20 minutes total.&nbsp;Still, one of my coworkers said, \\\"That looks like it could be hanging in a museum.\\\"&nbsp;Another replied, \\\"Not any museum I\'d go to.\\\"<\\/p>\\r\\n\\r\\n\\r\\n\\r\\n\\r\\n\\r\\n<p>The original was a selfie that I took at the dentist\'s office.<\\/p>\\r\\n\\r\\n\\r\\n\\r\\n\\r\\n\\r\\n<p><img class=\\\"image portrait\\\" src=\\\"http:\\/\\/localhost\\/dev\\/www\\/\\/assets\\/images\\/Dental-Terror-Original.jpg#asset:83:url\\\" alt=\\\"\\\" title=\\\"\\\"><\\/p>\\r\\n\\r\\n\\r\\n\\r\\n\\r\\n\\r\\n<p>I doubt anyone would call that art. The only thing about it that might qualify it as art is that it produces an emotional response. The composition is weird. It\'s fairly monochromatic. The lighting is flat. Other than the disgust and terror that I had in mind when I&nbsp;took it, it really doesn\'t offer much.&nbsp;<br><\\/p>\\r\\n\\r\\n\\r\\n\\r\\n\\r\\n\\r\\n<p>But, here\'s where it gets interesting..<\\/p>\\r\\n\\r\\n\\r\\n\\r\\n\\r\\n\\r\\n<p>I ran it through a couple of filters in <a href=\\\"https:\\/\\/play.google.com\\/store\\/apps\\/details?id=com.neuralprisma\\\" target=\\\"_blank\\\">Prisma<\\/a>, an Android app that applies art filters to photos. here are the most and least extreme modifications that I&nbsp;liked:<\\/p>\\r\\n\\r\\n\\r\\n\\r\\n\\r\\n\\r\\n<p><img class=\\\"image portrait\\\" src=\\\"http:\\/\\/localhost\\/dev\\/www\\/\\/assets\\/images\\/Dental-Terror-1.jpg#asset:84:url\\\" alt=\\\"Dental-Terror-1.jpg#asset:84\\\"><br><\\/p>\\r\\n\\r\\n\\r\\n\\r\\n\\r\\n\\r\\n<p><img class=\\\"image portrait\\\" src=\\\"http:\\/\\/localhost\\/dev\\/www\\/\\/assets\\/images\\/Dental-Terror-2.jpg#asset:85:url\\\" alt=\\\"Dental-Terror-2.jpg#asset:85\\\"><br><\\/p>\\r\\n\\r\\n\\r\\n\\r\\n\\r\\n\\r\\n<p>These were both literally&nbsp;one click options in the app. I&nbsp;flipped through all the options in the app and picked out the eight that I&nbsp;liked most. It probably took me five minutes, ten max.&nbsp;The next morning, I&nbsp;opened up <a href=\\\"https:\\/\\/inkscape.org\\/en\\/\\\" target=\\\"_blank\\\">Inkscape<\\/a> (because I\'m a bit more adept with that than I am <a href=\\\"http:\\/\\/www.gimp.org\\/\\\" target=\\\"_blank\\\">Gimp<\\/a>) and stitched them into the collage that you saw at the beginning of this post. It probably took me another 20 minutes to half an hour. The only real thought I put into the process was that when I&nbsp;had laid them all out in tiles, I&nbsp;realized that it was horribly off balance, so I&nbsp;rearranged a bit.&nbsp;<\\/p><p>That\'s it. That\'s all I did, about an hour\'s worth of work.&nbsp;There was no Herculean effort.<\\/p>\\r\\n\\r\\n\\r\\n\\r\\n\\r\\n\\r\\n<p>In the process of writing this post, I Googled the definition of \\\"art.\\\"&nbsp;<\\/p>\\r\\n\\r\\n\\r\\n\\r\\n\\r\\n\\r\\n<div class=\\\"blockquote-body-container\\\">\\r\\n<div class=\\\"icon-body-container\\\">\\r\\n<em class=\\\"fa fa-quote-left\\\"><\\/em>\\r\\n<div class=\\\"blockquote-body\\\">\\r\\n<p>the expression or application of human creative skill and imagination, typically in a visual form such as painting or sculpture, producing works to be appreciated primarily for their beauty or emotional power.<\\/p>\\r\\n<em class=\\\"fa fa-quote-right\\\"><\\/em>\\r\\n<\\/div>\\r\\n<\\/div>\\r\\n<\\/div>\\r\\n\\r\\n\\r\\n\\r\\n\\r\\n\\r\\n<p>\\\"Producing works to be appreciated\\\"&nbsp;was the direct opposite of my goal. I&nbsp;wanted to disgust and annoy.&nbsp;<\\/p>\",\"15\":\"1\",\"12\":{\"70\":{\"type\":\"image\",\"enabled\":\"1\",\"fields\":{\"image\":[\"68\"],\"focalPoint\":\"\",\"orientation\":\"landscape\",\"fill\":\"cover\"}}},\"14\":\"\",\"11\":\"<p>The question \\\"What is art?\\\" has always been of interest to me. The subjective nature of art often leaves us questioning whether or not something truly is art. Jackson Pollack\'s works are a prime example. Is it truly art if someone is just slinging paint against a canvas?&nbsp;This was the question of the day when Jackson broke into the scene.&nbsp;<\\/p>\\r\\n\\r\\n<p>Nowadays, with computers, a new kind of question is arising:&nbsp;How much human intervention is required to make art?<\\/p>\"}}', '2016-09-20 01:48:19', '2016-09-20 01:48:19', 'c0a3087a-eb05-40b4-9990-13dbc004c4d4'),
 ('185', '69', '2', '1', 'en_us', '17', '', '{\"typeId\":\"9\",\"authorId\":\"1\",\"title\":\"I made some art... Or did I?\",\"slug\":\"i-made-some-art-or-did-i\",\"postDate\":1473607560,\"expiryDate\":null,\"enabled\":1,\"parentId\":null,\"fields\":{\"1\":\"<p>The question \\\"What is art?\\\" has always been of interest to me. The subjective nature of art often leaves us questioning whether or not something truly is art. Is it truly art if someone is just slinging paint against a canvas? What if it could have been done by a five-year-old?&nbsp;What if it&nbsp;<em>was<\\/em> done by a five-year-old?&nbsp;Nowadays, with computers, a new kind of question is arising:&nbsp;How much human intervention is required to make art?<\\/p>\\r\\n\\r\\n<p>The above image is a great example of this question. I put it together just to torture my coworkers. (I&nbsp;use it as the lock screen image on my computer.) It probably took me 20 minutes total.&nbsp;Still, one of my coworkers said, \\\"That looks like it could be hanging in a museum.\\\"&nbsp;Another replied, \\\"Not any museum I\'d go to.\\\"<\\/p>\\r\\n\\r\\n\\r\\n\\r\\n\\r\\n\\r\\n\\r\\n\\r\\n<p>The original was a selfie that I took at the dentist\'s office.<\\/p>\\r\\n\\r\\n\\r\\n\\r\\n\\r\\n\\r\\n\\r\\n\\r\\n<p><img class=\\\"image portrait\\\" src=\\\"http:\\/\\/localhost\\/dev\\/www\\/\\/assets\\/images\\/Dental-Terror-Original.jpg#asset:83:url\\\" alt=\\\"\\\" title=\\\"\\\"><\\/p>\\r\\n\\r\\n\\r\\n\\r\\n\\r\\n\\r\\n\\r\\n\\r\\n<p>I doubt anyone would call that art. The only thing about it that might qualify it as art is that it produces an emotional response. The composition is weird. It\'s fairly monochromatic. The lighting is flat. Other than the disgust and terror that I had in mind when I&nbsp;took it, it really doesn\'t offer much.&nbsp;<br><\\/p>\\r\\n\\r\\n\\r\\n\\r\\n\\r\\n\\r\\n\\r\\n\\r\\n<p>But, here\'s where it gets interesting..<\\/p>\\r\\n\\r\\n\\r\\n\\r\\n\\r\\n\\r\\n\\r\\n\\r\\n<p>I ran it through a couple of filters in <a href=\\\"https:\\/\\/play.google.com\\/store\\/apps\\/details?id=com.neuralprisma\\\" target=\\\"_blank\\\">Prisma<\\/a>, an Android app that applies art filters to photos. here are the most and least extreme modifications that I&nbsp;liked:<\\/p>\\r\\n\\r\\n\\r\\n\\r\\n\\r\\n\\r\\n\\r\\n\\r\\n<p><img class=\\\"image portrait\\\" src=\\\"http:\\/\\/localhost\\/dev\\/www\\/\\/assets\\/images\\/Dental-Terror-1.jpg#asset:84:url\\\" alt=\\\"Dental-Terror-1.jpg#asset:84\\\"><br><\\/p>\\r\\n\\r\\n\\r\\n\\r\\n\\r\\n\\r\\n\\r\\n\\r\\n<p><img class=\\\"image portrait\\\" src=\\\"http:\\/\\/localhost\\/dev\\/www\\/\\/assets\\/images\\/Dental-Terror-2.jpg#asset:85:url\\\" alt=\\\"Dental-Terror-2.jpg#asset:85\\\"><br><\\/p>\\r\\n\\r\\n\\r\\n\\r\\n\\r\\n\\r\\n\\r\\n\\r\\n<p>These were both literally&nbsp;one click options in the app. I&nbsp;flipped through all the options in the app and picked out the eight that I&nbsp;liked most. It probably took me five minutes, ten max.&nbsp;The next morning, I&nbsp;opened up <a href=\\\"https:\\/\\/inkscape.org\\/en\\/\\\" target=\\\"_blank\\\">Inkscape<\\/a> (because I\'m a bit more adept with that than I am <a href=\\\"http:\\/\\/www.gimp.org\\/\\\" target=\\\"_blank\\\">Gimp<\\/a>) and stitched them into the collage that you saw at the beginning of this post. It probably took me another 20 minutes to half an hour. The only real thought I put into the process was that when I&nbsp;had laid them all out in tiles, I&nbsp;realized that it was horribly off balance, so I&nbsp;rearranged a bit.&nbsp;<\\/p>\\r\\n\\r\\n<p>That\'s it. That\'s all I did, about an hour\'s worth of work.&nbsp;There was no Herculean effort.<\\/p>\\r\\n\\r\\n\\r\\n\\r\\n\\r\\n\\r\\n\\r\\n\\r\\n<p>In the process of writing this post, I Googled the definition of \\\"art\\\" because, after all,&nbsp;we\'re trying to define things.&nbsp;<\\/p>\\r\\n\\r\\n\\r\\n\\r\\n\\r\\n\\r\\n\\r\\n\\r\\n<div class=\\\"blockquote-body-container\\\">\\r\\n<div class=\\\"icon-body-container\\\">\\r\\n<em class=\\\"fa fa-quote-left\\\"><\\/em>\\r\\n<div class=\\\"blockquote-body\\\">\\r\\n<p>the expression or application of human creative skill and imagination, typically in a visual form such as painting or sculpture, producing works to be appreciated primarily for their beauty or emotional power.<\\/p>\\r\\n<em class=\\\"fa fa-quote-right\\\"><\\/em>\\r\\n<\\/div>\\r\\n<\\/div>\\r\\n<\\/div>\\r\\n\\r\\n\\r\\n\\r\\n\\r\\n\\r\\n\\r\\n\\r\\n<p>\\\"Producing works to be appreciated\\\"&nbsp;was the direct opposite of my goal. I&nbsp;wanted to disgust and annoy. So that\'s not it.<\\/p><p>So when did this become art? Is it when I&nbsp;chose the filters that complemented the image?&nbsp;Is it when I paused to rearrange the tiles? Or is it not even art at all? I\'m honestly not sure.&nbsp;<\\/p><p>But I may stick it in my porftolio anyway.<\\/p>\",\"15\":\"1\",\"12\":{\"70\":{\"type\":\"image\",\"enabled\":\"1\",\"fields\":{\"image\":[\"68\"],\"focalPoint\":\"\",\"orientation\":\"landscape\",\"fill\":\"cover\"}}},\"14\":\"\",\"11\":\"<p>The question \\\"What is art?\\\" has always been of interest to me. The subjective nature of art often leaves us questioning whether or not something truly is art. Jackson Pollack\'s works are a prime example. Is it truly art if someone is just slinging paint against a canvas?&nbsp;This was the question of the day when Jackson broke into the scene.&nbsp;<\\/p>\\r\\n\\r\\n<p>Nowadays, with computers, a new kind of question is arising:&nbsp;How much human intervention is required to make art?<\\/p>\"}}', '2016-09-22 00:52:18', '2016-09-22 00:52:18', 'ba72bd97-c8c5-4a29-9291-13e414fff8d1'),
 ('186', '69', '2', '1', 'en_us', '18', '', '{\"typeId\":\"9\",\"authorId\":\"1\",\"title\":\"I made some art... Or did I?\",\"slug\":\"i-made-some-art-or-did-i\",\"postDate\":1473607560,\"expiryDate\":null,\"enabled\":1,\"parentId\":null,\"fields\":{\"1\":\"<p>The question \\\"What is art?\\\" has always been of interest to me. The subjective nature of art often leaves us questioning whether or not something truly is art. Is it truly art if someone is just slinging paint against a canvas? What if it could have been done by a five-year-old?&nbsp;What if it&nbsp;<em>was<\\/em> done by a five-year-old?&nbsp;Nowadays, with computers, a new kind of question is arising:&nbsp;How much human intervention is required to make art?<\\/p>\\r\\n\\r\\n<p>The above image is a great example of this question. I put it together just to torture my coworkers. (I&nbsp;use it as the lock screen image on my computer.) It probably took me 20 minutes total.&nbsp;Still, one of my coworkers said, \\\"That looks like it could be hanging in a museum.\\\"&nbsp;Another replied, \\\"Not any museum I\'d go to.\\\"<\\/p>\\r\\n\\r\\n\\r\\n\\r\\n\\r\\n\\r\\n\\r\\n\\r\\n\\r\\n\\r\\n<p>The original was a selfie that I took at the dentist\'s office.<\\/p>\\r\\n\\r\\n\\r\\n\\r\\n\\r\\n\\r\\n\\r\\n\\r\\n\\r\\n\\r\\n<p><img class=\\\"image portrait\\\" src=\\\"http:\\/\\/localhost\\/dev\\/www\\/\\/assets\\/images\\/Dental-Terror-Original.jpg#asset:83:url\\\" alt=\\\"\\\" title=\\\"\\\"><\\/p>\\r\\n\\r\\n\\r\\n\\r\\n\\r\\n\\r\\n\\r\\n\\r\\n\\r\\n\\r\\n<p>I doubt anyone would call that art. The only thing about it that might qualify it as art is that it produces an emotional response. The composition is weird. It\'s fairly monochromatic. The lighting is flat. Other than the disgust and terror that I had in mind when I&nbsp;took it, it really doesn\'t offer much.&nbsp;<br><\\/p>\\r\\n\\r\\n\\r\\n\\r\\n\\r\\n\\r\\n\\r\\n\\r\\n\\r\\n\\r\\n<p>But, here\'s where it gets interesting..<\\/p>\\r\\n\\r\\n\\r\\n\\r\\n\\r\\n\\r\\n\\r\\n\\r\\n\\r\\n\\r\\n<p>I ran it through a couple of filters in <a href=\\\"https:\\/\\/play.google.com\\/store\\/apps\\/details?id=com.neuralprisma\\\" target=\\\"_blank\\\">Prisma<\\/a>, an Android app that applies art filters to photos. here are the most and least extreme modifications that I&nbsp;liked:<\\/p>\\r\\n\\r\\n\\r\\n\\r\\n\\r\\n\\r\\n\\r\\n\\r\\n\\r\\n\\r\\n<p><img class=\\\"image portrait\\\" src=\\\"http:\\/\\/localhost\\/dev\\/www\\/\\/assets\\/images\\/Dental-Terror-1.jpg#asset:84:url\\\" alt=\\\"Dental-Terror-1.jpg#asset:84\\\"><br><\\/p>\\r\\n\\r\\n\\r\\n\\r\\n\\r\\n\\r\\n\\r\\n\\r\\n\\r\\n\\r\\n<p><img class=\\\"image portrait\\\" src=\\\"http:\\/\\/localhost\\/dev\\/www\\/\\/assets\\/images\\/Dental-Terror-2.jpg#asset:85:url\\\" alt=\\\"Dental-Terror-2.jpg#asset:85\\\"><br><\\/p>\\r\\n\\r\\n\\r\\n\\r\\n\\r\\n\\r\\n\\r\\n\\r\\n\\r\\n\\r\\n<p>These were both literally&nbsp;one click options in the app. I&nbsp;flipped through all the options in the app and picked out the eight that I&nbsp;liked most. It probably took me five minutes, ten max.&nbsp;The next morning, I&nbsp;opened up <a href=\\\"https:\\/\\/inkscape.org\\/en\\/\\\" target=\\\"_blank\\\">Inkscape<\\/a> (because I\'m a bit more adept with that than I am <a href=\\\"http:\\/\\/www.gimp.org\\/\\\" target=\\\"_blank\\\">Gimp<\\/a>) and stitched them into the collage that you saw at the beginning of this post. It probably took me another 20 minutes to half an hour. The only real thought I put into the process was that when I&nbsp;had laid them all out in tiles, I&nbsp;realized that it was horribly off balance, so I&nbsp;rearranged a bit.&nbsp;<\\/p>\\r\\n\\r\\n\\r\\n\\r\\n<p>That\'s it. That\'s all I did, about an hour\'s worth of work.&nbsp;There was no Herculean effort.<\\/p>\\r\\n\\r\\n\\r\\n\\r\\n\\r\\n\\r\\n\\r\\n\\r\\n\\r\\n\\r\\n<p>In the process of writing this post, I Googled the definition of \\\"art\\\" because, after all,&nbsp;we\'re talking about definitions.&nbsp;<\\/p>\\r\\n\\r\\n\\r\\n\\r\\n\\r\\n\\r\\n\\r\\n\\r\\n\\r\\n\\r\\n<div class=\\\"blockquote-body-container\\\">\\r\\n<div class=\\\"icon-body-container\\\">\\r\\n<em class=\\\"fa fa-quote-left\\\"><\\/em>\\r\\n<div class=\\\"blockquote-body\\\">\\r\\n<p>the expression or application of human creative skill and imagination, typically in a visual form such as painting or sculpture, producing works to be appreciated primarily for their beauty or emotional power.<\\/p>\\r\\n<em class=\\\"fa fa-quote-right\\\"><\\/em>\\r\\n<\\/div>\\r\\n<\\/div>\\r\\n<\\/div>\\r\\n\\r\\n\\r\\n\\r\\n\\r\\n\\r\\n\\r\\n\\r\\n\\r\\n\\r\\n<p>\\\"Producing works to be appreciated\\\"&nbsp;was the direct opposite of my goal. I&nbsp;wanted to disgust and annoy. So that\'s not it.<\\/p>\\r\\n\\r\\n<p>So when did this become art? Is it when I&nbsp;chose the filters that complemented the image?&nbsp;Is it when I paused to rearrange the tiles? Or is it not even art at all? I\'m honestly not sure.&nbsp;<\\/p>\\r\\n\\r\\n<p>But I may stick it in my porftolio anyway.<\\/p>\",\"15\":\"1\",\"12\":{\"70\":{\"type\":\"image\",\"enabled\":\"1\",\"fields\":{\"image\":[\"68\"],\"focalPoint\":\"\",\"orientation\":\"landscape\",\"fill\":\"cover\"}}},\"14\":\"\",\"11\":\"<p>The question \\\"What is art?\\\" has always been of interest to me. The subjective nature of art often leaves us questioning whether or not something truly is art. Jackson Pollack\'s works are a prime example. Is it truly art if someone is just slinging paint against a canvas?&nbsp;This was the question of the day when Jackson broke into the scene.&nbsp;<\\/p>\\r\\n\\r\\n<p>Nowadays, with computers, a new kind of question is arising:&nbsp;How much human intervention is required to make art?<\\/p>\"}}', '2016-09-22 00:53:28', '2016-09-22 00:53:28', '046b7938-da51-4d3c-bce8-cc146761daa4'),
 ('187', '69', '2', '1', 'en_us', '19', '', '{\"typeId\":\"9\",\"authorId\":\"1\",\"title\":\"I made some art... Or did I?\",\"slug\":\"i-made-some-art-or-did-i\",\"postDate\":1473607560,\"expiryDate\":null,\"enabled\":1,\"parentId\":null,\"fields\":{\"1\":\"<p>The question \\\"What is art?\\\" has always been of interest to me. The subjective nature of art often leaves us questioning whether or not something truly is art. Is it truly art if someone is just slinging paint against a canvas? What if it could have been done by a five-year-old?&nbsp;What if it&nbsp;<em>was<\\/em> done by a five-year-old?&nbsp;Nowadays, with computers, a new kind of question is arising:&nbsp;How much human intervention is required to make art?<\\/p>\\r\\n\\r\\n<p>The above image is a great example of this question. I put it together just to torture my coworkers. (I&nbsp;use it as the lock screen image on my computer.) It probably took me 20 minutes total.&nbsp;Still, one of my coworkers said, \\\"That looks like it could be hanging in a museum.\\\"&nbsp;Another replied, \\\"Not any museum I\'d go to.\\\"<\\/p>\\r\\n\\r\\n\\r\\n\\r\\n\\r\\n\\r\\n\\r\\n\\r\\n\\r\\n\\r\\n\\r\\n\\r\\n<p>The original was a selfie that I took at the dentist\'s office.<\\/p>\\r\\n\\r\\n\\r\\n\\r\\n\\r\\n\\r\\n\\r\\n\\r\\n\\r\\n\\r\\n\\r\\n\\r\\n<p><img class=\\\"image portrait\\\" src=\\\"http:\\/\\/localhost\\/dev\\/www\\/\\/assets\\/images\\/Dental-Terror-Original.jpg#asset:83:url\\\" alt=\\\"\\\" title=\\\"\\\"><\\/p>\\r\\n\\r\\n\\r\\n\\r\\n\\r\\n\\r\\n\\r\\n\\r\\n\\r\\n\\r\\n\\r\\n\\r\\n<p>I doubt anyone would call that art. The only thing about it that might qualify it as art is that it produces an emotional response. The composition is weird. It\'s fairly monochromatic. The lighting is flat. Other than the disgust and terror that I had in mind when I&nbsp;took it, it really doesn\'t offer much.&nbsp;<br><\\/p>\\r\\n\\r\\n\\r\\n\\r\\n\\r\\n\\r\\n\\r\\n\\r\\n\\r\\n\\r\\n\\r\\n\\r\\n<p>But, here\'s where it gets interesting..<\\/p>\\r\\n\\r\\n\\r\\n\\r\\n\\r\\n\\r\\n\\r\\n\\r\\n\\r\\n\\r\\n\\r\\n\\r\\n<p>I ran it through a couple of filters in <a href=\\\"https:\\/\\/play.google.com\\/store\\/apps\\/details?id=com.neuralprisma\\\" target=\\\"_blank\\\">Prisma<\\/a>, an Android app that applies art filters to photos. here are the most and least extreme modifications that I&nbsp;liked:<\\/p>\\r\\n\\r\\n\\r\\n\\r\\n\\r\\n\\r\\n\\r\\n\\r\\n\\r\\n\\r\\n\\r\\n\\r\\n<p><img class=\\\"image portrait\\\" src=\\\"http:\\/\\/localhost\\/dev\\/www\\/\\/assets\\/images\\/Dental-Terror-1.jpg#asset:84:url\\\" alt=\\\"Dental-Terror-1.jpg#asset:84\\\"><br><\\/p>\\r\\n\\r\\n\\r\\n\\r\\n\\r\\n\\r\\n\\r\\n\\r\\n\\r\\n\\r\\n\\r\\n\\r\\n<p><img class=\\\"image portrait\\\" src=\\\"http:\\/\\/localhost\\/dev\\/www\\/\\/assets\\/images\\/Dental-Terror-2.jpg#asset:85:url\\\" alt=\\\"Dental-Terror-2.jpg#asset:85\\\"><br><\\/p>\\r\\n\\r\\n\\r\\n\\r\\n\\r\\n\\r\\n\\r\\n\\r\\n\\r\\n\\r\\n\\r\\n\\r\\n<p>These were both literally&nbsp;one click options in the app. I&nbsp;flipped through all the options in the app and picked out the eight that I&nbsp;liked most. It probably took me five minutes, ten max.&nbsp;The next morning, I&nbsp;opened up <a href=\\\"https:\\/\\/inkscape.org\\/en\\/\\\" target=\\\"_blank\\\">Inkscape<\\/a> (because I\'m a bit more adept with that than I am <a href=\\\"http:\\/\\/www.gimp.org\\/\\\" target=\\\"_blank\\\">Gimp<\\/a>) and stitched them into the collage that you saw at the beginning of this post. It probably took me another 20 minutes to half an hour. The only real thought I put into the process was that when I&nbsp;had laid them all out in tiles, I&nbsp;realized that it was horribly off balance, so I&nbsp;rearranged a bit.&nbsp;<\\/p>\\r\\n\\r\\n\\r\\n\\r\\n\\r\\n\\r\\n<p>That\'s it. That\'s all I did, about an hour\'s worth of work.&nbsp;There was no Herculean effort.<\\/p>\\r\\n\\r\\n\\r\\n\\r\\n\\r\\n\\r\\n\\r\\n\\r\\n\\r\\n\\r\\n\\r\\n\\r\\n<p>In the process of writing this post, I Googled the definition of \\\"art\\\" because, after all,&nbsp;we\'re talking about definitions.&nbsp;<\\/p>\\r\\n\\r\\n\\r\\n\\r\\n\\r\\n\\r\\n\\r\\n\\r\\n\\r\\n\\r\\n\\r\\n\\r\\n<div class=\\\"blockquote-body-container\\\">\\r\\n<div class=\\\"icon-body-container\\\">\\r\\n<em class=\\\"fa fa-quote-left\\\"><\\/em>\\r\\n<div class=\\\"blockquote-body\\\">\\r\\n<p>the expression or application of human creative skill and imagination, typically in a visual form such as painting or sculpture, producing works to be appreciated primarily for their beauty or emotional power.<\\/p>\\r\\n<em class=\\\"fa fa-quote-right\\\"><\\/em>\\r\\n<\\/div>\\r\\n<\\/div>\\r\\n<\\/div>\\r\\n\\r\\n\\r\\n\\r\\n\\r\\n\\r\\n\\r\\n\\r\\n\\r\\n\\r\\n\\r\\n\\r\\n<p>\\\"Producing works to be appreciated\\\"&nbsp;was the direct opposite of my goal. I&nbsp;wanted to disgust and annoy. So that\'s not it.<\\/p>\\r\\n\\r\\n\\r\\n\\r\\n<p>So when did this become art? Is it when I&nbsp;chose the filters that complemented the image?&nbsp;Is it when I paused to rearrange the tiles? Or is it not even art at all? I\'m honestly not sure.&nbsp;<\\/p>\\r\\n\\r\\n\\r\\n\\r\\n<p>But I may stick it in my porftolio anyway.<\\/p>\",\"15\":\"1\",\"12\":{\"70\":{\"type\":\"image\",\"enabled\":\"1\",\"fields\":{\"image\":[\"68\"],\"focalPoint\":\"\",\"orientation\":\"landscape\",\"fill\":\"cover\"}}},\"14\":\"\",\"11\":\"<p>The question \\\"What is art?\\\" has always been of interest to me. The subjective nature of art often leaves us questioning whether or not something truly is art. Jackson Pollack\'s works are a prime example. Is it truly art if someone is just slinging paint against a canvas?&nbsp;This was the question of the day when Jackson broke into the scene.&nbsp;<\\/p>\\r\\n\\r\\n<p>Nowadays, with computers, a new kind of question is arising:&nbsp;How much human intervention is required to make art?<\\/p>\"}}', '2016-09-22 00:54:00', '2016-09-22 00:54:00', '313435a5-290f-4de5-92fa-a57c4674e9e6'),
 ('188', '65', '11', '1', 'en_us', '2', '', '{\"typeId\":\"15\",\"authorId\":\"1\",\"title\":\"Joe blow\",\"slug\":\"joe-blow\",\"postDate\":1473298740,\"expiryDate\":null,\"enabled\":1,\"parentId\":null,\"fields\":{\"1\":\"<p>Jim is the bestest person I\'ve ever worked with. He\'s so freaking awesome.<\\/p>\",\"7\":[\"26\"],\"38\":\"All around swell guy.\"}}', '2016-09-22 01:12:20', '2016-09-22 01:12:20', '507d5d59-0980-4882-bd7f-23ac0c9c7a1c'),
 ('189', '65', '11', '1', 'en_us', '3', '', '{\"typeId\":\"15\",\"authorId\":\"1\",\"title\":\"Joe blow\",\"slug\":\"joe-blow\",\"postDate\":1473298740,\"expiryDate\":null,\"enabled\":1,\"parentId\":null,\"fields\":{\"1\":\"<p>Jim is the bestest person I\'ve ever worked with. He\'s so freaking awesome.<\\/p>\",\"7\":[\"26\"],\"38\":\"\"}}', '2016-09-22 01:14:30', '2016-09-22 01:14:30', '890eefb6-98b1-426a-a40f-38a3f2f12ad2'),
 ('190', '65', '11', '1', 'en_us', '4', '', '{\"typeId\":\"15\",\"authorId\":\"1\",\"title\":\"Joe Blow\",\"slug\":\"joe-blow\",\"postDate\":1473298740,\"expiryDate\":null,\"enabled\":1,\"parentId\":null,\"fields\":{\"1\":\"<p>Jim is the bestest person I\'ve ever worked with. He\'s so freaking awesome.<\\/p>\",\"7\":[\"26\"],\"38\":\"CEO\"}}', '2016-09-22 01:15:07', '2016-09-22 01:15:07', 'b8a9b88a-8d55-4670-971a-ff707e13e81a'),
 ('191', '65', '11', '1', 'en_us', '5', '', '{\"typeId\":\"15\",\"authorId\":\"1\",\"title\":\"Joe Blow\",\"slug\":\"joe-blow\",\"postDate\":1473298740,\"expiryDate\":null,\"enabled\":1,\"parentId\":null,\"fields\":{\"1\":\"<p>Jim is the bestest person I\'ve ever worked with. He\'s so freaking awesome.<\\/p>\",\"39\":\"Swell Guy, Inc.\",\"7\":[\"26\"],\"38\":\"CEO\"}}', '2016-09-22 01:18:21', '2016-09-22 01:18:21', '9b06b5f1-9b53-49c1-b1a5-5962b478fd7c'),
 ('192', '65', '11', '1', 'en_us', '6', '', '{\"typeId\":\"15\",\"authorId\":\"1\",\"title\":\"Joe Blow\",\"slug\":\"joe-blow\",\"postDate\":1473298740,\"expiryDate\":null,\"enabled\":1,\"parentId\":null,\"fields\":{\"1\":\"<p>Jim is the bestest person I\'ve ever worked with. He\'s so freaking awesome.<\\/p>\",\"39\":\"Swell Guy, Inc.\",\"7\":[\"26\"],\"38\":\"\"}}', '2016-09-22 01:19:35', '2016-09-22 01:19:35', '7d6914d3-d189-439f-a49a-b5fae93a642b'),
 ('193', '65', '11', '1', 'en_us', '7', '', '{\"typeId\":\"15\",\"authorId\":\"1\",\"title\":\"Joe Blow\",\"slug\":\"joe-blow\",\"postDate\":1473298740,\"expiryDate\":null,\"enabled\":1,\"parentId\":null,\"fields\":{\"1\":\"<p>Jim is the bestest person I\'ve ever worked with. He\'s so freaking awesome.<\\/p>\",\"39\":\"Swell Guy, Inc.\",\"7\":[\"26\"],\"38\":\"CEO\"}}', '2016-09-22 01:21:54', '2016-09-22 01:21:54', '74ff7646-f2e5-457e-ab53-9453948d86d0'),
 ('194', '64', '2', '1', 'en_us', '8', '', '{\"typeId\":\"8\",\"authorId\":\"1\",\"title\":\"New Site!\",\"slug\":\"new-site\",\"postDate\":1473297780,\"expiryDate\":null,\"enabled\":1,\"parentId\":null,\"fields\":{\"1\":\"<p>If you\'ve been paying attention to my site, you\'ve probably noticed that it looks a little different than it used to. It\'s not just the look of the site though, it\'s a whole new website, inside and out. I\'ve completely rebuilt the site from the ground up in <a href=\\\"https:\\/\\/craftcms.com\\/\\\" target=\\\"_blank\\\">Craft<\\/a>. Craft offers a lot of development opportunities that were prohibitively time consuming in my old CMS, <a href=\\\"https:\\/\\/wordpress.org\\/\\\" target=\\\"_blank\\\">Wordpress<\\/a>. I\'ve already done a few things that I\'d been putting off in Wordpress and plan on doing quite a few more.&nbsp;<\\/p>\\r\\n\\r\\n<p>I&nbsp;first learned about Craft at my job with <a href=\\\"http:\\/\\/localhost\\/dev\\/www\\/web-development\\/say-insurance#entry:30:url\\\">Say Insurance<\\/a>. We&nbsp;were using Craft for the website that we built there. I&nbsp;found it to be a robust and flexible content management system. It does a very good job of separating the content from the functionality of the website. This makes development very easy. Wordpress ties functionality and settings&nbsp;into the content management system (and <a href=\\\"https:\\/\\/www.drupal.org\\/\\\" target=\\\"_blank\\\">Drupal<\\/a> does it even more so). Craft lets you define your content types however you want, with whatever fields you want, and then you decide what to do with them. This separation of content from settings and functionality means that you spend more&nbsp;time building and less time managing CMS&nbsp;settings.<\\/p>\\r\\n\\r\\n\\r\\n\\r\\n\\r\\n\\r\\n\\r\\n\\r\\n\\r\\n\\r\\n\\r\\n\\r\\n<p>One of the things that i\'d been wanting to do for a long time is build an <a href=\\\"http:\\/\\/jimchrsite.me\\/art\\\">art portfolio<\\/a>. Craft makes this super easy. I&nbsp;made a new content type, laid out the template, and that was it. With Wordpress, making a new content type isn\'t completely straight forward. And then, to make a new template with the features I wanted, I would have had to make a completely new&nbsp;plugin. This functionality is just built into Craft.<\\/p><p>Craft also makes <a href=\\\"https:\\/\\/craftcms.com\\/docs\\/multi-environment-configs\\\" target=\\\"_blank\\\">multi-environment<\\/a> development easy as pie. You can simply define a base URL&nbsp;to a variable&nbsp;for each environment. Then you can use that variable in the Craft admin panel so that all the links on the site resolve to the correct environment. If this is possible in Wordpress, I&nbsp;have no idea how it\'s done.<\\/p><p>Another advantage of this multi-environment configuration is that it\'s easy to set up variables to use with <a href=\\\"https:\\/\\/en.wikipedia.org\\/wiki\\/Feature_toggle\\\" target=\\\"_blank\\\">feature flags<\\/a>.&nbsp;<\\/p>\",\"15\":\"1\",\"12\":{\"67\":{\"type\":\"image\",\"enabled\":\"1\",\"fields\":{\"image\":[\"66\"],\"focalPoint\":\"\",\"orientation\":\"landscape\",\"fill\":\"contain\"}}},\"14\":\"\",\"11\":\"<p>If you\'ve been paying attention to my site, you\'ve probably noticed that it looks a little different than it used to. It\'s not just the look of the site though, it\'s a whole new website, inside and out. I\'ve completely rebuilt the site from the ground up in&nbsp;<a href=\\\"https:\\/\\/craftcms.com\\/\\\" target=\\\"_blank\\\">Craft<\\/a>. Craft offers a lot of development opportunities that were prohibitively time consuming in my old CMS,&nbsp;<a href=\\\"https:\\/\\/wordpress.org\\/\\\" target=\\\"_blank\\\">Wordpress<\\/a>. I\'ve already done a few things that I\'d been putting off in Wordpress and plan on doing quite a few more.&nbsp;<\\/p>\"}}', '2016-09-25 23:50:15', '2016-09-25 23:50:15', '468ca260-df98-475c-b6d1-71f5fb8cd337'),
 ('195', '64', '2', '1', 'en_us', '9', '', '{\"typeId\":\"8\",\"authorId\":\"1\",\"title\":\"New Site!\",\"slug\":\"new-site\",\"postDate\":1473297780,\"expiryDate\":null,\"enabled\":1,\"parentId\":null,\"fields\":{\"1\":\"<p>If you\'ve been paying attention to my site, you\'ve probably noticed that it looks a little different than it used to. It\'s not just the look of the site though, it\'s a whole new website, inside and out. I\'ve completely rebuilt the site from the ground up in <a href=\\\"https:\\/\\/craftcms.com\\/\\\" target=\\\"_blank\\\">Craft<\\/a>. Craft offers a lot of development opportunities that were prohibitively time consuming in my old CMS, <a href=\\\"https:\\/\\/wordpress.org\\/\\\" target=\\\"_blank\\\">Wordpress<\\/a>. I\'ve already done a few things that I\'d been putting off in Wordpress and plan on doing quite a few more.&nbsp;<\\/p>\\r\\n\\r\\n<p>I&nbsp;first learned about Craft at my job with <a href=\\\"http:\\/\\/localhost\\/dev\\/www\\/web-development\\/say-insurance#entry:30:url\\\">Say Insurance<\\/a>. We&nbsp;were using Craft for the website that we built there. I&nbsp;found it to be a robust and flexible content management system. It does a very good job of separating the content from the functionality of the website. This makes development very easy. Wordpress ties functionality and settings&nbsp;into the content management system (and <a href=\\\"https:\\/\\/www.drupal.org\\/\\\" target=\\\"_blank\\\">Drupal<\\/a> does it even more so). Craft lets you define your content types however you want, with whatever fields you want, and then you decide what to do with them. This separation of content from settings and functionality means that you spend more&nbsp;time building and less time managing CMS&nbsp;settings.<\\/p>\\r\\n\\r\\n\\r\\n\\r\\n\\r\\n\\r\\n\\r\\n\\r\\n\\r\\n\\r\\n\\r\\n\\r\\n\\r\\n\\r\\n<p>One of the things that i\'d been wanting to do for a long time is build an <a href=\\\"http:\\/\\/jimchrsite.me\\/art\\\">art portfolio<\\/a>. Craft makes this super easy. I&nbsp;made a new content type, laid out the template, and that was it. With Wordpress, making a new content type isn\'t completely straight forward. And then, to make a new template with the features I wanted, I would have had to make a completely new&nbsp;plugin. This functionality is just built into Craft.<\\/p>\\r\\n\\r\\n<p>Craft also makes <a href=\\\"https:\\/\\/craftcms.com\\/docs\\/multi-environment-configs\\\" target=\\\"_blank\\\">multi-environment<\\/a> development easy as pie. You can simply define a base URL&nbsp;to a variable&nbsp;for each environment. Then you can use that variable in the Craft admin panel so that all the links on the site resolve to the correct environment. If this is possible in Wordpress, I&nbsp;have no idea how it\'s done.<\\/p>\\r\\n\\r\\n<p>Another advantage of this multi-environment configuration is that it\'s easy to set up variables to use with <a href=\\\"https:\\/\\/en.wikipedia.org\\/wiki\\/Feature_toggle\\\" target=\\\"_blank\\\">feature flags<\\/a>. I can define global variables that Craft sets based on the URL. This gives me the ability to easily hide and show features based on whether I\'m viewing my site on my local machine while I work, or if an end user such as yourself is looking at the site. I&nbsp;can set the feature as visible for me&nbsp;while it\'s in progress and not working correctly, but still hide it from the rest of the world. When it\'s ready for prime time, I&nbsp;simply remove the flag.&nbsp;<\\/p><p><br><\\/p>\",\"15\":\"1\",\"12\":{\"67\":{\"type\":\"image\",\"enabled\":\"1\",\"fields\":{\"image\":[\"66\"],\"focalPoint\":\"\",\"orientation\":\"landscape\",\"fill\":\"contain\"}}},\"14\":\"\",\"11\":\"<p>If you\'ve been paying attention to my site, you\'ve probably noticed that it looks a little different than it used to. It\'s not just the look of the site though, it\'s a whole new website, inside and out. I\'ve completely rebuilt the site from the ground up in&nbsp;<a href=\\\"https:\\/\\/craftcms.com\\/\\\" target=\\\"_blank\\\">Craft<\\/a>. Craft offers a lot of development opportunities that were prohibitively time consuming in my old CMS,&nbsp;<a href=\\\"https:\\/\\/wordpress.org\\/\\\" target=\\\"_blank\\\">Wordpress<\\/a>. I\'ve already done a few things that I\'d been putting off in Wordpress and plan on doing quite a few more.&nbsp;<\\/p>\"}}', '2016-09-27 00:12:08', '2016-09-27 00:12:08', '71406cf2-8ac3-4354-8adf-1ed84b72e248'),
 ('196', '64', '2', '1', 'en_us', '10', '', '{\"typeId\":\"8\",\"authorId\":\"1\",\"title\":\"New Site!\",\"slug\":\"new-site\",\"postDate\":1473297780,\"expiryDate\":null,\"enabled\":1,\"parentId\":null,\"fields\":{\"1\":\"<p>If you\'ve been paying attention to my site, you\'ve probably noticed that it looks a little different than it used to. It\'s not just the look of the site though, it\'s a whole new website, inside and out. I\'ve completely rebuilt the site from the ground up in <a href=\\\"https:\\/\\/craftcms.com\\/\\\" target=\\\"_blank\\\">Craft<\\/a>. Craft offers a lot of development opportunities that were prohibitively time consuming in my old CMS, <a href=\\\"https:\\/\\/wordpress.org\\/\\\" target=\\\"_blank\\\">Wordpress<\\/a>. I\'ve already done a few things that I\'d been putting off in Wordpress and plan on doing quite a few more.&nbsp;<\\/p>\\r\\n\\r\\n<p>I&nbsp;first learned about Craft at my job with <a href=\\\"http:\\/\\/localhost\\/dev\\/www\\/web-development\\/say-insurance#entry:30:url\\\">Say Insurance<\\/a>. We&nbsp;were using Craft for the website that we built there. I&nbsp;found it to be a robust and flexible content management system. It does a very good job of separating the content from the functionality of the website. This makes development very easy. Wordpress ties functionality and settings&nbsp;into the content management system (and <a href=\\\"https:\\/\\/www.drupal.org\\/\\\" target=\\\"_blank\\\">Drupal<\\/a> does it even more so). Craft lets you define your content types however you want, with whatever fields you want, and then you decide what to do with them. This separation of content from settings and functionality means that you spend more&nbsp;time building and less time managing CMS&nbsp;settings.<\\/p>\\r\\n\\r\\n\\r\\n\\r\\n\\r\\n\\r\\n\\r\\n\\r\\n\\r\\n\\r\\n\\r\\n\\r\\n\\r\\n\\r\\n\\r\\n\\r\\n<p>One of the things that i\'d been wanting to do for a long time is build an <a href=\\\"http:\\/\\/jimchrsite.me\\/art\\\">art portfolio<\\/a>. Craft makes this super easy. I&nbsp;made a new content type, laid out the template, and that was it. With Wordpress, making a new content type isn\'t completely straight forward. And then, to make a new template with the features I wanted, I would have had to make a completely new&nbsp;plugin. This functionality is just built into Craft.<\\/p>\\r\\n\\r\\n\\r\\n\\r\\n<p>Craft also makes <a href=\\\"https:\\/\\/craftcms.com\\/docs\\/multi-environment-configs\\\" target=\\\"_blank\\\">multi-environment<\\/a> development easy as pie. You can simply define a base URL&nbsp;to a variable&nbsp;for each environment. Then you can use that variable in the Craft admin panel so that all the links on the site resolve to the correct environment. If this is possible in Wordpress, I&nbsp;have no idea how it\'s done.<\\/p>\\r\\n\\r\\n\\r\\n\\r\\n<p>Another advantage of this multi-environment configuration is that it\'s easy to set up variables to use with <a href=\\\"https:\\/\\/en.wikipedia.org\\/wiki\\/Feature_toggle\\\" target=\\\"_blank\\\">feature flags<\\/a>. I can define global variables that Craft sets based on the URL. This gives me the ability to easily hide and show features based on whether I\'m viewing my site on my local machine while I work, or if an end user such as yourself is looking at the site. I&nbsp;can set the feature as visible for me&nbsp;while it\'s in progress and not working correctly, but still hide it from the rest of the world. When it\'s ready for prime time, I&nbsp;simply remove the flag.&nbsp;<\\/p>\\r\\n\\r\\n<p>The makers of Craft claim that it\'s \\\"a great alternative to Wordpress if you\'re building a website.\\\"&nbsp;I&nbsp;find that to be true. Wordpress has grown out of a blogging platform, and that\'s evident in the difficulty of trying to build something beyond a blog with a few flat pages. Craft is a content management system first. By nature, this means that you can use it to build a blog site, but it also means that you can do so much more with it, with so much less work. I\'m very excited to be switching my site over to Craft. I\'m releasing it with a bare minimum of features, but you can be assured that the site will continue to evolve, making use of the flexibility of Craft.<\\/p>\",\"15\":\"1\",\"12\":{\"67\":{\"type\":\"image\",\"enabled\":\"1\",\"fields\":{\"image\":[\"66\"],\"focalPoint\":\"\",\"orientation\":\"landscape\",\"fill\":\"contain\"}}},\"14\":\"\",\"11\":\"<p>If you\'ve been paying attention to my site, you\'ve probably noticed that it looks a little different than it used to. It\'s not just the look of the site though, it\'s a whole new website, inside and out. I\'ve completely rebuilt the site from the ground up in&nbsp;<a href=\\\"https:\\/\\/craftcms.com\\/\\\" target=\\\"_blank\\\">Craft<\\/a>. Craft offers a lot of development opportunities that were prohibitively time consuming in my old CMS,&nbsp;<a href=\\\"https:\\/\\/wordpress.org\\/\\\" target=\\\"_blank\\\">Wordpress<\\/a>. I\'ve already done a few things that I\'d been putting off in Wordpress and plan on doing quite a few more.&nbsp;<\\/p>\"}}', '2016-09-27 01:01:12', '2016-09-27 01:01:12', '118da91e-9f6f-49c2-8857-08039e4ea8b5'),
 ('197', '86', '10', '1', 'en_us', '1', '', '{\"typeId\":\"16\",\"authorId\":\"1\",\"title\":\"phpMyAdmin\",\"slug\":\"phpmyadmin\",\"postDate\":1475513694,\"expiryDate\":null,\"enabled\":1,\"parentId\":null,\"fields\":{\"19\":{\"date\":\"\"},\"31\":\"5\"}}', '2016-10-03 16:54:54', '2016-10-03 16:54:54', '5161c15e-a5db-407a-b530-f76254cc849a'),
 ('198', '86', '10', '1', 'en_us', '2', '', '{\"typeId\":\"17\",\"authorId\":\"1\",\"title\":\"phpMyAdmin\",\"slug\":\"phpmyadmin\",\"postDate\":1475513640,\"expiryDate\":null,\"enabled\":1,\"parentId\":null,\"fields\":{\"19\":{\"date\":\"\"},\"31\":\"5\"}}', '2016-10-03 16:55:33', '2016-10-03 16:55:33', 'd9e262a0-8968-4f29-b96a-b2b7c51903c6'),
 ('199', '76', '10', '1', 'en_us', '2', '', '{\"typeId\":\"16\",\"authorId\":\"1\",\"title\":\"SQL\",\"slug\":\"mysql\",\"postDate\":1473803280,\"expiryDate\":null,\"enabled\":1,\"parentId\":null,\"fields\":{\"19\":{\"date\":\"1\\/1\\/2014\"},\"31\":\"3\"}}', '2016-10-03 16:58:25', '2016-10-03 16:58:25', '912c5209-d22a-4399-b56c-d5341f34fd2d'),
 ('200', '87', '10', '1', 'en_us', '1', '', '{\"typeId\":\"16\",\"authorId\":\"1\",\"title\":\"Sass\",\"slug\":\"sass\",\"postDate\":1475513989,\"expiryDate\":null,\"enabled\":1,\"parentId\":null,\"fields\":{\"19\":{\"date\":\"\"},\"31\":\"4\"}}', '2016-10-03 16:59:49', '2016-10-03 16:59:49', '7caa3046-4554-47d8-9513-3bf13190a0fc'),
 ('201', '89', '4', '1', 'en_us', '1', '', '{\"typeId\":null,\"authorId\":\"1\",\"title\":\"Dakota Solomon\",\"slug\":\"dakota-solomon\",\"postDate\":1475515540,\"expiryDate\":null,\"enabled\":1,\"parentId\":null,\"fields\":{\"1\":\"\",\"20\":{\"date\":\"7\\/1\\/3014\"},\"15\":\"1\",\"12\":{\"new1\":{\"type\":\"image\",\"enabled\":\"1\",\"fields\":{\"image\":[\"88\"],\"focalPoint\":\"center top\",\"orientation\":\"landscape\",\"fill\":\"cover\"}}},\"11\":\"<p>Dakota was a high school student on the varsity baseball team. His mother hired me to create a website where he could showcase his history, statistics, and&nbsp;achievements to college recruiters.&nbsp;<\\/p>\",\"21\":\"\",\"37\":[\"86\",\"78\",\"75\",\"58\",\"59\",\"57\"],\"19\":{\"date\":\"6\\/1\\/2014\"},\"32\":\"\",\"17\":\"dakotasolomon.com\",\"18\":\"http:\\/\\/\"}}', '2016-10-03 17:25:40', '2016-10-03 17:25:40', '1e1de84e-00b5-4ef3-a5e4-f24a2ce28763'),
 ('202', '89', '4', '1', 'en_us', '2', '', '{\"typeId\":\"4\",\"authorId\":\"1\",\"title\":\"Dakota Solomon\",\"slug\":\"dakota-solomon\",\"postDate\":1475515500,\"expiryDate\":null,\"enabled\":1,\"parentId\":null,\"fields\":{\"1\":\"\",\"20\":{\"date\":\"7\\/1\\/3014\"},\"15\":\"1\",\"12\":{\"90\":{\"type\":\"image\",\"enabled\":\"1\",\"fields\":{\"image\":[\"88\"],\"focalPoint\":\"center top\",\"orientation\":\"landscape\",\"fill\":\"cover\",\"border\":\"1\"}}},\"11\":\"<p>Dakota was a high school student on the varsity baseball team. His mother hired me to create a website where he could showcase his history, statistics, and&nbsp;achievements to college recruiters.&nbsp;<\\/p>\",\"21\":\"\",\"37\":[\"86\",\"78\",\"75\",\"58\",\"59\",\"57\"],\"19\":{\"date\":\"6\\/1\\/2014\"},\"32\":\"\",\"17\":\"dakotasolomon.com\",\"18\":\"http:\\/\\/\"}}', '2016-10-03 17:37:03', '2016-10-03 17:37:03', '76cef3a3-a49a-46c5-9212-6e420fb4c157'),
 ('203', '89', '4', '1', 'en_us', '3', '', '{\"typeId\":\"4\",\"authorId\":\"1\",\"title\":\"Dakota Solomon\",\"slug\":\"dakota-solomon\",\"postDate\":1475515500,\"expiryDate\":null,\"enabled\":1,\"parentId\":null,\"fields\":{\"1\":\"\",\"20\":{\"date\":\"7\\/1\\/3014\"},\"15\":\"1\",\"12\":{\"90\":{\"type\":\"image\",\"enabled\":\"1\",\"fields\":{\"image\":[\"88\"],\"focalPoint\":\"center top\",\"orientation\":\"landscape\",\"fill\":\"cover\",\"border\":\"1\"}},\"new1\":{\"type\":\"image\",\"enabled\":\"1\",\"fields\":{\"image\":\"\",\"focalPoint\":\"\",\"orientation\":\"landscape\",\"fill\":\"initial\",\"border\":\"\"}}},\"11\":\"<p>Dakota was a high school student on the varsity baseball team. His mother hired me to create a website where he could showcase his history, statistics, and&nbsp;achievements to college recruiters.&nbsp;<\\/p>\",\"21\":\"\",\"37\":[\"86\",\"78\",\"75\",\"58\",\"59\",\"57\"],\"19\":{\"date\":\"6\\/1\\/2014\"},\"32\":\"\",\"17\":\"dakotasolomon.com\",\"18\":\"http:\\/\\/\"}}', '2016-10-03 17:47:17', '2016-10-03 17:47:17', '015fe7da-6b04-47fa-a7f6-3487218d66cf'),
 ('204', '89', '4', '1', 'en_us', '4', '', '{\"typeId\":\"4\",\"authorId\":\"1\",\"title\":\"Dakota Solomon\",\"slug\":\"dakota-solomon\",\"postDate\":1475515500,\"expiryDate\":null,\"enabled\":1,\"parentId\":null,\"fields\":{\"1\":\"\",\"20\":{\"date\":\"7\\/1\\/3014\"},\"15\":\"1\",\"12\":{\"90\":{\"type\":\"image\",\"enabled\":\"1\",\"fields\":{\"image\":[\"88\"],\"focalPoint\":\"center top\",\"orientation\":\"landscape\",\"fill\":\"cover\",\"border\":\"1\"}}},\"11\":\"<p>Dakota was a high school student on the varsity baseball team. His mother hired me to create a website where he could showcase his history, statistics, and&nbsp;achievements to college recruiters.&nbsp;<\\/p>\",\"21\":\"\",\"37\":[\"86\",\"78\",\"75\",\"58\",\"59\",\"57\"],\"19\":{\"date\":\"6\\/1\\/2014\"},\"32\":\"\",\"17\":\"dakotasolomon.com\",\"18\":\"http:\\/\\/\"}}', '2016-10-03 17:54:49', '2016-10-03 17:54:49', 'ad17ccaf-54b3-44fb-90a9-dae93bf2b7f1'),
 ('205', '89', '4', '1', 'en_us', '5', '', '{\"typeId\":\"4\",\"authorId\":\"1\",\"title\":\"Dakota Solomon\",\"slug\":\"dakota-solomon\",\"postDate\":1475515500,\"expiryDate\":null,\"enabled\":1,\"parentId\":null,\"fields\":{\"1\":\"\",\"20\":{\"date\":\"7\\/1\\/3014\"},\"15\":\"1\",\"12\":{\"90\":{\"type\":\"image\",\"enabled\":\"1\",\"fields\":{\"image\":[\"88\"],\"focalPoint\":\"center top\",\"orientation\":\"landscape\",\"fill\":\"cover\",\"border\":\"1\"}}},\"11\":\"<p>Dakota was a high school student on the varsity baseball team. His mother hired me to create a website where he could showcase his history, statistics, and&nbsp;achievements to college recruiters.&nbsp;<\\/p>\",\"21\":\"\",\"37\":[\"86\",\"78\",\"75\",\"58\",\"59\",\"57\"],\"19\":{\"date\":\"6\\/1\\/2014\"},\"32\":\"\",\"17\":\"dakotasolomon.com\",\"18\":\"http:\\/\\/\"}}', '2016-10-03 18:29:56', '2016-10-03 18:29:56', '29a6a07c-4f07-42c8-a653-fadb52850e6f'),
 ('206', '30', '4', '1', 'en_us', '27', '', '{\"typeId\":\"4\",\"authorId\":\"1\",\"title\":\"Say Insurance\",\"slug\":\"say-insurance\",\"postDate\":1433118900,\"expiryDate\":null,\"enabled\":1,\"parentId\":null,\"fields\":{\"1\":\"<p>This project was an initiative to launch a new, web-based subsidiary of a larger insurance company.<\\/p>\\r\\n\\r\\n<p>The company used this initiative to experiment with new technologies and&nbsp;workflow methodologies. Among these new technologies and methodologies are:<\\/p>\\r\\n\\r\\n\\r\\n\\r\\n\\r\\n\\r\\n\\r\\n\\r\\n\\r\\n\\r\\n\\r\\n\\r\\n\\r\\n\\r\\n\\r\\n\\r\\n\\r\\n\\r\\n\\r\\n\\r\\n\\r\\n\\r\\n\\r\\n\\r\\n\\r\\n\\r\\n\\r\\n\\r\\n\\r\\n\\r\\n\\r\\n\\r\\n\\r\\n\\r\\n\\r\\n\\r\\n\\r\\n\\r\\n\\r\\n\\r\\n<p>New to me:<\\/p>\\r\\n\\r\\n\\r\\n\\r\\n\\r\\n\\r\\n\\r\\n\\r\\n\\r\\n\\r\\n\\r\\n\\r\\n\\r\\n\\r\\n\\r\\n\\r\\n\\r\\n\\r\\n\\r\\n\\r\\n\\r\\n\\r\\n\\r\\n\\r\\n\\r\\n\\r\\n\\r\\n\\r\\n\\r\\n\\r\\n\\r\\n\\r\\n\\r\\n\\r\\n\\r\\n\\r\\n\\r\\n\\r\\n\\r\\n\\r\\n<ul><li>PHPUnit<\\/li><li>Jasmine unit testing framework<\\/li><\\/ul>\\r\\n\\r\\n<p>New to the company:<\\/p>\\r\\n\\r\\n\\r\\n\\r\\n\\r\\n\\r\\n\\r\\n\\r\\n\\r\\n\\r\\n\\r\\n\\r\\n\\r\\n\\r\\n\\r\\n\\r\\n\\r\\n\\r\\n\\r\\n\\r\\n\\r\\n\\r\\n\\r\\n\\r\\n\\r\\n\\r\\n\\r\\n\\r\\n\\r\\n\\r\\n\\r\\n\\r\\n\\r\\n\\r\\n\\r\\n\\r\\n\\r\\n\\r\\n\\r\\n\\r\\n<ul><li>Linux<\\/li><li>MySQL<\\/li><li>PHP<\\/li><\\/ul>\\r\\n\\r\\n<p>New to everyone involved:<\\/p>\\r\\n\\r\\n\\r\\n\\r\\n\\r\\n\\r\\n\\r\\n\\r\\n\\r\\n\\r\\n\\r\\n\\r\\n\\r\\n\\r\\n\\r\\n\\r\\n\\r\\n\\r\\n\\r\\n\\r\\n\\r\\n\\r\\n\\r\\n\\r\\n\\r\\n\\r\\n\\r\\n\\r\\n\\r\\n\\r\\n\\r\\n\\r\\n\\r\\n\\r\\n\\r\\n\\r\\n\\r\\n\\r\\n\\r\\n\\r\\n<ul><li>Agile, specifically&nbsp;Scrum<\\/li><li>Craft CMS<\\/li><li>Amazon Web Services<\\/li><li>Angular<\\/li><\\/ul>\\r\\n\\r\\n<p>As a result of these experiments, I&nbsp;have grown as a developer and a coworker in leaps and bounds. Most notably, I&nbsp;discovered agile methodologies. Upon discovering Scrum, I quickly began to read everything I could find on agile and Scrum. I went to <a href=\\\"https:\\/\\/adcwest.techwell.com\\/\\\" target=\\\"_blank\\\">Agile Dev West<\\/a> and&nbsp;<a href=\\\"http:\\/\\/agilegravyinc.com\\/\\\" target=\\\"_blank\\\">Agile Gravy<\\/a>,&nbsp;became&nbsp;a <a href=\\\"https:\\/\\/www.scrumalliance.org\\/certifications\\/practitioners\\/cspo-certification\\\" target=\\\"_blank\\\">Certified Scrum Product Owner<\\/a> and <a href=\\\"https:\\/\\/www.scrumalliance.org\\/certifications\\/practitioners\\/certified-scrummaster-csm\\\" target=\\\"_blank\\\">Certified ScrumMaster<sup>\\u00ae<\\/sup><\\/a> through&nbsp;<a href=\\\"https:\\/\\/www.scrumalliance.org\\/\\\" target=\\\"_blank\\\">Scrum Alliance<\\/a>, and joined a local agile users\' group.I&nbsp;quickly began to advise my team on how to better apply these methodologies, and to the organization at large through feedback to the agile coaches guiding the organizational agile transformation.<\\/p>\\r\\n\\r\\n\\r\\n\\r\\n\\r\\n\\r\\n\\r\\n\\r\\n\\r\\n\\r\\n\\r\\n\\r\\n\\r\\n\\r\\n\\r\\n\\r\\n\\r\\n\\r\\n\\r\\n\\r\\n\\r\\n\\r\\n\\r\\n\\r\\n\\r\\n\\r\\n\\r\\n\\r\\n\\r\\n\\r\\n\\r\\n\\r\\n<p>From a technical perspective, I&nbsp;grew in several ways.&nbsp;Though the site utilized the <a href=\\\"https:\\/\\/craftcms.com\\/\\\">Craft&nbsp;CMS<\\/a>&nbsp;to a degree, much of the initial&nbsp;development we were doing did not utilize the CMS. The lion\'s share of the initial work involved building&nbsp;a custom plugin for generating insurance quotes via calls to APIs built by other teams within the organization. This work afforded me the opportunity to use PHP&nbsp;in ways that I&nbsp;had not known it was capable, specifically using it as a middle layer between an Angular front end and the APIs.<\\/p>\\r\\n\\r\\n\\r\\n\\r\\n\\r\\n\\r\\n\\r\\n\\r\\n\\r\\n\\r\\n\\r\\n\\r\\n\\r\\n\\r\\n\\r\\n\\r\\n\\r\\n\\r\\n\\r\\n\\r\\n\\r\\n\\r\\n\\r\\n\\r\\n\\r\\n\\r\\n\\r\\n\\r\\n\\r\\n\\r\\n\\r\\n\\r\\n<p>As this initial setup tapered off, we began to tie the content of our site into Craft. As we did so,&nbsp;I&nbsp;developed a great appreciation for&nbsp;Craft. We utilized every feature of Craft&nbsp;<br><\\/p>\",\"20\":{\"date\":\"\"},\"15\":\"1\",\"12\":{\"71\":{\"type\":\"image\",\"enabled\":\"1\",\"fields\":{\"image\":[\"39\"],\"focalPoint\":\"\",\"orientation\":\"landscape\",\"fill\":\"initial\",\"border\":\"\"}}},\"11\":\"<p>This project was an initiative to launch a new, web-based subsidiary of a larger insurance company.&nbsp;<\\/p>\",\"21\":\"<p>This project was an initiative to launch a new, web-based subsidiary of a larger insurance company.<\\/p>\",\"37\":[\"56\",\"59\",\"58\",\"57\",\"60\",\"73\",\"74\",\"81\",\"82\"],\"19\":{\"date\":\"6\\/15\\/2015\"},\"32\":[\"65\"],\"17\":\"www.sayinsurance.com\",\"18\":\"https:\\/\\/\"}}', '2016-10-03 18:30:08', '2016-10-03 18:30:08', '023b50eb-ad7e-4452-9218-a279da7c111b'),
 ('207', '69', '2', '1', 'en_us', '20', '', '{\"typeId\":\"9\",\"authorId\":\"1\",\"title\":\"I made some art... Or did I?\",\"slug\":\"i-made-some-art-or-did-i\",\"postDate\":1473607560,\"expiryDate\":null,\"enabled\":1,\"parentId\":null,\"fields\":{\"1\":\"<p>The question \\\"What is art?\\\" has always been of interest to me. The subjective nature of art often leaves us questioning whether or not something truly is art. Is it truly art if someone is just slinging paint against a canvas? What if it could have been done by a five-year-old?&nbsp;What if it&nbsp;<em>was<\\/em> done by a five-year-old?&nbsp;Nowadays, with computers, a new kind of question is arising:&nbsp;How much human intervention is required to make art?<\\/p>\\r\\n\\r\\n<p>The above image is a great example of this question. I put it together just to torture my coworkers. (I&nbsp;use it as the lock screen image on my computer.) It probably took me 20 minutes total.&nbsp;Still, one of my coworkers said, \\\"That looks like it could be hanging in a museum.\\\"&nbsp;Another replied, \\\"Not any museum I\'d go to.\\\"<\\/p>\\r\\n\\r\\n\\r\\n\\r\\n\\r\\n\\r\\n\\r\\n\\r\\n\\r\\n\\r\\n\\r\\n\\r\\n\\r\\n\\r\\n<p>The original was a selfie that I took at the dentist\'s office.<\\/p>\\r\\n\\r\\n\\r\\n\\r\\n\\r\\n\\r\\n\\r\\n\\r\\n\\r\\n\\r\\n\\r\\n\\r\\n\\r\\n\\r\\n<p><img class=\\\"image portrait\\\" src=\\\"http:\\/\\/localhost\\/dev\\/www\\/\\/assets\\/images\\/Dental-Terror-Original.jpg#asset:83:url\\\" alt=\\\"\\\" title=\\\"\\\"><\\/p>\\r\\n\\r\\n\\r\\n\\r\\n\\r\\n\\r\\n\\r\\n\\r\\n\\r\\n\\r\\n\\r\\n\\r\\n\\r\\n\\r\\n<p>I doubt anyone would call that art. The only thing about it that might qualify it as art is that it produces an emotional response. The composition is weird. It\'s fairly monochromatic. The lighting is flat. Other than the disgust and terror that I had in mind when I&nbsp;took it, it really doesn\'t offer much.&nbsp;<br><\\/p>\\r\\n\\r\\n\\r\\n\\r\\n\\r\\n\\r\\n\\r\\n\\r\\n\\r\\n\\r\\n\\r\\n\\r\\n\\r\\n\\r\\n<p>But, here\'s where it gets interesting..<\\/p>\\r\\n\\r\\n\\r\\n\\r\\n\\r\\n\\r\\n\\r\\n\\r\\n\\r\\n\\r\\n\\r\\n\\r\\n\\r\\n\\r\\n<p>I ran it through a couple of filters in <a href=\\\"https:\\/\\/play.google.com\\/store\\/apps\\/details?id=com.neuralprisma\\\" target=\\\"_blank\\\">Prisma<\\/a>, an Android app that applies art filters to photos. here are the most and least extreme modifications that I&nbsp;liked:<\\/p>\\r\\n\\r\\n\\r\\n\\r\\n\\r\\n\\r\\n\\r\\n\\r\\n\\r\\n\\r\\n\\r\\n\\r\\n\\r\\n\\r\\n<p><img class=\\\"image portrait\\\" src=\\\"http:\\/\\/localhost\\/dev\\/www\\/\\/assets\\/images\\/Dental-Terror-1.jpg#asset:84:url\\\" alt=\\\"Dental-Terror-1.jpg#asset:84\\\"><br><\\/p>\\r\\n\\r\\n\\r\\n\\r\\n\\r\\n\\r\\n\\r\\n\\r\\n\\r\\n\\r\\n\\r\\n\\r\\n\\r\\n\\r\\n<p><img class=\\\"image portrait\\\" src=\\\"http:\\/\\/localhost\\/dev\\/www\\/\\/assets\\/images\\/Dental-Terror-2.jpg#asset:85:url\\\" alt=\\\"Dental-Terror-2.jpg#asset:85\\\"><br><\\/p>\\r\\n\\r\\n\\r\\n\\r\\n\\r\\n\\r\\n\\r\\n\\r\\n\\r\\n\\r\\n\\r\\n\\r\\n\\r\\n\\r\\n<p>These were both literally&nbsp;one click options in the app. I&nbsp;flipped through all the options in the app and picked out the eight that I&nbsp;liked most. It probably took me five minutes, ten max.&nbsp;The next morning, I&nbsp;opened up <a href=\\\"https:\\/\\/inkscape.org\\/en\\/\\\" target=\\\"_blank\\\">Inkscape<\\/a> (because I\'m a bit more adept with that than I am <a href=\\\"http:\\/\\/www.gimp.org\\/\\\" target=\\\"_blank\\\">Gimp<\\/a>) and stitched them into the collage that you saw at the beginning of this post. It probably took me another 20 minutes to half an hour. The only real thought I put into the process was that when I&nbsp;had laid them all out in tiles, I&nbsp;realized that it was horribly off balance, so I&nbsp;rearranged a bit.&nbsp;<\\/p>\\r\\n\\r\\n\\r\\n\\r\\n\\r\\n\\r\\n\\r\\n\\r\\n<p>That\'s it. That\'s all I did, about an hour\'s worth of work.&nbsp;There was no Herculean effort.<\\/p>\\r\\n\\r\\n\\r\\n\\r\\n\\r\\n\\r\\n\\r\\n\\r\\n\\r\\n\\r\\n\\r\\n\\r\\n\\r\\n\\r\\n<p>In the process of writing this post, I Googled the definition of \\\"art\\\" because, after all,&nbsp;we\'re talking about definitions.&nbsp;<\\/p>\\r\\n\\r\\n\\r\\n\\r\\n\\r\\n\\r\\n\\r\\n\\r\\n\\r\\n\\r\\n\\r\\n\\r\\n\\r\\n\\r\\n<div class=\\\"blockquote-body-container\\\">\\r\\n<div class=\\\"icon-body-container\\\">\\r\\n<em class=\\\"fa fa-quote-left\\\"><\\/em>\\r\\n<div class=\\\"blockquote-body\\\">\\r\\n<p>the expression or application of human creative skill and imagination, typically in a visual form such as painting or sculpture, producing works to be appreciated primarily for their beauty or emotional power.<\\/p>\\r\\n<em class=\\\"fa fa-quote-right\\\"><\\/em>\\r\\n<\\/div>\\r\\n<\\/div>\\r\\n<\\/div>\\r\\n\\r\\n\\r\\n\\r\\n\\r\\n\\r\\n\\r\\n\\r\\n\\r\\n\\r\\n\\r\\n\\r\\n\\r\\n\\r\\n<p>\\\"Producing works to be appreciated\\\"&nbsp;was the direct opposite of my goal. I&nbsp;wanted to disgust and annoy. So that\'s not it.<\\/p>\\r\\n\\r\\n\\r\\n\\r\\n\\r\\n\\r\\n<p>So when did this become art? Is it when I&nbsp;chose the filters that complemented the image?&nbsp;Is it when I paused to rearrange the tiles? Or is it not even art at all? I\'m honestly not sure.&nbsp;<\\/p>\\r\\n\\r\\n\\r\\n\\r\\n\\r\\n\\r\\n<p>But I may stick it in my porftolio anyway.<\\/p>\",\"15\":\"1\",\"12\":{\"70\":{\"type\":\"image\",\"enabled\":\"1\",\"fields\":{\"image\":[\"68\"],\"focalPoint\":\"\",\"orientation\":\"landscape\",\"fill\":\"cover\",\"border\":\"1\"}}},\"14\":\"\",\"11\":\"<p>The question \\\"What is art?\\\" has always been of interest to me. The subjective nature of art often leaves us questioning whether or not something truly is art. Jackson Pollack\'s works are a prime example. Is it truly art if someone is just slinging paint against a canvas?&nbsp;This was the question of the day when Jackson broke into the scene.&nbsp;<\\/p>\\r\\n\\r\\n<p>Nowadays, with computers, a new kind of question is arising:&nbsp;How much human intervention is required to make art?<\\/p>\"}}', '2016-10-03 18:52:57', '2016-10-03 18:52:57', '05ff2b01-7b7a-4a44-a9ec-05d96eeb8ca3'),
 ('208', '69', '2', '1', 'en_us', '21', '', '{\"typeId\":\"9\",\"authorId\":\"1\",\"title\":\"I made some art... Or did I?\",\"slug\":\"i-made-some-art-or-did-i\",\"postDate\":1473607560,\"expiryDate\":null,\"enabled\":1,\"parentId\":null,\"fields\":{\"1\":\"<p>The question \\\"What is art?\\\" has always been of interest to me. The subjective nature of art often leaves us questioning whether or not something truly is art. Is it truly art if someone is just slinging paint against a canvas? What if it could have been done by a five-year-old?&nbsp;What if it&nbsp;<em>was<\\/em> done by a five-year-old?&nbsp;Nowadays, with computers, a new kind of question is arising:&nbsp;How much human intervention is required to make art?<\\/p>\\r\\n\\r\\n<p>The above image is a great example of this question. I put it together just to torture my coworkers. (I&nbsp;use it as the lock screen image on my computer.) It probably took me 20 minutes total.&nbsp;Still, one of my coworkers said, \\\"That looks like it could be hanging in a museum.\\\"&nbsp;Another replied, \\\"Not any museum I\'d go to.\\\"<\\/p>\\r\\n\\r\\n\\r\\n\\r\\n\\r\\n\\r\\n\\r\\n\\r\\n\\r\\n\\r\\n\\r\\n\\r\\n\\r\\n\\r\\n\\r\\n\\r\\n<p>The original was a selfie that I took at the dentist\'s office.<\\/p>\\r\\n\\r\\n\\r\\n\\r\\n\\r\\n\\r\\n\\r\\n\\r\\n\\r\\n\\r\\n\\r\\n\\r\\n\\r\\n\\r\\n\\r\\n\\r\\n<p><img class=\\\"image portrait\\\" src=\\\"http:\\/\\/localhost\\/dev\\/www\\/\\/assets\\/images\\/Dental-Terror-Original.jpg#asset:83:url\\\" alt=\\\"\\\" title=\\\"\\\"><\\/p>\\r\\n\\r\\n\\r\\n\\r\\n\\r\\n\\r\\n\\r\\n\\r\\n\\r\\n\\r\\n\\r\\n\\r\\n\\r\\n\\r\\n\\r\\n\\r\\n<p>I doubt anyone would call that art. The only thing about it that might qualify it as art is that it produces an emotional response. The composition is weird. It\'s fairly monochromatic. The lighting is flat. Other than the disgust and terror that I had in mind when I&nbsp;took it, it really doesn\'t offer much.&nbsp;<br><\\/p>\\r\\n\\r\\n\\r\\n\\r\\n\\r\\n\\r\\n\\r\\n\\r\\n\\r\\n\\r\\n\\r\\n\\r\\n\\r\\n\\r\\n\\r\\n\\r\\n<p>But, here\'s where it gets interesting..<\\/p>\\r\\n\\r\\n\\r\\n\\r\\n\\r\\n\\r\\n\\r\\n\\r\\n\\r\\n\\r\\n\\r\\n\\r\\n\\r\\n\\r\\n\\r\\n\\r\\n<p>I ran it through a couple of filters in <a href=\\\"https:\\/\\/play.google.com\\/store\\/apps\\/details?id=com.neuralprisma\\\" target=\\\"_blank\\\">Prisma<\\/a>, an Android app that applies art filters to photos. here are the most and least extreme modifications that I&nbsp;liked:<\\/p>\\r\\n\\r\\n\\r\\n\\r\\n\\r\\n\\r\\n\\r\\n\\r\\n\\r\\n\\r\\n\\r\\n\\r\\n\\r\\n\\r\\n\\r\\n\\r\\n<p><img class=\\\"image portrait\\\" src=\\\"http:\\/\\/localhost\\/dev\\/www\\/\\/assets\\/images\\/Dental-Terror-1.jpg#asset:84:url\\\" alt=\\\"Dental-Terror-1.jpg#asset:84\\\"><br><\\/p>\\r\\n\\r\\n\\r\\n\\r\\n\\r\\n\\r\\n\\r\\n\\r\\n\\r\\n\\r\\n\\r\\n\\r\\n\\r\\n\\r\\n\\r\\n\\r\\n<p><img class=\\\"image portrait\\\" src=\\\"http:\\/\\/localhost\\/dev\\/www\\/\\/assets\\/images\\/Dental-Terror-2.jpg#asset:85:url\\\" alt=\\\"Dental-Terror-2.jpg#asset:85\\\"><br><\\/p>\\r\\n\\r\\n\\r\\n\\r\\n\\r\\n\\r\\n\\r\\n\\r\\n\\r\\n\\r\\n\\r\\n\\r\\n\\r\\n\\r\\n\\r\\n\\r\\n<p>These were both literally&nbsp;one click options in the app. I&nbsp;flipped through all the options in the app and picked out the eight that I&nbsp;liked most. It probably took me five minutes, ten max.&nbsp;The next morning, I&nbsp;opened up <a href=\\\"https:\\/\\/inkscape.org\\/en\\/\\\" target=\\\"_blank\\\">Inkscape<\\/a> (because I\'m a bit more adept with that than I am <a href=\\\"http:\\/\\/www.gimp.org\\/\\\" target=\\\"_blank\\\">Gimp<\\/a>) and stitched them into the collage that you saw at the beginning of this post. It probably took me another 20 minutes to half an hour. The only real thought I put into the process was that when I&nbsp;had laid them all out in tiles, I&nbsp;realized that it was horribly off balance, so I&nbsp;rearranged a bit.&nbsp;<\\/p>\\r\\n\\r\\n\\r\\n\\r\\n\\r\\n\\r\\n\\r\\n\\r\\n\\r\\n\\r\\n<p>That\'s it. That\'s all I did, about an hour\'s worth of work.&nbsp;There was no Herculean effort.<\\/p>\\r\\n\\r\\n\\r\\n\\r\\n\\r\\n\\r\\n\\r\\n\\r\\n\\r\\n\\r\\n\\r\\n\\r\\n\\r\\n\\r\\n\\r\\n\\r\\n<p>In the process of writing this post, I Googled the definition of \\\"art\\\" because, after all,&nbsp;we\'re talking about definitions.&nbsp;<\\/p>\\r\\n\\r\\n\\r\\n\\r\\n\\r\\n\\r\\n\\r\\n\\r\\n\\r\\n\\r\\n\\r\\n\\r\\n\\r\\n\\r\\n\\r\\n\\r\\n<div class=\\\"blockquote-body-container\\\">\\r\\n<div class=\\\"icon-body-container\\\">\\r\\n<em class=\\\"fa fa-quote-left\\\"><\\/em>\\r\\n<div class=\\\"blockquote-body\\\">\\r\\n<p>the expression or application of human creative skill and imagination, typically in a visual form such as painting or sculpture, producing works to be appreciated primarily for their beauty or emotional power.<\\/p>\\r\\n<em class=\\\"fa fa-quote-right\\\"><\\/em>\\r\\n<\\/div>\\r\\n<\\/div>\\r\\n<\\/div>\\r\\n\\r\\n\\r\\n\\r\\n\\r\\n\\r\\n\\r\\n\\r\\n\\r\\n\\r\\n\\r\\n\\r\\n\\r\\n\\r\\n\\r\\n\\r\\n<p>\\\"Producing works to be appreciated\\\"&nbsp;was the direct opposite of my goal. I&nbsp;wanted to disgust and annoy. So that\'s not it.<\\/p>\\r\\n\\r\\n\\r\\n\\r\\n\\r\\n\\r\\n\\r\\n\\r\\n<p>So when did this become art? Is it when I&nbsp;chose the filters that complemented the image?&nbsp;Is it when I paused to rearrange the tiles? Or is it not even art at all? I\'m honestly not sure.&nbsp;<\\/p>\\r\\n\\r\\n\\r\\n\\r\\n\\r\\n\\r\\n\\r\\n\\r\\n<p>But I may stick it in my porftolio anyway.<\\/p>\",\"15\":\"1\",\"12\":{\"70\":{\"type\":\"image\",\"enabled\":\"1\",\"fields\":{\"image\":[\"68\"],\"focalPoint\":\"\",\"orientation\":\"landscape\",\"fill\":\"cover\",\"border\":\"\"}}},\"14\":\"\",\"11\":\"<p>The question \\\"What is art?\\\" has always been of interest to me. The subjective nature of art often leaves us questioning whether or not something truly is art. Jackson Pollack\'s works are a prime example. Is it truly art if someone is just slinging paint against a canvas?&nbsp;This was the question of the day when Jackson broke into the scene.&nbsp;<\\/p>\\r\\n\\r\\n<p>Nowadays, with computers, a new kind of question is arising:&nbsp;How much human intervention is required to make art?<\\/p>\"}}', '2016-10-03 18:53:24', '2016-10-03 18:53:24', 'ecacd4d3-37ca-4aa6-ad6d-2fb2b35c74b4'),
 ('209', '64', '2', '1', 'en_us', '11', '', '{\"typeId\":\"8\",\"authorId\":\"1\",\"title\":\"New Site!\",\"slug\":\"new-site\",\"postDate\":1473297780,\"expiryDate\":null,\"enabled\":1,\"parentId\":null,\"fields\":{\"1\":\"<p>If you\'ve been paying attention to my site, you\'ve probably noticed that it looks a little different than it used to. It\'s not just the look of the site though, it\'s a whole new website, inside and out. I\'ve completely rebuilt the site from the ground up in <a href=\\\"https:\\/\\/craftcms.com\\/\\\" target=\\\"_blank\\\">Craft<\\/a>. Craft offers a lot of development opportunities that were prohibitively time consuming in my old CMS, <a href=\\\"https:\\/\\/wordpress.org\\/\\\" target=\\\"_blank\\\">Wordpress<\\/a>. I\'ve already done a few things that I\'d been putting off in Wordpress and plan on doing quite a few more.&nbsp;<\\/p>\\r\\n\\r\\n<p>I&nbsp;first learned about Craft at my job with <a href=\\\"http:\\/\\/localhost\\/dev\\/www\\/web-development\\/say-insurance#entry:30:url\\\">Say Insurance<\\/a>. We&nbsp;were using Craft for the website that we built there. I&nbsp;found it to be a robust and flexible content management system. It does a very good job of separating the content from the functionality of the website. This makes development very easy. Wordpress ties functionality and settings&nbsp;into the content management system (and <a href=\\\"https:\\/\\/www.drupal.org\\/\\\" target=\\\"_blank\\\">Drupal<\\/a> does it even more so). Craft lets you define your content types however you want, with whatever fields you want, and then you decide what to do with them. This separation of content from settings and functionality means that you spend more&nbsp;time building and less time managing CMS&nbsp;settings.<\\/p>\\r\\n\\r\\n\\r\\n\\r\\n\\r\\n\\r\\n\\r\\n\\r\\n\\r\\n\\r\\n\\r\\n\\r\\n\\r\\n\\r\\n\\r\\n\\r\\n\\r\\n\\r\\n<p>One of the things that i\'d been wanting to do for a long time is build an <a href=\\\"http:\\/\\/jimchrsite.me\\/art\\\">art portfolio<\\/a>. Craft makes this super easy. I&nbsp;made a new content type, laid out the template, and that was it. With Wordpress, making a new content type isn\'t completely straight forward. And then, to make a new template with the features I wanted, I would have had to make a completely new&nbsp;plugin. This functionality is just built into Craft.<\\/p>\\r\\n\\r\\n\\r\\n\\r\\n\\r\\n\\r\\n<p>Craft also makes <a href=\\\"https:\\/\\/craftcms.com\\/docs\\/multi-environment-configs\\\" target=\\\"_blank\\\">multi-environment<\\/a> development easy as pie. You can simply define a base URL&nbsp;to a variable&nbsp;for each environment. Then you can use that variable in the Craft admin panel so that all the links on the site resolve to the correct environment. If this is possible in Wordpress, I&nbsp;have no idea how it\'s done.<\\/p>\\r\\n\\r\\n\\r\\n\\r\\n\\r\\n\\r\\n<p>Another advantage of this multi-environment configuration is that it\'s easy to set up variables to use with <a href=\\\"https:\\/\\/en.wikipedia.org\\/wiki\\/Feature_toggle\\\" target=\\\"_blank\\\">feature flags<\\/a>. I can define global variables that Craft sets based on the URL. This gives me the ability to easily hide and show features based on whether I\'m viewing my site on my local machine while I work, or if an end user such as yourself is looking at the site. I&nbsp;can set the feature as visible for me&nbsp;while it\'s in progress and not working correctly, but still hide it from the rest of the world. When it\'s ready for prime time, I&nbsp;simply remove the flag.&nbsp;<\\/p>\\r\\n\\r\\n\\r\\n\\r\\n<p>The makers of Craft claim that it\'s \\\"a great alternative to Wordpress if you\'re building a website.\\\"&nbsp;I&nbsp;find that to be true. Wordpress has grown out of a blogging platform, and that\'s evident in the difficulty of trying to build something beyond a blog with a few flat pages. Craft is a content management system first. By nature, this means that you can use it to build a blog site, but it also means that you can do so much more with it, with so much less work. I\'m very excited to be switching my site over to Craft. I\'m releasing it with a bare minimum of features, but you can be assured that the site will continue to evolve, making use of the flexibility of Craft.<\\/p>\",\"15\":\"1\",\"12\":{\"67\":{\"type\":\"image\",\"enabled\":\"1\",\"fields\":{\"image\":[\"66\"],\"focalPoint\":\"\",\"orientation\":\"landscape\",\"fill\":\"contain\",\"border\":\"1\"}}},\"14\":\"\",\"11\":\"<p>If you\'ve been paying attention to my site, you\'ve probably noticed that it looks a little different than it used to. It\'s not just the look of the site though, it\'s a whole new website, inside and out. I\'ve completely rebuilt the site from the ground up in&nbsp;<a href=\\\"https:\\/\\/craftcms.com\\/\\\" target=\\\"_blank\\\">Craft<\\/a>. Craft offers a lot of development opportunities that were prohibitively time consuming in my old CMS,&nbsp;<a href=\\\"https:\\/\\/wordpress.org\\/\\\" target=\\\"_blank\\\">Wordpress<\\/a>. I\'ve already done a few things that I\'d been putting off in Wordpress and plan on doing quite a few more.&nbsp;<\\/p>\"}}', '2016-10-03 18:53:38', '2016-10-03 18:53:38', '0b84d5b5-c4f5-47a4-ba5c-5d8f6c99b82f'),
 ('210', '64', '2', '1', 'en_us', '12', '', '{\"typeId\":\"8\",\"authorId\":\"1\",\"title\":\"New Site!\",\"slug\":\"new-site\",\"postDate\":1473297780,\"expiryDate\":null,\"enabled\":1,\"parentId\":null,\"fields\":{\"1\":\"<p>If you\'ve been paying attention to my site, you\'ve probably noticed that it looks a little different than it used to. It\'s not just the look of the site though, it\'s a whole new website, inside and out. I\'ve completely rebuilt the site from the ground up in <a href=\\\"https:\\/\\/craftcms.com\\/\\\" target=\\\"_blank\\\">Craft<\\/a>. Craft offers a lot of development opportunities that were prohibitively time consuming in my old CMS, <a href=\\\"https:\\/\\/wordpress.org\\/\\\" target=\\\"_blank\\\">Wordpress<\\/a>. I\'ve already done a few things that I\'d been putting off in Wordpress and plan on doing quite a few more.&nbsp;<\\/p>\\r\\n\\r\\n<p>I&nbsp;first learned about Craft at my job with <a href=\\\"http:\\/\\/localhost\\/dev\\/www\\/web-development\\/say-insurance#entry:30:url\\\">Say Insurance<\\/a>. We&nbsp;were using Craft for the website that we built there. I&nbsp;found it to be a robust and flexible content management system. It does a very good job of separating the content from the functionality of the website. This makes development very easy. Wordpress ties functionality and settings&nbsp;into the content management system (and <a href=\\\"https:\\/\\/www.drupal.org\\/\\\" target=\\\"_blank\\\">Drupal<\\/a> does it even more so). Craft lets you define your content types however you want, with whatever fields you want, and then you decide what to do with them. This separation of content from settings and functionality means that you spend more&nbsp;time building and less time managing CMS&nbsp;settings.<\\/p>\\r\\n\\r\\n\\r\\n\\r\\n\\r\\n\\r\\n\\r\\n\\r\\n\\r\\n\\r\\n\\r\\n\\r\\n\\r\\n\\r\\n\\r\\n\\r\\n\\r\\n\\r\\n\\r\\n\\r\\n<p>One of the things that i\'d been wanting to do for a long time is build an <a href=\\\"http:\\/\\/jimchrsite.me\\/art\\\">art portfolio<\\/a>. Craft makes this super easy. I&nbsp;made a new content type, laid out the template, and that was it. With Wordpress, making a new content type isn\'t completely straight forward. And then, to make a new template with the features I wanted, I would have had to make a completely new&nbsp;plugin. This functionality is just built into Craft.<\\/p>\\r\\n\\r\\n\\r\\n\\r\\n\\r\\n\\r\\n\\r\\n\\r\\n<p>Craft also makes <a href=\\\"https:\\/\\/craftcms.com\\/docs\\/multi-environment-configs\\\" target=\\\"_blank\\\">multi-environment<\\/a> development easy as pie. You can simply define a base URL&nbsp;to a variable&nbsp;for each environment. Then you can use that variable in the Craft admin panel so that all the links on the site resolve to the correct environment. If this is possible in Wordpress, I&nbsp;have no idea how it\'s done.<\\/p>\\r\\n\\r\\n\\r\\n\\r\\n\\r\\n\\r\\n\\r\\n\\r\\n<p>Another advantage of this multi-environment configuration is that it\'s easy to set up variables to use with <a href=\\\"https:\\/\\/en.wikipedia.org\\/wiki\\/Feature_toggle\\\" target=\\\"_blank\\\">feature flags<\\/a>. I can define global variables that Craft sets based on the URL. This gives me the ability to easily hide and show features based on whether I\'m viewing my site on my local machine while I work, or if an end user such as yourself is looking at the site. I&nbsp;can set the feature as visible for me&nbsp;while it\'s in progress and not working correctly, but still hide it from the rest of the world. When it\'s ready for prime time, I&nbsp;simply remove the flag.&nbsp;<\\/p>\\r\\n\\r\\n\\r\\n\\r\\n\\r\\n\\r\\n<p>The makers of Craft claim that it\'s \\\"a great alternative to Wordpress if you\'re building a website.\\\"&nbsp;I&nbsp;find that to be true. Wordpress has grown out of a blogging platform, and that\'s evident in the difficulty of trying to build something beyond a blog with a few flat pages. Craft is a content management system first. By nature, this means that you can use it to build a blog site, but it also means that you can do so much more with it, with so much less work. I\'m very excited to be switching my site over to Craft. I\'m releasing it with a bare minimum of features, but you can be assured that the site will continue to evolve, making use of the flexibility of Craft.<\\/p>\",\"15\":\"1\",\"12\":{\"67\":{\"type\":\"image\",\"enabled\":\"1\",\"fields\":{\"image\":[\"66\"],\"focalPoint\":\"\",\"orientation\":\"landscape\",\"fill\":\"contain\",\"border\":\"\"}}},\"14\":\"\",\"11\":\"<p>If you\'ve been paying attention to my site, you\'ve probably noticed that it looks a little different than it used to. It\'s not just the look of the site though, it\'s a whole new website, inside and out. I\'ve completely rebuilt the site from the ground up in&nbsp;<a href=\\\"https:\\/\\/craftcms.com\\/\\\" target=\\\"_blank\\\">Craft<\\/a>. Craft offers a lot of development opportunities that were prohibitively time consuming in my old CMS,&nbsp;<a href=\\\"https:\\/\\/wordpress.org\\/\\\" target=\\\"_blank\\\">Wordpress<\\/a>. I\'ve already done a few things that I\'d been putting off in Wordpress and plan on doing quite a few more.&nbsp;<\\/p>\"}}', '2016-10-03 18:54:04', '2016-10-03 18:54:04', '15887ce8-99bd-42f9-9fa7-7834bfc8e169'),
 ('211', '43', '4', '1', 'en_us', '21', '', '{\"typeId\":\"4\",\"authorId\":\"1\",\"title\":\"Daniel Boone Regional Library\",\"slug\":\"daniel-boone-regional-library\",\"postDate\":1472700960,\"expiryDate\":null,\"enabled\":1,\"parentId\":null,\"fields\":{\"1\":\"<p><a href=\\\"http:\\/\\/www.dbrl.org\\\" target=\\\"_blank\\\">DBRL<\\/a> maintained a number of different sites. Some were built in Drupal, others in Wordpress, and others were custom built systems that were dependent on data received from APIs. I&nbsp;had a hand in every one of these to some degree. This included maintaining the web server for the DBRL system.<\\/p>\\r\\n\\r\\n<h4>Sign Up System<\\/h4>\\r\\n\\r\\n\\r\\n\\r\\n\\r\\n\\r\\n\\r\\n\\r\\n\\r\\n\\r\\n\\r\\n\\r\\n<p>One of my biggest achievements at DBRL was the inception, design, and implementation of a system for library employees to use to sign patrons up for library events. Previously, employees had used literal sign-up sheets. This necessitated that all patrons signing up for events be routed through a single service desk. I&nbsp;recognized that a web based sign up system could be used from any service desk. I conferred with numerous employees throughout the design process in order to ensure that the user facing system would meet employees\' needs.<\\/p>\\r\\n\\r\\n\\r\\n\\r\\n\\r\\n\\r\\n\\r\\n\\r\\n\\r\\n\\r\\n\\r\\n\\r\\n<p> Furthermore, a web based system could be automatically generated from the library\'s existing program database whereas paper sheets had to be manually created each week.&nbsp;This meant that the new system had to be connected through the existing system via an API. In addition, the back end database had to be modified to accept some additional fields required for the sign up system.<\\/p>\\r\\n\\r\\n\\r\\n\\r\\n\\r\\n\\r\\n\\r\\n\\r\\n\\r\\n\\r\\n\\r\\n\\r\\n<h4>Mock Newbury Site<\\/h4>\\r\\n\\r\\n\\r\\n\\r\\n\\r\\n\\r\\n\\r\\n\\r\\n\\r\\n\\r\\n\\r\\n\\r\\n<p>Each year, DBRL&nbsp;holds a Mock <a href=\\\"http:\\/\\/www.ala.org\\/alsc\\/awardsgrants\\/bookmedia\\/newberymedal\\/newberymedal\\\" target=\\\"_blank\\\">Newbery<\\/a> program. Children participate in the selection of a book that meets the criteria for the Newery award. Each year, the library creates a new website for the new selection of books. This website was my sole responsibility for two years. I created the site in <a href=\\\"https:\\/\\/wordpress.org\\/\\\" target=\\\"_blank\\\">Wordpress<\\/a> using a child theme based on <a href=\\\"https:\\/\\/www.kadencethemes.com\\/product\\/virtue-free-theme\\/\\\" target=\\\"_blank\\\">Virtue<\\/a> by <a href=\\\"https:\\/\\/www.kadencethemes.com\\/\\\" target=\\\"_blank\\\">Kadence Themes<\\/a>. I&nbsp;then secured portions of the site to logged in users so that the kids could engage in active discussions without interference from internet trolls.&nbsp;<\\/p>\\r\\n\\r\\n\\r\\n\\r\\n\\r\\n\\r\\n\\r\\n\\r\\n\\r\\n\\r\\n<h4>Additional&nbsp;Responsibilities<\\/h4>\\r\\n\\r\\n\\r\\n\\r\\n\\r\\n\\r\\n\\r\\n\\r\\n\\r\\n\\r\\n<p>In addition to these responsibilities, I shared the responsibilities of web administration with one other employee. We maintained and improved about half a dozen websites, as well as bearing the responsibility for server maintenance, backups, and updates. He and I&nbsp;developed a number of new features for existing sites, both independently and collaboratively. We maintained constant accessibility and communication with library employees who were the end users of our products, as well as conducting usability tests with patrons who used the libary website.<\\/p>\",\"20\":{\"date\":\"6\\/15\\/2015\"},\"15\":\"1\",\"12\":{\"72\":{\"type\":\"image\",\"enabled\":\"1\",\"fields\":{\"image\":[\"55\"],\"focalPoint\":\"up down\",\"orientation\":\"portrait\",\"fill\":\"initial\",\"border\":\"1\"}}},\"11\":\"\",\"21\":\"<p>DBRL maintained a number of different sites.&nbsp;I&nbsp;had a hand in every one of them to some degree.&nbsp;<\\/p>\",\"37\":[\"59\",\"58\",\"57\",\"77\",\"76\",\"75\",\"78\"],\"19\":{\"date\":\"8\\/1\\/2013\"},\"32\":\"\",\"17\":\"www.dbrl.org\",\"18\":\"http:\\/\\/\"}}', '2016-10-03 19:04:09', '2016-10-03 19:04:09', '2ae38d3c-65a6-479a-9023-7e852de90aa7'),
 ('212', '89', '4', '1', 'en_us', '6', '', '{\"typeId\":\"4\",\"authorId\":\"1\",\"title\":\"Dakota Solomon\",\"slug\":\"dakota-solomon\",\"postDate\":1475515500,\"expiryDate\":null,\"enabled\":1,\"parentId\":null,\"fields\":{\"1\":\"\",\"20\":{\"date\":\"7\\/1\\/3014\"},\"15\":\"\",\"12\":{\"90\":{\"type\":\"image\",\"enabled\":\"1\",\"fields\":{\"image\":[\"88\"],\"focalPoint\":\"center top\",\"orientation\":\"landscape\",\"fill\":\"cover\",\"border\":\"1\"}}},\"11\":\"<p>Dakota was a high school student on the varsity baseball team. His mother hired me to create a website where he could showcase his history, statistics, and&nbsp;achievements to college recruiters.&nbsp;<\\/p>\",\"21\":\"\",\"37\":[\"86\",\"78\",\"75\",\"58\",\"59\",\"57\"],\"19\":{\"date\":\"6\\/1\\/2014\"},\"32\":\"\",\"17\":\"dakotasolomon.com\",\"18\":\"http:\\/\\/\"}}', '2016-10-03 19:04:56', '2016-10-03 19:04:56', '973abe1a-1e2a-4560-a3fd-5754abf11c83'),
 ('213', '89', '4', '1', 'en_us', '7', '', '{\"typeId\":\"4\",\"authorId\":\"1\",\"title\":\"Dakota Solomon\",\"slug\":\"dakota-solomon\",\"postDate\":1475515500,\"expiryDate\":null,\"enabled\":1,\"parentId\":null,\"fields\":{\"1\":\"<p>Dakota was a high school student on the varsity baseball team. His mother hired me to create a website where he could showcase his history, statistics, and&nbsp;achievements to college recruiters.&nbsp;<\\/p><p>I was the sole engineer for the site. I consulted with the client regarding the choice and registration of a domain name.I&nbsp;then set up the hosting for the site, installed Wordpress, and built the site. It was initially hosted on <a href=\\\"http:\\/\\/www.fatcow.com\\/\\\" target=\\\"_blank\\\">Fat Cow<\\/a>, but I&nbsp;later moved it to a server that I&nbsp;maintain on <a href=\\\"https:\\/\\/www.digitalocean.com\\/\\\" target=\\\"_blank\\\">Digital Ocean<\\/a> due to compatibility&nbsp;issues with Fat Cow\'s version of PHP and updates to plugins that were used on the site.&nbsp;<\\/p><p>I&nbsp;built the site using the <a href=\\\"http:\\/\\/mor10.com\\/simone-wordpress-theme\\/\\\">Simone<\\/a>&nbsp;theme by <a href=\\\"https:\\/\\/mor10.com\\/\\\">Morten Rand-Hendriksen<\\/a> as a starting point. Morten developed the theme&nbsp;for Lynda tutorials and, as such, it&nbsp;is fairly minimal and flexible. However, since the site itself had fairly simple needs, it needed little modification from the base theme. The modifications that it did require were limited to CSS&nbsp;changes to&nbsp;display photos and statistics.<\\/p><p>After building the site, I&nbsp;trained the client on how to use Wordpress to manage the content on the site.<\\/p>\",\"20\":{\"date\":\"7\\/1\\/3014\"},\"15\":\"\",\"12\":{\"90\":{\"type\":\"image\",\"enabled\":\"1\",\"fields\":{\"image\":[\"88\"],\"focalPoint\":\"center top\",\"orientation\":\"landscape\",\"fill\":\"cover\"}}},\"11\":\"\",\"21\":\"<p>Dakota was a high school student on the varsity baseball team. His mother hired me to create a website where he could showcase his history, statistics, and&nbsp;achievements to college recruiters.&nbsp;<\\/p>\",\"37\":[\"86\",\"78\",\"75\",\"58\",\"59\",\"57\"],\"19\":{\"date\":\"6\\/1\\/2014\"},\"32\":\"\",\"17\":\"dakotasolomon.com\",\"18\":\"http:\\/\\/\"}}', '2016-10-03 20:31:37', '2016-10-03 20:31:37', '69a43af4-c1ed-43ef-8b3c-d6c5431aa5de'),
 ('214', '89', '4', '1', 'en_us', '8', '', '{\"typeId\":\"4\",\"authorId\":\"1\",\"title\":\"Dakota Solomon\",\"slug\":\"dakota-solomon\",\"postDate\":1475515500,\"expiryDate\":null,\"enabled\":1,\"parentId\":null,\"fields\":{\"1\":\"<p>Dakota was a high school student on the varsity baseball team. His mother hired me to create a website where he could showcase his history, statistics, and&nbsp;achievements to college recruiters.&nbsp;<\\/p>\\r\\n\\r\\n<p>I was the sole engineer for the site. I consulted with the client regarding the choice and registration of a domain name.I&nbsp;then set up the hosting for the site, installed Wordpress, and built the site. It was initially hosted on <a href=\\\"http:\\/\\/www.fatcow.com\\/\\\" target=\\\"_blank\\\">Fat Cow<\\/a>, but I&nbsp;later moved it to a server that I&nbsp;maintain on <a href=\\\"https:\\/\\/www.digitalocean.com\\/\\\" target=\\\"_blank\\\">Digital Ocean<\\/a> due to compatibility&nbsp;issues with Fat Cow\'s version of PHP and updates to plugins that were used on the site.&nbsp;<\\/p>\\r\\n\\r\\n<p>I&nbsp;built the site using the <a href=\\\"http:\\/\\/mor10.com\\/simone-wordpress-theme\\/\\\">Simone<\\/a>&nbsp;theme by <a href=\\\"https:\\/\\/mor10.com\\/\\\">Morten Rand-Hendriksen<\\/a> as a starting point. Morten developed the theme&nbsp;for Lynda tutorials and, as such, it&nbsp;is fairly minimal and flexible. However, since the site itself had fairly simple needs, it needed little modification from the base theme. The modifications that it did require were limited to CSS&nbsp;changes to&nbsp;display photos and statistics.<\\/p>\\r\\n\\r\\n<p>After building the site, I&nbsp;trained the client on how to use Wordpress to manage the content on the site.<\\/p>\",\"20\":{\"date\":\"7\\/1\\/2013\"},\"15\":\"\",\"12\":{\"90\":{\"type\":\"image\",\"enabled\":\"1\",\"fields\":{\"image\":[\"88\"],\"focalPoint\":\"center top\",\"orientation\":\"landscape\",\"fill\":\"cover\"}}},\"11\":\"\",\"21\":\"<p>Dakota was a high school student on the varsity baseball team. His mother hired me to create a website where he could showcase his history, statistics, and&nbsp;achievements to college recruiters.&nbsp;<\\/p>\",\"37\":[\"86\",\"78\",\"75\",\"58\",\"59\",\"57\"],\"19\":{\"date\":\"6\\/1\\/2013\"},\"32\":\"\",\"17\":\"dakotasolomon.com\",\"18\":\"http:\\/\\/\"}}', '2016-10-03 20:32:40', '2016-10-03 20:32:40', 'b73238e8-1435-48d2-9f49-fe7689f120c6'),
 ('215', '92', '4', '1', 'en_us', '1', '', '{\"typeId\":null,\"authorId\":\"1\",\"title\":\"Brooke Fletcher\",\"slug\":\"brooke-fletcher\",\"postDate\":1475543951,\"expiryDate\":null,\"enabled\":1,\"parentId\":null,\"fields\":{\"1\":\"<p>Brooke was a trained photographer who had turned her professional attention to web development and user experience. Her web development experience was primarily focused on enterprise content management systems that were too cumbersome and expensive for a personal portfolio site. Brooke sought my advice and assistance with setting up a Wordpress site.<\\/p><p>I helped Brooke by guiding her through the setup process, plugins, themes. ,etc.<\\/p>\",\"20\":{\"date\":\"8\\/1\\/14\"},\"15\":\"1\",\"12\":\"\",\"11\":\"\",\"21\":\"<p>Brooke was a UX&nbsp;generalist with development experience using enterprise content management systems. I consulted with Brooke on using Wordpress to build her personal portfolio website.<\\/p>\",\"37\":[\"78\",\"75\",\"59\"],\"19\":{\"date\":\"7\\/1\\/14\"},\"32\":\"\",\"17\":\"brookefletcher.com\",\"18\":\"http:\\/\\/\"}}', '2016-10-04 01:19:11', '2016-10-04 01:19:11', '06b05e9d-d28e-456f-b365-fc9d0065c7c8'),
 ('216', '92', '4', '1', 'en_us', '2', '', '{\"typeId\":\"4\",\"authorId\":\"1\",\"title\":\"Brooke Fletcher\",\"slug\":\"brooke-fletcher\",\"postDate\":1475543940,\"expiryDate\":null,\"enabled\":1,\"parentId\":null,\"fields\":{\"1\":\"<p>Brooke was a trained photographer who had turned her professional attention to web development and user experience. Her web development experience was primarily focused on enterprise content management systems that were too cumbersome and expensive for a personal portfolio site. Brooke sought my advice and assistance with setting up a Wordpress site.<\\/p>\\r\\n\\r\\n<p>I helped Brooke by guiding her through the setup process, plugins, themes. ,etc.<\\/p>\",\"20\":{\"date\":\"8\\/1\\/2014\"},\"15\":\"\",\"12\":{\"new1\":{\"type\":\"image\",\"enabled\":\"1\",\"fields\":{\"image\":[\"93\"],\"focalPoint\":\"\",\"orientation\":\"landscape\",\"fill\":\"initial\"}}},\"11\":\"\",\"21\":\"<p>Brooke was a UX&nbsp;generalist with development experience using enterprise content management systems. I consulted with Brooke on using Wordpress to build her personal portfolio website.<\\/p>\",\"37\":[\"78\",\"75\",\"59\"],\"19\":{\"date\":\"7\\/1\\/2014\"},\"32\":\"\",\"17\":\"brookefletcher.com\",\"18\":\"http:\\/\\/\"}}', '2016-10-04 01:25:21', '2016-10-04 01:25:21', 'a69326c2-bddb-4eae-9851-e2b82703ed0b'),
 ('217', '92', '4', '1', 'en_us', '3', '', '{\"typeId\":\"4\",\"authorId\":\"1\",\"title\":\"Brooke Fletcher\",\"slug\":\"brooke-fletcher\",\"postDate\":1475543940,\"expiryDate\":null,\"enabled\":1,\"parentId\":null,\"fields\":{\"1\":\"<p>Brooke was a trained photographer who had turned her professional attention to web development and user experience. Her web development experience was primarily focused on enterprise content management systems that were too cumbersome and expensive for a personal portfolio site. Brooke sought my advice and assistance with setting up a Wordpress site.<\\/p>\\r\\n\\r\\n<p>I helped Brooke by guiding her through the Wordpress setup and installation process. I&nbsp;then gave her an overview of the plugin and theme system. As Brooke worked with the site, she inevitably ran into issues specific to Wordpress that weren\'t addressed through her prior web development experience. When she ran into those, I provided her with guidance from my experience, as well as relevant references for her further research.<\\/p><p>After becoming displeased with the cost of&nbsp;her hosting provider, Brooke asked me to manage her hosting. I&nbsp;migrated Brooke\'s site to a server that I&nbsp;maintain on <a href=\\\"https:\\/\\/www.digitalocean.com\\/\\\" target=\\\"_blank\\\">Digital Ocean<\\/a>. During this process, I&nbsp;guided Brooke through the <a href=\\\"https:\\/\\/codex.wordpress.org\\/Moving_WordPress\\\" target=\\\"_blank\\\">Wordpress migration<\\/a> process, as well as DNS&nbsp;resolution for the new server. In addition to hosting, Brooke had been managing her domain name registration through <a href=\\\"https:\\/\\/www.godaddy.com\\/\\\" target=\\\"_blank\\\">GoDaddy<\\/a>. While migrating her site, she wanted to take the opportunity to also transfer her domain name registration to <a href=\\\"https:\\/\\/domains.google\\\" target=\\\"_blank\\\">Google<\\/a>.&nbsp;I&nbsp;helped Brooke with this process as well.<\\/p>\",\"20\":{\"date\":\"8\\/1\\/2014\"},\"15\":\"\",\"12\":{\"94\":{\"type\":\"image\",\"enabled\":\"1\",\"fields\":{\"image\":[\"93\"],\"focalPoint\":\"\",\"orientation\":\"landscape\",\"fill\":\"initial\"}}},\"11\":\"\",\"21\":\"<p>Brooke was a UX&nbsp;generalist with development experience using enterprise content management systems. I consulted with Brooke on using Wordpress to build her personal portfolio website.<\\/p>\",\"37\":[\"78\",\"75\",\"59\",\"86\"],\"19\":{\"date\":\"7\\/1\\/2014\"},\"32\":\"\",\"17\":\"brookefletcher.com\",\"18\":\"http:\\/\\/\"}}', '2016-10-04 01:43:30', '2016-10-04 01:43:30', 'f011990f-c68e-44f5-afd4-e9dbcf1f5754'),
 ('218', '92', '4', '1', 'en_us', '4', '', '{\"typeId\":\"4\",\"authorId\":\"1\",\"title\":\"Brooke Fletcher\",\"slug\":\"brooke-fletcher\",\"postDate\":1475543940,\"expiryDate\":null,\"enabled\":1,\"parentId\":null,\"fields\":{\"1\":\"<p>Brooke was a trained photographer who had turned her professional attention to web development and user experience. Her web development experience was primarily focused on enterprise content management systems that were too cumbersome and expensive for a personal portfolio site. Brooke sought my advice and assistance with setting up a Wordpress site.<\\/p>\\r\\n\\r\\n<p>I helped Brooke by guiding her through the Wordpress setup and installation process. I&nbsp;then gave her an overview of the plugin and theme system. As Brooke worked with the site, she inevitably ran into issues specific to Wordpress that weren\'t addressed through her prior web development experience. When she ran into those, I provided her with guidance from my experience, as well as relevant references for her further research.<\\/p>\\r\\n\\r\\n<p>After becoming displeased with the cost of&nbsp;her hosting provider, Brooke asked me to manage her hosting. I&nbsp;migrated Brooke\'s site to a server that I&nbsp;maintain on <a href=\\\"https:\\/\\/www.digitalocean.com\\/\\\" target=\\\"_blank\\\">Digital Ocean<\\/a>. During this process, I&nbsp;guided Brooke through the <a href=\\\"https:\\/\\/codex.wordpress.org\\/Moving_WordPress\\\" target=\\\"_blank\\\">Wordpress migration<\\/a> process, as well as DNS&nbsp;resolution for the new server. In addition to hosting, Brooke had been managing her domain name registration through <a href=\\\"https:\\/\\/www.godaddy.com\\/\\\" target=\\\"_blank\\\">GoDaddy<\\/a>. While migrating her site, she wanted to take the opportunity to also transfer her domain name registration to <a href=\\\"https:\\/\\/domains.google\\\" target=\\\"_blank\\\">Google<\\/a>.&nbsp;I&nbsp;helped Brooke with this process as well.<\\/p>\",\"20\":{\"date\":\"8\\/1\\/2014\"},\"15\":\"\",\"12\":{\"94\":{\"type\":\"image\",\"enabled\":\"1\",\"fields\":{\"image\":[\"93\"],\"focalPoint\":\"\",\"orientation\":\"landscape\",\"fill\":\"initial\"}}},\"11\":\"\",\"21\":\"<p>Brooke was a UX&nbsp;generalist with development experience using enterprise content management systems. I consulted with Brooke on using Wordpress to build her personal portfolio website.<\\/p>\",\"37\":[\"78\",\"75\",\"59\",\"86\"],\"19\":{\"date\":\"7\\/1\\/2014\"},\"32\":\"\",\"17\":\"brookefletcher.com\",\"18\":\"http:\\/\\/\"}}', '2016-10-04 02:06:22', '2016-10-04 02:06:22', '1d735392-ba7d-4948-97ba-0e6842e93a51'),
 ('219', '92', '4', '1', 'en_us', '5', '', '{\"typeId\":\"4\",\"authorId\":\"1\",\"title\":\"Brooke Fletcher\",\"slug\":\"brooke-fletcher\",\"postDate\":1475543940,\"expiryDate\":null,\"enabled\":1,\"parentId\":null,\"fields\":{\"1\":\"<p>Brooke was a trained photographer who had turned her professional attention to web development and user experience. Her web development experience was primarily focused on enterprise content management systems that were too cumbersome and expensive for a personal portfolio site. Brooke sought my advice and assistance with setting up a Wordpress site.<\\/p>\\r\\n\\r\\n<p>I helped Brooke by guiding her through the Wordpress setup and installation process. I&nbsp;then gave her an overview of the plugin and theme system. As Brooke worked with the site, she inevitably ran into issues specific to Wordpress that weren\'t addressed through her prior web development experience. When she ran into those, I provided her with guidance from my experience, as well as relevant references for her further research.<\\/p>\\r\\n\\r\\n\\r\\n\\r\\n<p>After becoming displeased with the cost of&nbsp;her hosting provider, Brooke asked me to manage her hosting. I&nbsp;migrated Brooke\'s site to a server that I&nbsp;maintain on <a href=\\\"https:\\/\\/www.digitalocean.com\\/\\\" target=\\\"_blank\\\">Digital Ocean<\\/a>. During this process, I&nbsp;guided Brooke through the <a href=\\\"https:\\/\\/codex.wordpress.org\\/Moving_WordPress\\\" target=\\\"_blank\\\">Wordpress migration<\\/a> process, as well as DNS&nbsp;resolution for the new server. In addition to hosting, Brooke had been managing her domain name registration through <a href=\\\"https:\\/\\/www.godaddy.com\\/\\\" target=\\\"_blank\\\">GoDaddy<\\/a>. While migrating her site, she wanted to take the opportunity to also transfer her domain name registration to <a href=\\\"https:\\/\\/domains.google\\\" target=\\\"_blank\\\">Google<\\/a>.&nbsp;I&nbsp;helped Brooke with this process as well.<\\/p>\",\"20\":{\"date\":\"8\\/1\\/2014\"},\"15\":\"\",\"12\":{\"94\":{\"type\":\"image\",\"enabled\":\"1\",\"fields\":{\"image\":[\"93\"],\"focalPoint\":\"\",\"orientation\":\"landscape\",\"fill\":\"initial\"}}},\"11\":\"\",\"21\":\"<p>Brooke was a UX&nbsp;generalist with development experience using enterprise content management systems. I consulted with Brooke on using Wordpress to build her personal portfolio website.<\\/p>\",\"37\":[\"78\",\"75\",\"59\",\"86\"],\"19\":{\"date\":\"7\\/1\\/2014\"},\"32\":\"\",\"17\":\"brookefletcher.com\",\"18\":\"http:\\/\\/\"}}', '2016-10-04 02:09:12', '2016-10-04 02:09:12', 'b6e4b955-5576-49a8-bcde-d7ca0f5a58e8'),
 ('220', '89', '4', '1', 'en_us', '9', '', '{\"typeId\":\"4\",\"authorId\":\"1\",\"title\":\"Dakota Solomon\",\"slug\":\"dakota-solomon\",\"postDate\":1370107500,\"expiryDate\":null,\"enabled\":1,\"parentId\":null,\"fields\":{\"1\":\"<p>Dakota was a high school student on the varsity baseball team. His mother hired me to create a website where he could showcase his history, statistics, and&nbsp;achievements to college recruiters.&nbsp;<\\/p>\\r\\n\\r\\n<p>I was the sole engineer for the site. I consulted with the client regarding the choice and registration of a domain name.I&nbsp;then set up the hosting for the site, installed Wordpress, and built the site. It was initially hosted on <a href=\\\"http:\\/\\/www.fatcow.com\\/\\\" target=\\\"_blank\\\">Fat Cow<\\/a>, but I&nbsp;later moved it to a server that I&nbsp;maintain on <a href=\\\"https:\\/\\/www.digitalocean.com\\/\\\" target=\\\"_blank\\\">Digital Ocean<\\/a> due to compatibility&nbsp;issues with Fat Cow\'s version of PHP and updates to plugins that were used on the site.&nbsp;<\\/p>\\r\\n\\r\\n\\r\\n\\r\\n<p>I&nbsp;built the site using the <a href=\\\"http:\\/\\/mor10.com\\/simone-wordpress-theme\\/\\\">Simone<\\/a>&nbsp;theme by <a href=\\\"https:\\/\\/mor10.com\\/\\\">Morten Rand-Hendriksen<\\/a> as a starting point. Morten developed the theme&nbsp;for Lynda tutorials and, as such, it&nbsp;is fairly minimal and flexible. However, since the site itself had fairly simple needs, it needed little modification from the base theme. The modifications that it did require were limited to CSS&nbsp;changes to&nbsp;display photos and statistics.<\\/p>\\r\\n\\r\\n\\r\\n\\r\\n<p>After building the site, I&nbsp;trained the client on how to use Wordpress to manage the content on the site.<\\/p>\",\"20\":{\"date\":\"7\\/1\\/2013\"},\"15\":\"\",\"12\":{\"90\":{\"type\":\"image\",\"enabled\":\"1\",\"fields\":{\"image\":[\"88\"],\"focalPoint\":\"center top\",\"orientation\":\"landscape\",\"fill\":\"cover\"}}},\"11\":\"\",\"21\":\"<p>Dakota was a high school student on the varsity baseball team. His mother hired me to create a website where he could showcase his history, statistics, and&nbsp;achievements to college recruiters.&nbsp;<\\/p>\",\"37\":[\"86\",\"78\",\"75\",\"58\",\"59\",\"57\"],\"19\":{\"date\":\"6\\/1\\/2013\"},\"32\":\"\",\"17\":\"dakotasolomon.com\",\"18\":\"http:\\/\\/\"}}', '2016-10-04 02:12:44', '2016-10-04 02:12:44', '44fde509-500a-4082-a5e1-bcde8235cae8'),
 ('221', '43', '4', '1', 'en_us', '22', '', '{\"typeId\":\"4\",\"authorId\":\"1\",\"title\":\"Daniel Boone Regional Library\",\"slug\":\"daniel-boone-regional-library\",\"postDate\":1375328160,\"expiryDate\":null,\"enabled\":1,\"parentId\":null,\"fields\":{\"1\":\"<p><a href=\\\"http:\\/\\/www.dbrl.org\\\" target=\\\"_blank\\\">DBRL<\\/a> maintained a number of different sites. Some were built in Drupal, others in Wordpress, and others were custom built systems that were dependent on data received from APIs. I&nbsp;had a hand in every one of these to some degree. This included maintaining the web server for the DBRL system.<\\/p>\\r\\n\\r\\n<h4>Sign Up System<\\/h4>\\r\\n\\r\\n\\r\\n\\r\\n\\r\\n\\r\\n\\r\\n\\r\\n\\r\\n\\r\\n\\r\\n\\r\\n\\r\\n\\r\\n<p>One of my biggest achievements at DBRL was the inception, design, and implementation of a system for library employees to use to sign patrons up for library events. Previously, employees had used literal sign-up sheets. This necessitated that all patrons signing up for events be routed through a single service desk. I&nbsp;recognized that a web based sign up system could be used from any service desk. I conferred with numerous employees throughout the design process in order to ensure that the user facing system would meet employees\' needs.<\\/p>\\r\\n\\r\\n\\r\\n\\r\\n\\r\\n\\r\\n\\r\\n\\r\\n\\r\\n\\r\\n\\r\\n\\r\\n\\r\\n\\r\\n<p> Furthermore, a web based system could be automatically generated from the library\'s existing program database whereas paper sheets had to be manually created each week.&nbsp;This meant that the new system had to be connected through the existing system via an API. In addition, the back end database had to be modified to accept some additional fields required for the sign up system.<\\/p>\\r\\n\\r\\n\\r\\n\\r\\n\\r\\n\\r\\n\\r\\n\\r\\n\\r\\n\\r\\n\\r\\n\\r\\n\\r\\n\\r\\n<h4>Mock Newbury Site<\\/h4>\\r\\n\\r\\n\\r\\n\\r\\n\\r\\n\\r\\n\\r\\n\\r\\n\\r\\n\\r\\n\\r\\n\\r\\n\\r\\n\\r\\n<p>Each year, DBRL&nbsp;holds a Mock <a href=\\\"http:\\/\\/www.ala.org\\/alsc\\/awardsgrants\\/bookmedia\\/newberymedal\\/newberymedal\\\" target=\\\"_blank\\\">Newbery<\\/a> program. Children participate in the selection of a book that meets the criteria for the Newery award. Each year, the library creates a new website for the new selection of books. This website was my sole responsibility for two years. I created the site in <a href=\\\"https:\\/\\/wordpress.org\\/\\\" target=\\\"_blank\\\">Wordpress<\\/a> using a child theme based on <a href=\\\"https:\\/\\/www.kadencethemes.com\\/product\\/virtue-free-theme\\/\\\" target=\\\"_blank\\\">Virtue<\\/a> by <a href=\\\"https:\\/\\/www.kadencethemes.com\\/\\\" target=\\\"_blank\\\">Kadence Themes<\\/a>. I&nbsp;then secured portions of the site to logged in users so that the kids could engage in active discussions without interference from internet trolls.&nbsp;<\\/p>\\r\\n\\r\\n\\r\\n\\r\\n\\r\\n\\r\\n\\r\\n\\r\\n\\r\\n\\r\\n\\r\\n\\r\\n<h4>Additional&nbsp;Responsibilities<\\/h4>\\r\\n\\r\\n\\r\\n\\r\\n\\r\\n\\r\\n\\r\\n\\r\\n\\r\\n\\r\\n\\r\\n\\r\\n<p>In addition to these responsibilities, I shared the responsibilities of web administration with one other employee. We maintained and improved about half a dozen websites, as well as bearing the responsibility for server maintenance, backups, and updates. He and I&nbsp;developed a number of new features for existing sites, both independently and collaboratively. We maintained constant accessibility and communication with library employees who were the end users of our products, as well as conducting usability tests with patrons who used the libary website.<\\/p>\",\"20\":{\"date\":\"6\\/15\\/2015\"},\"15\":\"1\",\"12\":{\"72\":{\"type\":\"image\",\"enabled\":\"1\",\"fields\":{\"image\":[\"55\"],\"focalPoint\":\"up down\",\"orientation\":\"portrait\",\"fill\":\"initial\"}}},\"11\":\"\",\"21\":\"<p>DBRL maintained a number of different sites.&nbsp;I&nbsp;had a hand in every one of them to some degree.&nbsp;<\\/p>\",\"37\":[\"59\",\"58\",\"57\",\"77\",\"76\",\"75\",\"78\"],\"19\":{\"date\":\"8\\/1\\/2013\"},\"32\":\"\",\"17\":\"www.dbrl.org\",\"18\":\"http:\\/\\/\"}}', '2016-10-04 02:13:14', '2016-10-04 02:13:14', '7e78c4bc-d97c-4518-ae05-41fd3ae8664a'),
 ('222', '92', '4', '1', 'en_us', '6', '', '{\"typeId\":\"4\",\"authorId\":\"1\",\"title\":\"Brooke Fletcher\",\"slug\":\"brooke-fletcher\",\"postDate\":1404177540,\"expiryDate\":null,\"enabled\":1,\"parentId\":null,\"fields\":{\"1\":\"<p>Brooke was a trained photographer who had turned her professional attention to web development and user experience. Her web development experience was primarily focused on enterprise content management systems that were too cumbersome and expensive for a personal portfolio site. Brooke sought my advice and assistance with setting up a Wordpress site.<\\/p>\\r\\n\\r\\n<p>I helped Brooke by guiding her through the Wordpress setup and installation process. I&nbsp;then gave her an overview of the plugin and theme system. As Brooke worked with the site, she inevitably ran into issues specific to Wordpress that weren\'t addressed through her prior web development experience. When she ran into those, I provided her with guidance from my experience, as well as relevant references for her further research.<\\/p>\\r\\n\\r\\n\\r\\n\\r\\n\\r\\n\\r\\n<p>After becoming displeased with the cost of&nbsp;her hosting provider, Brooke asked me to manage her hosting. I&nbsp;migrated Brooke\'s site to a server that I&nbsp;maintain on <a href=\\\"https:\\/\\/www.digitalocean.com\\/\\\" target=\\\"_blank\\\">Digital Ocean<\\/a>. During this process, I&nbsp;guided Brooke through the <a href=\\\"https:\\/\\/codex.wordpress.org\\/Moving_WordPress\\\" target=\\\"_blank\\\">Wordpress migration<\\/a> process, as well as DNS&nbsp;resolution for the new server. In addition to hosting, Brooke had been managing her domain name registration through <a href=\\\"https:\\/\\/www.godaddy.com\\/\\\" target=\\\"_blank\\\">GoDaddy<\\/a>. While migrating her site, she wanted to take the opportunity to also transfer her domain name registration to <a href=\\\"https:\\/\\/domains.google\\\" target=\\\"_blank\\\">Google<\\/a>.&nbsp;I&nbsp;helped Brooke with this process as well.<\\/p>\",\"20\":{\"date\":\"8\\/1\\/2014\"},\"15\":\"\",\"12\":{\"94\":{\"type\":\"image\",\"enabled\":\"1\",\"fields\":{\"image\":[\"93\"],\"focalPoint\":\"\",\"orientation\":\"landscape\",\"fill\":\"initial\"}}},\"11\":\"\",\"21\":\"<p>Brooke was a UX&nbsp;generalist with development experience using enterprise content management systems. I consulted with Brooke on using Wordpress to build her personal portfolio website.<\\/p>\",\"37\":[\"78\",\"75\",\"59\",\"86\"],\"19\":{\"date\":\"7\\/1\\/2014\"},\"32\":\"\",\"17\":\"brookefletcher.com\",\"18\":\"http:\\/\\/\"}}', '2016-10-04 02:13:35', '2016-10-04 02:13:35', '601fa4bc-0dc2-4ba8-9b42-8e069c54f9d4'),
 ('223', '25', '5', '1', 'en_us', '13', '', '{\"typeId\":\"6\",\"authorId\":\"1\",\"title\":\"Blue Car\",\"slug\":\"blue-car\",\"postDate\":1471573020,\"expiryDate\":null,\"enabled\":1,\"parentId\":null,\"fields\":{\"6\":\"<p>This was a 3x5 photo of me and my dad. The photo was grainy in addition to being small, making the painting incredibly difficult.&nbsp;It took me almost two years to complete, but I&nbsp;was incredibly pleased with the results.&nbsp;<\\/p>\",\"15\":\"\",\"14\":\"30% center\",\"22\":\"landscape\",\"7\":[\"24\"],\"5\":\"<p>Digital. Primarily done on a Samsung Note Pro with the AutoDesk SketchBook app. However, I&nbsp;tinkered with other programs as well.<\\/p>\",\"4\":\"\"}}', '2016-11-03 00:15:16', '2016-11-03 00:15:16', '3c53aeb6-c75f-47a6-bc07-02d05d9b29d6'),
 ('224', '25', '5', '1', 'en_us', '14', '', '{\"typeId\":\"6\",\"authorId\":\"1\",\"title\":\"Blue Car\",\"slug\":\"blue-car\",\"postDate\":1471573020,\"expiryDate\":null,\"enabled\":1,\"parentId\":null,\"fields\":{\"6\":\"<p>This was a 3x5 photo of me and my dad. The photo was grainy in addition to being small, making the painting incredibly difficult.&nbsp;It took me almost two years to complete, but I&nbsp;was incredibly pleased with the results.&nbsp;<\\/p>\",\"15\":\"1\",\"14\":\"30% center\",\"22\":\"landscape\",\"7\":[\"24\"],\"5\":\"<p>Digital. Primarily done on a Samsung Note Pro with the AutoDesk SketchBook app. However, I&nbsp;tinkered with other programs as well.<\\/p>\",\"4\":\"\"}}', '2016-11-03 00:17:55', '2016-11-03 00:17:55', '8db3a3ea-a054-4b5d-9ff4-5277f02cc816'),
 ('225', '69', '2', '1', 'en_us', '22', '', '{\"typeId\":\"21\",\"authorId\":\"1\",\"title\":\"I made some art... Or did I?\",\"slug\":\"i-made-some-art-or-did-i\",\"postDate\":1473607560,\"expiryDate\":null,\"enabled\":1,\"parentId\":null,\"fields\":{\"1\":\"<p>The question \\\"What is art?\\\" has always been of interest to me. The subjective nature of art often leaves us questioning whether or not something truly is art. Is it truly art if someone is just slinging paint against a canvas? What if it could have been done by a five-year-old?&nbsp;What if it&nbsp;<em>was<\\/em> done by a five-year-old?&nbsp;Nowadays, with computers, a new kind of question is arising:&nbsp;How much human intervention is required to make art?<\\/p>\\r\\n\\r\\n<p>The above image is a great example of this question. I put it together just to torture my coworkers. (I&nbsp;use it as the lock screen image on my computer.) It probably took me 20 minutes total.&nbsp;Still, one of my coworkers said, \\\"That looks like it could be hanging in a museum.\\\"&nbsp;Another replied, \\\"Not any museum I\'d go to.\\\"<\\/p>\\r\\n\\r\\n\\r\\n\\r\\n\\r\\n\\r\\n\\r\\n\\r\\n\\r\\n\\r\\n\\r\\n\\r\\n\\r\\n\\r\\n\\r\\n\\r\\n\\r\\n\\r\\n\\r\\n\\r\\n<p>The original was a selfie that I took at the dentist\'s office.<\\/p>\\r\\n\\r\\n\\r\\n\\r\\n\\r\\n\\r\\n\\r\\n\\r\\n\\r\\n\\r\\n\\r\\n\\r\\n\\r\\n\\r\\n\\r\\n\\r\\n\\r\\n\\r\\n\\r\\n\\r\\n<p><img class=\\\"image portrait\\\" src=\\\"http:\\/\\/localhost\\/dev\\/www\\/\\/assets\\/images\\/Dental-Terror-Original.jpg#asset:83:url\\\" alt=\\\"\\\" title=\\\"\\\"><\\/p>\\r\\n\\r\\n\\r\\n\\r\\n\\r\\n\\r\\n\\r\\n\\r\\n\\r\\n\\r\\n\\r\\n\\r\\n\\r\\n\\r\\n\\r\\n\\r\\n\\r\\n\\r\\n\\r\\n\\r\\n<p>I doubt anyone would call that art. The only thing about it that might qualify it as art is that it produces an emotional response. The composition is weird. It\'s fairly monochromatic. The lighting is flat. Other than the disgust and terror that I had in mind when I&nbsp;took it, it really doesn\'t offer much.&nbsp;<br><\\/p>\\r\\n\\r\\n\\r\\n\\r\\n\\r\\n\\r\\n\\r\\n\\r\\n\\r\\n\\r\\n\\r\\n\\r\\n\\r\\n\\r\\n\\r\\n\\r\\n\\r\\n\\r\\n\\r\\n\\r\\n<p>But, here\'s where it gets interesting..<\\/p>\\r\\n\\r\\n\\r\\n\\r\\n\\r\\n\\r\\n\\r\\n\\r\\n\\r\\n\\r\\n\\r\\n\\r\\n\\r\\n\\r\\n\\r\\n\\r\\n\\r\\n\\r\\n\\r\\n\\r\\n<p>I ran it through a couple of filters in <a href=\\\"https:\\/\\/play.google.com\\/store\\/apps\\/details?id=com.neuralprisma\\\" target=\\\"_blank\\\">Prisma<\\/a>, an Android app that applies art filters to photos. here are the most and least extreme modifications that I&nbsp;liked:<\\/p>\\r\\n\\r\\n\\r\\n\\r\\n\\r\\n\\r\\n\\r\\n\\r\\n\\r\\n\\r\\n\\r\\n\\r\\n\\r\\n\\r\\n\\r\\n\\r\\n\\r\\n\\r\\n\\r\\n\\r\\n<p><img class=\\\"image portrait\\\" src=\\\"http:\\/\\/localhost\\/dev\\/www\\/\\/assets\\/images\\/Dental-Terror-1.jpg#asset:84:url\\\" alt=\\\"Dental-Terror-1.jpg#asset:84\\\"><br><\\/p>\\r\\n\\r\\n\\r\\n\\r\\n\\r\\n\\r\\n\\r\\n\\r\\n\\r\\n\\r\\n\\r\\n\\r\\n\\r\\n\\r\\n\\r\\n\\r\\n\\r\\n\\r\\n\\r\\n\\r\\n<p><img class=\\\"image portrait\\\" src=\\\"http:\\/\\/localhost\\/dev\\/www\\/\\/assets\\/images\\/Dental-Terror-2.jpg#asset:85:url\\\" alt=\\\"Dental-Terror-2.jpg#asset:85\\\"><br><\\/p>\\r\\n\\r\\n\\r\\n\\r\\n\\r\\n\\r\\n\\r\\n\\r\\n\\r\\n\\r\\n\\r\\n\\r\\n\\r\\n\\r\\n\\r\\n\\r\\n\\r\\n\\r\\n\\r\\n\\r\\n<p>These were both literally&nbsp;one click options in the app. I&nbsp;flipped through all the options in the app and picked out the eight that I&nbsp;liked most. It probably took me five minutes, ten max.&nbsp;The next morning, I&nbsp;opened up <a href=\\\"https:\\/\\/inkscape.org\\/en\\/\\\" target=\\\"_blank\\\">Inkscape<\\/a> (because I\'m a bit more adept with that than I am <a href=\\\"http:\\/\\/www.gimp.org\\/\\\" target=\\\"_blank\\\">Gimp<\\/a>) and stitched them into the collage that you saw at the beginning of this post. It probably took me another 20 minutes to half an hour. The only real thought I put into the process was that when I&nbsp;had laid them all out in tiles, I&nbsp;realized that it was horribly off balance, so I&nbsp;rearranged a bit.&nbsp;<\\/p>\\r\\n\\r\\n\\r\\n\\r\\n\\r\\n\\r\\n\\r\\n\\r\\n\\r\\n\\r\\n\\r\\n\\r\\n\\r\\n\\r\\n<p>That\'s it. That\'s all I did, about an hour\'s worth of work.&nbsp;There was no Herculean effort.<\\/p>\\r\\n\\r\\n\\r\\n\\r\\n\\r\\n\\r\\n\\r\\n\\r\\n\\r\\n\\r\\n\\r\\n\\r\\n\\r\\n\\r\\n\\r\\n\\r\\n\\r\\n\\r\\n\\r\\n\\r\\n<p>In the process of writing this post, I Googled the definition of \\\"art\\\" because, after all,&nbsp;we\'re talking about definitions.&nbsp;<\\/p>\\r\\n\\r\\n\\r\\n\\r\\n\\r\\n\\r\\n\\r\\n\\r\\n\\r\\n\\r\\n\\r\\n\\r\\n\\r\\n\\r\\n\\r\\n\\r\\n\\r\\n\\r\\n\\r\\n\\r\\n<div class=\\\"blockquote-body-container\\\">\\r\\n<div class=\\\"icon-body-container\\\">\\r\\n<em class=\\\"fa fa-quote-left\\\"><\\/em>\\r\\n<div class=\\\"blockquote-body\\\">\\r\\n<p>the expression or application of human creative skill and imagination, typically in a visual form such as painting or sculpture, producing works to be appreciated primarily for their beauty or emotional power.<\\/p>\\r\\n<em class=\\\"fa fa-quote-right\\\"><\\/em>\\r\\n<\\/div>\\r\\n<\\/div>\\r\\n<\\/div>\\r\\n\\r\\n\\r\\n\\r\\n\\r\\n\\r\\n\\r\\n\\r\\n\\r\\n\\r\\n\\r\\n\\r\\n\\r\\n\\r\\n\\r\\n\\r\\n\\r\\n\\r\\n\\r\\n\\r\\n<p>\\\"Producing works to be appreciated\\\"&nbsp;was the direct opposite of my goal. I&nbsp;wanted to disgust and annoy. So that\'s not it.<\\/p>\\r\\n\\r\\n\\r\\n\\r\\n\\r\\n\\r\\n\\r\\n\\r\\n\\r\\n\\r\\n\\r\\n\\r\\n<p>So when did this become art? Is it when I&nbsp;chose the filters that complemented the image?&nbsp;Is it when I paused to rearrange the tiles? Or is it not even art at all? I\'m honestly not sure.&nbsp;<\\/p>\\r\\n\\r\\n\\r\\n\\r\\n\\r\\n\\r\\n\\r\\n\\r\\n\\r\\n\\r\\n\\r\\n\\r\\n<p>But I may stick it in my porftolio anyway.<\\/p>\",\"15\":\"1\",\"12\":{\"70\":{\"type\":\"image\",\"enabled\":\"1\",\"fields\":{\"image\":[\"68\"],\"focalPoint\":\"\",\"orientation\":\"landscape\",\"fill\":\"cover\"}}},\"14\":\"\",\"11\":\"<p>The question \\\"What is art?\\\" has always been of interest to me. The subjective nature of art often leaves us questioning whether or not something truly is art. Jackson Pollack\'s works are a prime example. Is it truly art if someone is just slinging paint against a canvas?&nbsp;This was the question of the day when Jackson broke into the scene.&nbsp;<\\/p>\\r\\n\\r\\n<p>Nowadays, with computers, a new kind of question is arising:&nbsp;How much human intervention is required to make art?<\\/p>\",\"22\":\"landscape\",\"21\":\"\"}}', '2016-11-03 00:21:46', '2016-11-03 00:21:46', '8b2ecba6-dcbe-4c39-9e6a-671f03fdd601'),
 ('226', '64', '2', '1', 'en_us', '13', '', '{\"typeId\":\"21\",\"authorId\":\"1\",\"title\":\"New Site!\",\"slug\":\"new-site\",\"postDate\":1473297780,\"expiryDate\":null,\"enabled\":1,\"parentId\":null,\"fields\":{\"1\":\"<p>If you\'ve been paying attention to my site, you\'ve probably noticed that it looks a little different than it used to. It\'s not just the look of the site though, it\'s a whole new website, inside and out. I\'ve completely rebuilt the site from the ground up in <a href=\\\"https:\\/\\/craftcms.com\\/\\\" target=\\\"_blank\\\">Craft<\\/a>. Craft offers a lot of development opportunities that were prohibitively time consuming in my old CMS, <a href=\\\"https:\\/\\/wordpress.org\\/\\\" target=\\\"_blank\\\">Wordpress<\\/a>. I\'ve already done a few things that I\'d been putting off in Wordpress and plan on doing quite a few more.&nbsp;<\\/p>\\r\\n\\r\\n<p>I&nbsp;first learned about Craft at my job with <a href=\\\"http:\\/\\/localhost\\/dev\\/www\\/web-development\\/say-insurance#entry:30:url\\\">Say Insurance<\\/a>. We&nbsp;were using Craft for the website that we built there. I&nbsp;found it to be a robust and flexible content management system. It does a very good job of separating the content from the functionality of the website. This makes development very easy. Wordpress ties functionality and settings&nbsp;into the content management system (and <a href=\\\"https:\\/\\/www.drupal.org\\/\\\" target=\\\"_blank\\\">Drupal<\\/a> does it even more so). Craft lets you define your content types however you want, with whatever fields you want, and then you decide what to do with them. This separation of content from settings and functionality means that you spend more&nbsp;time building and less time managing CMS&nbsp;settings.<\\/p>\\r\\n\\r\\n\\r\\n\\r\\n\\r\\n\\r\\n\\r\\n\\r\\n\\r\\n\\r\\n\\r\\n\\r\\n\\r\\n\\r\\n\\r\\n\\r\\n\\r\\n\\r\\n\\r\\n\\r\\n\\r\\n\\r\\n\\r\\n\\r\\n<p>One of the things that i\'d been wanting to do for a long time is build an <a href=\\\"http:\\/\\/jimchrsite.me\\/art\\\">art portfolio<\\/a>. Craft makes this super easy. I&nbsp;made a new content type, laid out the template, and that was it. With Wordpress, making a new content type isn\'t completely straight forward. And then, to make a new template with the features I wanted, I would have had to make a completely new&nbsp;plugin. This functionality is just built into Craft.<\\/p>\\r\\n\\r\\n\\r\\n\\r\\n\\r\\n\\r\\n\\r\\n\\r\\n\\r\\n\\r\\n\\r\\n\\r\\n<p>Craft also makes <a href=\\\"https:\\/\\/craftcms.com\\/docs\\/multi-environment-configs\\\" target=\\\"_blank\\\">multi-environment<\\/a> development easy as pie. You can simply define a base URL&nbsp;to a variable&nbsp;for each environment. Then you can use that variable in the Craft admin panel so that all the links on the site resolve to the correct environment. If this is possible in Wordpress, I&nbsp;have no idea how it\'s done.<\\/p>\\r\\n\\r\\n\\r\\n\\r\\n\\r\\n\\r\\n\\r\\n\\r\\n\\r\\n\\r\\n\\r\\n\\r\\n<p>Another advantage of this multi-environment configuration is that it\'s easy to set up variables to use with <a href=\\\"https:\\/\\/en.wikipedia.org\\/wiki\\/Feature_toggle\\\" target=\\\"_blank\\\">feature flags<\\/a>. I can define global variables that Craft sets based on the URL. This gives me the ability to easily hide and show features based on whether I\'m viewing my site on my local machine while I work, or if an end user such as yourself is looking at the site. I&nbsp;can set the feature as visible for me&nbsp;while it\'s in progress and not working correctly, but still hide it from the rest of the world. When it\'s ready for prime time, I&nbsp;simply remove the flag.&nbsp;<\\/p>\\r\\n\\r\\n\\r\\n\\r\\n\\r\\n\\r\\n\\r\\n\\r\\n\\r\\n\\r\\n<p>The makers of Craft claim that it\'s \\\"a great alternative to Wordpress if you\'re building a website.\\\"&nbsp;I&nbsp;find that to be true. Wordpress has grown out of a blogging platform, and that\'s evident in the difficulty of trying to build something beyond a blog with a few flat pages. Craft is a content management system first. By nature, this means that you can use it to build a blog site, but it also means that you can do so much more with it, with so much less work. I\'m very excited to be switching my site over to Craft. I\'m releasing it with a bare minimum of features, but you can be assured that the site will continue to evolve, making use of the flexibility of Craft.<\\/p>\",\"15\":\"1\",\"12\":{\"67\":{\"type\":\"image\",\"enabled\":\"1\",\"fields\":{\"image\":[\"66\"],\"focalPoint\":\"\",\"orientation\":\"landscape\",\"fill\":\"contain\"}}},\"14\":\"\",\"11\":\"<p>If you\'ve been paying attention to my site, you\'ve probably noticed that it looks a little different than it used to. It\'s not just the look of the site though, it\'s a whole new website, inside and out. I\'ve completely rebuilt the site from the ground up in&nbsp;<a href=\\\"https:\\/\\/craftcms.com\\/\\\" target=\\\"_blank\\\">Craft<\\/a>. Craft offers a lot of development opportunities that were prohibitively time consuming in my old CMS,&nbsp;<a href=\\\"https:\\/\\/wordpress.org\\/\\\" target=\\\"_blank\\\">Wordpress<\\/a>. I\'ve already done a few things that I\'d been putting off in Wordpress and plan on doing quite a few more.&nbsp;<\\/p>\",\"22\":\"landscape\",\"21\":\"\"}}', '2016-11-03 00:21:55', '2016-11-03 00:21:55', '2a4e9fd4-fa96-4df3-8ad3-5a237526925d'),
 ('227', '69', '2', '1', 'en_us', '23', '', '{\"typeId\":\"21\",\"authorId\":\"1\",\"title\":\"I made some art... Or did I?\",\"slug\":\"i-made-some-art-or-did-i\",\"postDate\":1473607560,\"expiryDate\":null,\"enabled\":1,\"parentId\":null,\"fields\":{\"1\":\"<p>The question \\\"What is art?\\\" has always been of interest to me. The subjective nature of art often leaves us questioning whether or not something truly is art. Is it truly art if someone is just slinging paint against a canvas? What if it could have been done by a five-year-old?&nbsp;What if it&nbsp;<em>was<\\/em> done by a five-year-old?&nbsp;Nowadays, with computers, a new kind of question is arising:&nbsp;How much human intervention is required to make art?<\\/p>\\r\\n\\r\\n<p>The above image is a great example of this question. I put it together just to torture my coworkers. (I&nbsp;use it as the lock screen image on my computer.) It probably took me 20 minutes total.&nbsp;Still, one of my coworkers said, \\\"That looks like it could be hanging in a museum.\\\"&nbsp;Another replied, \\\"Not any museum I\'d go to.\\\"<\\/p>\\r\\n\\r\\n\\r\\n\\r\\n\\r\\n\\r\\n\\r\\n\\r\\n\\r\\n\\r\\n\\r\\n\\r\\n\\r\\n\\r\\n\\r\\n\\r\\n\\r\\n\\r\\n\\r\\n\\r\\n\\r\\n\\r\\n<p>The original was a selfie that I took at the dentist\'s office.<\\/p>\\r\\n\\r\\n\\r\\n\\r\\n\\r\\n\\r\\n\\r\\n\\r\\n\\r\\n\\r\\n\\r\\n\\r\\n\\r\\n\\r\\n\\r\\n\\r\\n\\r\\n\\r\\n\\r\\n\\r\\n\\r\\n\\r\\n<p><img class=\\\"image portrait\\\" src=\\\"http:\\/\\/localhost\\/dev\\/www\\/\\/assets\\/images\\/Dental-Terror-Original.jpg#asset:83:url\\\" alt=\\\"\\\" title=\\\"\\\"><\\/p>\\r\\n\\r\\n\\r\\n\\r\\n\\r\\n\\r\\n\\r\\n\\r\\n\\r\\n\\r\\n\\r\\n\\r\\n\\r\\n\\r\\n\\r\\n\\r\\n\\r\\n\\r\\n\\r\\n\\r\\n\\r\\n\\r\\n<p>I doubt anyone would call that art. The only thing about it that might qualify it as art is that it produces an emotional response. The composition is weird. It\'s fairly monochromatic. The lighting is flat. Other than the disgust and terror that I had in mind when I&nbsp;took it, it really doesn\'t offer much.&nbsp;<br><\\/p>\\r\\n\\r\\n\\r\\n\\r\\n\\r\\n\\r\\n\\r\\n\\r\\n\\r\\n\\r\\n\\r\\n\\r\\n\\r\\n\\r\\n\\r\\n\\r\\n\\r\\n\\r\\n\\r\\n\\r\\n\\r\\n\\r\\n<p>But, here\'s where it gets interesting..<\\/p>\\r\\n\\r\\n\\r\\n\\r\\n\\r\\n\\r\\n\\r\\n\\r\\n\\r\\n\\r\\n\\r\\n\\r\\n\\r\\n\\r\\n\\r\\n\\r\\n\\r\\n\\r\\n\\r\\n\\r\\n\\r\\n\\r\\n<p>I ran it through a couple of filters in <a href=\\\"https:\\/\\/play.google.com\\/store\\/apps\\/details?id=com.neuralprisma\\\" target=\\\"_blank\\\">Prisma<\\/a>, an Android app that applies art filters to photos. here are the most and least extreme modifications that I&nbsp;liked:<\\/p>\\r\\n\\r\\n\\r\\n\\r\\n\\r\\n\\r\\n\\r\\n\\r\\n\\r\\n\\r\\n\\r\\n\\r\\n\\r\\n\\r\\n\\r\\n\\r\\n\\r\\n\\r\\n\\r\\n\\r\\n\\r\\n\\r\\n<p><img class=\\\"image portrait\\\" src=\\\"http:\\/\\/localhost\\/dev\\/www\\/\\/assets\\/images\\/Dental-Terror-1.jpg#asset:84:url\\\" alt=\\\"Dental-Terror-1.jpg#asset:84\\\"><br><\\/p>\\r\\n\\r\\n\\r\\n\\r\\n\\r\\n\\r\\n\\r\\n\\r\\n\\r\\n\\r\\n\\r\\n\\r\\n\\r\\n\\r\\n\\r\\n\\r\\n\\r\\n\\r\\n\\r\\n\\r\\n\\r\\n\\r\\n<p><img class=\\\"image portrait\\\" src=\\\"http:\\/\\/localhost\\/dev\\/www\\/\\/assets\\/images\\/Dental-Terror-2.jpg#asset:85:url\\\" alt=\\\"Dental-Terror-2.jpg#asset:85\\\"><br><\\/p>\\r\\n\\r\\n\\r\\n\\r\\n\\r\\n\\r\\n\\r\\n\\r\\n\\r\\n\\r\\n\\r\\n\\r\\n\\r\\n\\r\\n\\r\\n\\r\\n\\r\\n\\r\\n\\r\\n\\r\\n\\r\\n\\r\\n<p>These were both literally&nbsp;one click options in the app. I&nbsp;flipped through all the options in the app and picked out the eight that I&nbsp;liked most. It probably took me five minutes, ten max.&nbsp;The next morning, I&nbsp;opened up <a href=\\\"https:\\/\\/inkscape.org\\/en\\/\\\" target=\\\"_blank\\\">Inkscape<\\/a> (because I\'m a bit more adept with that than I am <a href=\\\"http:\\/\\/www.gimp.org\\/\\\" target=\\\"_blank\\\">Gimp<\\/a>) and stitched them into the collage that you saw at the beginning of this post. It probably took me another 20 minutes to half an hour. The only real thought I put into the process was that when I&nbsp;had laid them all out in tiles, I&nbsp;realized that it was horribly off balance, so I&nbsp;rearranged a bit.&nbsp;<\\/p>\\r\\n\\r\\n\\r\\n\\r\\n\\r\\n\\r\\n\\r\\n\\r\\n\\r\\n\\r\\n\\r\\n\\r\\n\\r\\n\\r\\n\\r\\n\\r\\n<p>That\'s it. That\'s all I did, about an hour\'s worth of work.&nbsp;There was no Herculean effort.<\\/p>\\r\\n\\r\\n\\r\\n\\r\\n\\r\\n\\r\\n\\r\\n\\r\\n\\r\\n\\r\\n\\r\\n\\r\\n\\r\\n\\r\\n\\r\\n\\r\\n\\r\\n\\r\\n\\r\\n\\r\\n\\r\\n\\r\\n<p>In the process of writing this post, I Googled the definition of \\\"art\\\" because, after all,&nbsp;we\'re talking about definitions.&nbsp;<\\/p>\\r\\n\\r\\n\\r\\n\\r\\n\\r\\n\\r\\n\\r\\n\\r\\n\\r\\n\\r\\n\\r\\n\\r\\n\\r\\n\\r\\n\\r\\n\\r\\n\\r\\n\\r\\n\\r\\n\\r\\n\\r\\n\\r\\n<div class=\\\"blockquote-body-container\\\">\\r\\n<div class=\\\"icon-body-container\\\">\\r\\n<em class=\\\"fa fa-quote-left\\\"><\\/em>\\r\\n<div class=\\\"blockquote-body\\\">\\r\\n<p>the expression or application of human creative skill and imagination, typically in a visual form such as painting or sculpture, producing works to be appreciated primarily for their beauty or emotional power.<\\/p>\\r\\n<em class=\\\"fa fa-quote-right\\\"><\\/em>\\r\\n<\\/div>\\r\\n<\\/div>\\r\\n<\\/div>\\r\\n\\r\\n\\r\\n\\r\\n\\r\\n\\r\\n\\r\\n\\r\\n\\r\\n\\r\\n\\r\\n\\r\\n\\r\\n\\r\\n\\r\\n\\r\\n\\r\\n\\r\\n\\r\\n\\r\\n\\r\\n\\r\\n<p>\\\"Producing works to be appreciated\\\"&nbsp;was the direct opposite of my goal. I&nbsp;wanted to disgust and annoy. So that\'s not it.<\\/p>\\r\\n\\r\\n\\r\\n\\r\\n\\r\\n\\r\\n\\r\\n\\r\\n\\r\\n\\r\\n\\r\\n\\r\\n\\r\\n\\r\\n<p>So when did this become art? Is it when I&nbsp;chose the filters that complemented the image?&nbsp;Is it when I paused to rearrange the tiles? Or is it not even art at all? I\'m honestly not sure.&nbsp;<\\/p>\\r\\n\\r\\n\\r\\n\\r\\n\\r\\n\\r\\n\\r\\n\\r\\n\\r\\n\\r\\n\\r\\n\\r\\n\\r\\n\\r\\n<p>But I may stick it in my porftolio anyway.<\\/p>\",\"40\":[\"96\"],\"15\":\"1\",\"12\":{\"70\":{\"type\":\"image\",\"enabled\":\"1\",\"fields\":{\"image\":[\"68\"],\"focalPoint\":\"\",\"orientation\":\"landscape\",\"fill\":\"cover\"}}},\"14\":\"\",\"11\":\"<p>The question \\\"What is art?\\\" has always been of interest to me. The subjective nature of art often leaves us questioning whether or not something truly is art. Jackson Pollack\'s works are a prime example. Is it truly art if someone is just slinging paint against a canvas?&nbsp;This was the question of the day when Jackson broke into the scene.&nbsp;<\\/p>\\r\\n\\r\\n<p>Nowadays, with computers, a new kind of question is arising:&nbsp;How much human intervention is required to make art?<\\/p>\",\"22\":\"landscape\",\"21\":\"\"}}', '2016-11-03 00:34:27', '2016-11-03 00:34:27', 'c6eb850d-4a58-46a1-853a-246ba2fbf475');
INSERT INTO `craft_entryversions` (`id`, `entryId`, `sectionId`, `creatorId`, `locale`, `num`, `notes`, `data`, `dateCreated`, `dateUpdated`, `uid`) VALUES
 ('228', '64', '2', '1', 'en_us', '14', '', '{\"typeId\":\"21\",\"authorId\":\"1\",\"title\":\"New Site!\",\"slug\":\"new-site\",\"postDate\":1473297780,\"expiryDate\":null,\"enabled\":1,\"parentId\":null,\"fields\":{\"1\":\"<p>If you\'ve been paying attention to my site, you\'ve probably noticed that it looks a little different than it used to. It\'s not just the look of the site though, it\'s a whole new website, inside and out. I\'ve completely rebuilt the site from the ground up in <a href=\\\"https:\\/\\/craftcms.com\\/\\\" target=\\\"_blank\\\">Craft<\\/a>. Craft offers a lot of development opportunities that were prohibitively time consuming in my old CMS, <a href=\\\"https:\\/\\/wordpress.org\\/\\\" target=\\\"_blank\\\">Wordpress<\\/a>. I\'ve already done a few things that I\'d been putting off in Wordpress and plan on doing quite a few more.&nbsp;<\\/p>\\r\\n\\r\\n<p>I&nbsp;first learned about Craft at my job with <a href=\\\"http:\\/\\/localhost\\/dev\\/www\\/web-development\\/say-insurance#entry:30:url\\\">Say Insurance<\\/a>. We&nbsp;were using Craft for the website that we built there. I&nbsp;found it to be a robust and flexible content management system. It does a very good job of separating the content from the functionality of the website. This makes development very easy. Wordpress ties functionality and settings&nbsp;into the content management system (and <a href=\\\"https:\\/\\/www.drupal.org\\/\\\" target=\\\"_blank\\\">Drupal<\\/a> does it even more so). Craft lets you define your content types however you want, with whatever fields you want, and then you decide what to do with them. This separation of content from settings and functionality means that you spend more&nbsp;time building and less time managing CMS&nbsp;settings.<\\/p>\\r\\n\\r\\n\\r\\n\\r\\n\\r\\n\\r\\n\\r\\n\\r\\n\\r\\n\\r\\n\\r\\n\\r\\n\\r\\n\\r\\n\\r\\n\\r\\n\\r\\n\\r\\n\\r\\n\\r\\n\\r\\n\\r\\n\\r\\n\\r\\n\\r\\n\\r\\n<p>One of the things that i\'d been wanting to do for a long time is build an <a href=\\\"http:\\/\\/jimchrsite.me\\/art\\\">art portfolio<\\/a>. Craft makes this super easy. I&nbsp;made a new content type, laid out the template, and that was it. With Wordpress, making a new content type isn\'t completely straight forward. And then, to make a new template with the features I wanted, I would have had to make a completely new&nbsp;plugin. This functionality is just built into Craft.<\\/p>\\r\\n\\r\\n\\r\\n\\r\\n\\r\\n\\r\\n\\r\\n\\r\\n\\r\\n\\r\\n\\r\\n\\r\\n\\r\\n\\r\\n<p>Craft also makes <a href=\\\"https:\\/\\/craftcms.com\\/docs\\/multi-environment-configs\\\" target=\\\"_blank\\\">multi-environment<\\/a> development easy as pie. You can simply define a base URL&nbsp;to a variable&nbsp;for each environment. Then you can use that variable in the Craft admin panel so that all the links on the site resolve to the correct environment. If this is possible in Wordpress, I&nbsp;have no idea how it\'s done.<\\/p>\\r\\n\\r\\n\\r\\n\\r\\n\\r\\n\\r\\n\\r\\n\\r\\n\\r\\n\\r\\n\\r\\n\\r\\n\\r\\n\\r\\n<p>Another advantage of this multi-environment configuration is that it\'s easy to set up variables to use with <a href=\\\"https:\\/\\/en.wikipedia.org\\/wiki\\/Feature_toggle\\\" target=\\\"_blank\\\">feature flags<\\/a>. I can define global variables that Craft sets based on the URL. This gives me the ability to easily hide and show features based on whether I\'m viewing my site on my local machine while I work, or if an end user such as yourself is looking at the site. I&nbsp;can set the feature as visible for me&nbsp;while it\'s in progress and not working correctly, but still hide it from the rest of the world. When it\'s ready for prime time, I&nbsp;simply remove the flag.&nbsp;<\\/p>\\r\\n\\r\\n\\r\\n\\r\\n\\r\\n\\r\\n\\r\\n\\r\\n\\r\\n\\r\\n\\r\\n\\r\\n<p>The makers of Craft claim that it\'s \\\"a great alternative to Wordpress if you\'re building a website.\\\"&nbsp;I&nbsp;find that to be true. Wordpress has grown out of a blogging platform, and that\'s evident in the difficulty of trying to build something beyond a blog with a few flat pages. Craft is a content management system first. By nature, this means that you can use it to build a blog site, but it also means that you can do so much more with it, with so much less work. I\'m very excited to be switching my site over to Craft. I\'m releasing it with a bare minimum of features, but you can be assured that the site will continue to evolve, making use of the flexibility of Craft.<\\/p>\",\"40\":[\"95\"],\"15\":\"1\",\"12\":{\"67\":{\"type\":\"image\",\"enabled\":\"1\",\"fields\":{\"image\":[\"66\"],\"focalPoint\":\"\",\"orientation\":\"landscape\",\"fill\":\"contain\"}}},\"14\":\"\",\"11\":\"<p>If you\'ve been paying attention to my site, you\'ve probably noticed that it looks a little different than it used to. It\'s not just the look of the site though, it\'s a whole new website, inside and out. I\'ve completely rebuilt the site from the ground up in&nbsp;<a href=\\\"https:\\/\\/craftcms.com\\/\\\" target=\\\"_blank\\\">Craft<\\/a>. Craft offers a lot of development opportunities that were prohibitively time consuming in my old CMS,&nbsp;<a href=\\\"https:\\/\\/wordpress.org\\/\\\" target=\\\"_blank\\\">Wordpress<\\/a>. I\'ve already done a few things that I\'d been putting off in Wordpress and plan on doing quite a few more.&nbsp;<\\/p>\",\"22\":\"landscape\",\"21\":\"\"}}', '2016-11-03 00:34:43', '2016-11-03 00:34:43', '546d1a28-6ebd-45ef-853d-77b5d21ee52c'),
 ('229', '65', '11', '1', 'en_us', '8', '', '{\"typeId\":\"15\",\"authorId\":\"1\",\"title\":\"Joe Blow\",\"slug\":\"joe-blow\",\"postDate\":1473298740,\"expiryDate\":null,\"enabled\":0,\"parentId\":null,\"fields\":{\"1\":\"<p>Jim is the bestest person I\'ve ever worked with. He\'s so freaking awesome.<\\/p>\",\"39\":\"Swell Guy, Inc.\",\"7\":[\"26\"],\"38\":\"CEO\"}}', '2016-11-08 01:03:58', '2016-11-08 01:03:58', 'a5d35c9b-c999-491e-ae92-e5d61ef31c1a'),
 ('230', '98', '5', '1', 'en_us', '1', '', '{\"typeId\":\"6\",\"authorId\":\"1\",\"title\":\"McCurdys\",\"slug\":\"mccurdys\",\"postDate\":1479174601,\"expiryDate\":null,\"enabled\":1,\"parentId\":null,\"fields\":{\"6\":\"\",\"15\":\"1\",\"14\":\"center top\",\"22\":\"portrait\",\"7\":[\"97\"],\"5\":\"\",\"4\":\"\"}}', '2016-11-15 01:50:01', '2016-11-15 01:50:01', '1f733400-cdfc-46e8-a5b4-a02387587b90'),
 ('231', '98', '5', '1', 'en_us', '2', '', '{\"typeId\":\"6\",\"authorId\":\"1\",\"title\":\"McCurdys\",\"slug\":\"mccurdys\",\"postDate\":1479174600,\"expiryDate\":null,\"enabled\":1,\"parentId\":null,\"fields\":{\"6\":\"<p>These are my grandparents. This is the first digital painting I&nbsp;did.<\\/p>\",\"15\":\"1\",\"14\":\"center top\",\"22\":\"portrait\",\"7\":[\"97\"],\"5\":\"<p>Digital. Because this was my first digital work, it was done on a variety of devices with several different apps.&nbsp;I bounced from one to the other, experimenting with each.<\\/p>\",\"4\":\"\"}}', '2016-11-15 01:55:56', '2016-11-15 01:55:56', 'c5921562-8961-42ee-ba6c-b5600bfb98ef'),
 ('232', '98', '5', '1', 'en_us', '3', '', '{\"typeId\":\"6\",\"authorId\":\"1\",\"title\":\"McCurdys\",\"slug\":\"mccurdys\",\"postDate\":1479174600,\"expiryDate\":null,\"enabled\":1,\"parentId\":null,\"fields\":{\"6\":\"<p>These are my grandparents. This is the first digital painting I&nbsp;did.<\\/p>\",\"15\":\"\",\"14\":\"center 20%\",\"22\":\"portrait\",\"7\":[\"97\"],\"5\":\"<p>Digital. Because this was my first digital work, it was done on a variety of devices with several different apps.&nbsp;I bounced from one to the other, experimenting with each.<\\/p>\",\"4\":\"\"}}', '2016-11-15 01:58:06', '2016-11-15 01:58:06', '3b29760d-60d6-46b9-8619-dfaa78766a93'),
 ('233', '100', '5', '1', 'en_us', '1', '', '{\"typeId\":\"6\",\"authorId\":\"1\",\"title\":\"Manatee\",\"slug\":\"manatee\",\"postDate\":1479175192,\"expiryDate\":null,\"enabled\":1,\"parentId\":null,\"fields\":{\"6\":\"<p>My little sister absolutely loves manatees. I painted this for her for Christmas one year.<\\/p>\",\"15\":\"1\",\"14\":\"\",\"22\":\"landscape\",\"7\":[\"99\"],\"5\":\"<p>Acrylic on canvas.<\\/p>\",\"4\":\"\"}}', '2016-11-15 01:59:52', '2016-11-15 01:59:52', 'a092e0d2-ed6d-4c74-ad8d-0ea525084dd5'),
 ('234', '98', '5', '1', 'en_us', '4', '', '{\"typeId\":\"6\",\"authorId\":\"1\",\"title\":\"McCurdys\",\"slug\":\"mccurdys\",\"postDate\":1479174600,\"expiryDate\":null,\"enabled\":1,\"parentId\":null,\"fields\":{\"6\":\"<p>These are my grandparents. This is the first digital painting I&nbsp;did.<\\/p>\",\"15\":\"\",\"14\":\"center 20%\",\"22\":\"portrait\",\"7\":[\"97\"],\"5\":\"<p>Digital. Because this was my first digital work, it was done on a variety of devices with several different apps.&nbsp;I bounced from one to the other, experimenting with each.<\\/p>\",\"4\":\"\"}}', '2016-11-15 02:00:06', '2016-11-15 02:00:06', 'a073eb58-17c1-40a3-bf39-434666befc63'),
 ('235', '100', '5', '1', 'en_us', '2', '', '{\"typeId\":\"6\",\"authorId\":\"1\",\"title\":\"Manatee\",\"slug\":\"manatee\",\"postDate\":1352944740,\"expiryDate\":null,\"enabled\":1,\"parentId\":null,\"fields\":{\"6\":\"<p>My little sister absolutely loves manatees. I painted this for her for Christmas one year.<\\/p>\",\"15\":\"1\",\"14\":\"\",\"22\":\"landscape\",\"7\":[\"99\"],\"5\":\"<p>Acrylic on canvas.<\\/p>\",\"4\":\"\"}}', '2016-11-15 02:00:23', '2016-11-15 02:00:23', '8a1ed097-6b57-4031-b114-11ce181888bf'),
 ('236', '98', '5', '1', 'en_us', '5', '', '{\"typeId\":\"6\",\"authorId\":\"1\",\"title\":\"McCurdys\",\"slug\":\"mccurdys\",\"postDate\":1416016200,\"expiryDate\":null,\"enabled\":1,\"parentId\":null,\"fields\":{\"6\":\"<p>These are my grandparents. This is the first digital painting I&nbsp;did.<\\/p>\",\"15\":\"\",\"14\":\"center 20%\",\"22\":\"portrait\",\"7\":[\"97\"],\"5\":\"<p>Digital. Because this was my first digital work, it was done on a variety of devices with several different apps.&nbsp;I bounced from one to the other, experimenting with each.<\\/p>\",\"4\":\"\"}}', '2016-11-15 02:01:07', '2016-11-15 02:01:07', 'cc83467d-6732-4adf-a0b9-3d4cb0b2b510'),
 ('237', '100', '5', '1', 'en_us', '3', '', '{\"typeId\":\"6\",\"authorId\":\"1\",\"title\":\"Manatee\",\"slug\":\"manatee\",\"postDate\":1479175140,\"expiryDate\":null,\"enabled\":1,\"parentId\":null,\"fields\":{\"6\":\"<p>My little sister absolutely loves manatees. I painted this for her for Christmas one year.<\\/p>\",\"15\":\"1\",\"14\":\"\",\"22\":\"landscape\",\"7\":[\"99\"],\"5\":\"<p>Acrylic on canvas.<\\/p>\",\"4\":\"\"}}', '2016-11-15 02:05:22', '2016-11-15 02:05:22', '46afd578-0980-481e-bcec-09be17b48109'),
 ('238', '100', '5', '1', 'en_us', '4', '', '{\"typeId\":\"6\",\"authorId\":\"1\",\"title\":\"Manatee\",\"slug\":\"manatee\",\"postDate\":1479175140,\"expiryDate\":null,\"enabled\":1,\"parentId\":null,\"fields\":{\"6\":\"<p>My little sister absolutely loves manatees. I painted this for her for Christmas one year.<\\/p>\",\"15\":\"\",\"14\":\"\",\"22\":\"landscape\",\"7\":[\"99\"],\"5\":\"<p>Acrylic on canvas.<\\/p>\",\"4\":\"\"}}', '2016-11-15 02:15:19', '2016-11-15 02:15:19', '67d9740f-f6d8-4566-8a88-7998751d07f5'),
 ('239', '17', '5', '1', 'en_us', '8', '', '{\"typeId\":\"7\",\"authorId\":\"1\",\"title\":\"Untitled\",\"slug\":\"untitled\",\"postDate\":1470706860,\"expiryDate\":null,\"enabled\":1,\"parentId\":null,\"fields\":{\"6\":\"<p>This was a project in a painting class in college. The assignment was to create a painting by pouring paint on the canvas. This was the second iteration of this assignment. The first was criticized by the professor as being too layered. My professor didn\'t like that he cold tell the order that the paint was poured onto the canvas, though I&nbsp;disagreed. However, in the interest of getting a good grade, I&nbsp;pushed my painting as far from that criticism as I&nbsp;could. This was the result, which I&nbsp;have been incredibly pleased with.<\\/p>\",\"15\":\"\",\"14\":\"center top\",\"22\":\"portrait\",\"7\":[\"19\"],\"5\":\"<p>Acrylic on canvas.<\\/p>\\r\\n<p>Applied by mixing paint with water and pouring it onto the canvas. I&nbsp;then manipulated the canvas to force the paint to flow in different directions.<\\/p>\",\"4\":\"\"}}', '2016-11-15 02:16:04', '2016-11-15 02:16:04', '273ace64-8a5a-48bb-b920-58f00d209689'),
 ('240', '100', '5', '1', 'en_us', '5', '', '{\"typeId\":\"6\",\"authorId\":\"1\",\"title\":\"Manatee\",\"slug\":\"manatee\",\"postDate\":1479175140,\"expiryDate\":null,\"enabled\":1,\"parentId\":null,\"fields\":{\"6\":\"<p>My little sister absolutely loves manatees. I painted this for her for Christmas one year.<\\/p>\",\"15\":\"\",\"14\":\"\",\"22\":\"portrait\",\"7\":[\"99\"],\"5\":\"<p>Acrylic on canvas.<\\/p>\",\"4\":\"\"}}', '2016-11-15 02:19:37', '2016-11-15 02:19:37', '879bd048-eb4e-40fb-a28d-6eafdc1fc751'),
 ('241', '102', '5', '1', 'en_us', '1', '', '{\"typeId\":\"6\",\"authorId\":\"1\",\"title\":\"Ariel\",\"slug\":\"ariel\",\"postDate\":1448928000,\"expiryDate\":null,\"enabled\":1,\"parentId\":null,\"fields\":{\"6\":\"<p>This was my mom\'s cat. When she died, I knew that my mom would like to have a painting of her.<\\/p>\",\"15\":\"\",\"14\":\"\",\"22\":\"landscape\",\"7\":[\"101\"],\"5\":\"<p>Digital. Created with Autodesk Sketchbook on a Samsung Galaxy Note Pro.&nbsp;<\\/p>\",\"4\":\"\"}}', '2016-11-16 00:39:30', '2016-11-16 00:39:30', 'a57cfc41-41d7-4d8f-8964-c0fdb439a701'),
 ('242', '102', '5', '1', 'en_us', '2', '', '{\"typeId\":\"6\",\"authorId\":\"1\",\"title\":\"Ariel\",\"slug\":\"ariel\",\"postDate\":1448928000,\"expiryDate\":null,\"enabled\":1,\"parentId\":null,\"fields\":{\"6\":\"<p>This was my mom\'s cat. When she died, I knew that my mom would like to have a painting of her.<\\/p>\",\"15\":\"\",\"14\":\"\",\"22\":\"landscape\",\"7\":[\"101\"],\"5\":\"<p>Digital. Created with Autodesk Sketchbook on a Samsung Galaxy Note Pro.&nbsp;<\\/p>\",\"4\":\"\"}}', '2016-11-16 00:39:43', '2016-11-16 00:39:43', '5db3bad3-1787-4850-a2dc-535798be50ec'),
 ('243', '100', '5', '1', 'en_us', '6', '', '{\"typeId\":\"7\",\"authorId\":\"1\",\"title\":\"Manatee\",\"slug\":\"manatee\",\"postDate\":1479175140,\"expiryDate\":null,\"enabled\":1,\"parentId\":null,\"fields\":{\"6\":\"<p>My little sister absolutely loves manatees. I painted this for her for Christmas one year.<\\/p>\",\"15\":\"\",\"14\":\"\",\"22\":\"portrait\",\"7\":[\"99\"],\"5\":\"<p>Acrylic on canvas.<\\/p>\",\"4\":\"\"}}', '2016-11-16 00:55:09', '2016-11-16 00:55:09', '710a4717-43d0-4363-8f78-011425da8061'),
 ('244', '100', '5', '1', 'en_us', '7', '', '{\"typeId\":\"22\",\"authorId\":\"1\",\"title\":\"Manatee\",\"slug\":\"manatee\",\"postDate\":1479175140,\"expiryDate\":null,\"enabled\":1,\"parentId\":null,\"fields\":{\"6\":\"<p>My little sister absolutely loves manatees. I painted this for her for Christmas one year.<\\/p>\",\"15\":\"\",\"12\":\"\",\"14\":\"\",\"22\":\"portrait\",\"7\":[\"99\"],\"5\":\"<p>Acrylic on canvas.<\\/p>\"}}', '2016-11-16 01:11:39', '2016-11-16 01:11:39', 'f21417fc-3c0d-49be-8a0c-b669c4e3329f'),
 ('245', '100', '5', '1', 'en_us', '8', '', '{\"typeId\":\"22\",\"authorId\":\"1\",\"title\":\"Manatee\",\"slug\":\"manatee\",\"postDate\":1479175140,\"expiryDate\":null,\"enabled\":1,\"parentId\":null,\"fields\":{\"41\":[\"103\"],\"6\":\"<p>My little sister absolutely loves manatees. I painted this for her for Christmas one year.<\\/p>\",\"15\":\"\",\"12\":\"\",\"14\":\"\",\"22\":\"portrait\",\"7\":[\"99\"],\"5\":\"<p>Acrylic on canvas.<\\/p>\"}}', '2016-11-16 01:18:49', '2016-11-16 01:18:49', '530735ec-b336-412e-92df-b448a9debd95'),
 ('246', '100', '5', '1', 'en_us', '9', '', '{\"typeId\":\"22\",\"authorId\":\"1\",\"title\":\"Manatee\",\"slug\":\"manatee\",\"postDate\":1479175140,\"expiryDate\":null,\"enabled\":1,\"parentId\":null,\"fields\":{\"41\":[\"103\"],\"6\":\"<p>My little sister absolutely loves manatees. I painted this for her for Christmas one year.<\\/p>\",\"15\":\"\",\"12\":\"\",\"14\":\"\",\"22\":\"portrait\",\"7\":[\"99\"],\"5\":\"<p>Acrylic on canvas.<\\/p>\"}}', '2016-11-16 01:19:27', '2016-11-16 01:19:27', '843fd873-036e-4ceb-86a9-83749c1b1f66'),
 ('247', '25', '5', '1', 'en_us', '15', '', '{\"typeId\":\"22\",\"authorId\":\"1\",\"title\":\"Blue Car\",\"slug\":\"blue-car\",\"postDate\":1471573020,\"expiryDate\":null,\"enabled\":1,\"parentId\":null,\"fields\":{\"41\":[\"104\"],\"6\":\"<p>This was a 3x5 photo of me and my dad. The photo was grainy in addition to being small, making the painting incredibly difficult.&nbsp;It took me almost two years to complete, but I&nbsp;was incredibly pleased with the results.&nbsp;<\\/p>\",\"15\":\"1\",\"12\":\"\",\"14\":\"30% center\",\"22\":\"landscape\",\"7\":[\"24\"],\"5\":\"<p>Digital. Primarily done on a Samsung Note Pro with the AutoDesk SketchBook app. However, I&nbsp;tinkered with other programs as well.<\\/p>\"}}', '2016-11-16 01:21:04', '2016-11-16 01:21:04', 'ba28c169-822e-4a8f-b44d-819a221d3af6'),
 ('248', '23', '5', '1', 'en_us', '12', '', '{\"typeId\":\"22\",\"authorId\":\"1\",\"title\":\"Puer\",\"slug\":\"puer\",\"postDate\":1471488420,\"expiryDate\":null,\"enabled\":1,\"parentId\":null,\"fields\":{\"41\":[\"104\"],\"6\":\"<p>One of my cats.&nbsp;He loves having his armpits scratched.&nbsp;<\\/p>\",\"15\":\"1\",\"12\":\"\",\"14\":\"right center\",\"22\":\"landscape\",\"7\":[\"22\"],\"5\":\"<p>Digital. I&nbsp;experimented quite a bit with this one. I&nbsp;started out using Artflow on a Samsung Note 8.0, but finished it in AutoDesk SketchBook on a Samsung Note Pro.<\\/p>\"}}', '2016-11-16 01:21:27', '2016-11-16 01:21:27', '61f46814-01cd-4556-b9c5-8379cb9296b0'),
 ('249', '23', '5', '1', 'en_us', '13', '', '{\"typeId\":\"22\",\"authorId\":\"1\",\"title\":\"Puer\",\"slug\":\"puer\",\"postDate\":1471488420,\"expiryDate\":null,\"enabled\":1,\"parentId\":null,\"fields\":{\"41\":[\"104\"],\"6\":\"<p>One of my cats.&nbsp;He loves having his armpits scratched.&nbsp;<\\/p>\",\"15\":\"1\",\"12\":\"\",\"14\":\"right center\",\"22\":\"landscape\",\"7\":[\"22\"],\"5\":\"<p>Digital. I&nbsp;experimented quite a bit with this one. I&nbsp;started out using Artflow on a Samsung Note 8.0, but finished it in AutoDesk SketchBook on a Samsung Note Pro.<\\/p>\"}}', '2016-11-16 01:21:42', '2016-11-16 01:21:42', '18cd070e-8abe-4b0b-8292-049a6d4ba0e5'),
 ('250', '21', '5', '1', 'en_us', '5', '', '{\"typeId\":\"22\",\"authorId\":\"1\",\"title\":\"Puella\",\"slug\":\"puella\",\"postDate\":1471485780,\"expiryDate\":null,\"enabled\":1,\"parentId\":null,\"fields\":{\"41\":[\"104\"],\"6\":\"<p>This is one of my cats. She\'s the best. And the worst.<\\/p>\",\"15\":\"1\",\"12\":\"\",\"14\":\"center center\",\"22\":\"landscape\",\"7\":[\"20\"],\"5\":\"<p>Digital. Created with AutoDesk Sketchbook on a Samsung Note Pro.<\\/p>\"}}', '2016-11-16 01:22:20', '2016-11-16 01:22:20', '3cd364d7-3127-4522-94e0-2aeed4112112'),
 ('251', '17', '5', '1', 'en_us', '9', '', '{\"typeId\":\"22\",\"authorId\":\"1\",\"title\":\"Untitled\",\"slug\":\"untitled\",\"postDate\":1470706860,\"expiryDate\":null,\"enabled\":1,\"parentId\":null,\"fields\":{\"41\":[\"103\"],\"6\":\"<p>This was a project in a painting class in college. The assignment was to create a painting by pouring paint on the canvas. This was the second iteration of this assignment. The first was criticized by the professor as being too layered. My professor didn\'t like that he cold tell the order that the paint was poured onto the canvas, though I&nbsp;disagreed. However, in the interest of getting a good grade, I&nbsp;pushed my painting as far from that criticism as I&nbsp;could. This was the result, which I&nbsp;have been incredibly pleased with.<\\/p>\",\"15\":\"\",\"12\":\"\",\"14\":\"center top\",\"22\":\"portrait\",\"7\":[\"19\"],\"5\":\"<p>Acrylic on canvas.<\\/p>\\r\\n<p>Applied by mixing paint with water and pouring it onto the canvas. I&nbsp;then manipulated the canvas to force the paint to flow in different directions.<\\/p>\"}}', '2016-11-16 01:22:47', '2016-11-16 01:22:47', 'c4a2fa57-4ee0-4d26-965e-67538416b823'),
 ('252', '102', '5', '1', 'en_us', '3', '', '{\"typeId\":\"22\",\"authorId\":\"1\",\"title\":\"Ariel\",\"slug\":\"ariel\",\"postDate\":1448928000,\"expiryDate\":null,\"enabled\":1,\"parentId\":null,\"fields\":{\"41\":[\"104\"],\"6\":\"<p>This was my mom\'s cat. When she died, I knew that my mom would like to have a painting of her.<\\/p>\",\"15\":\"\",\"12\":\"\",\"14\":\"\",\"22\":\"landscape\",\"7\":[\"101\"],\"5\":\"<p>Digital. Created with Autodesk Sketchbook on a Samsung Galaxy Note Pro.&nbsp;<\\/p>\"}}', '2016-11-16 01:23:20', '2016-11-16 01:23:20', '2b50773b-b3fc-47f6-a06c-edc022038fcb'),
 ('253', '98', '5', '1', 'en_us', '6', '', '{\"typeId\":\"22\",\"authorId\":\"1\",\"title\":\"McCurdys\",\"slug\":\"mccurdys\",\"postDate\":1416016200,\"expiryDate\":null,\"enabled\":1,\"parentId\":null,\"fields\":{\"41\":[\"104\"],\"6\":\"<p>These are my grandparents. This is the first digital painting I&nbsp;did.<\\/p>\",\"15\":\"\",\"12\":\"\",\"14\":\"center 20%\",\"22\":\"portrait\",\"7\":[\"97\"],\"5\":\"<p>Digital. Because this was my first digital work, it was done on a variety of devices with several different apps.&nbsp;I bounced from one to the other, experimenting with each.<\\/p>\"}}', '2016-11-16 01:24:11', '2016-11-16 01:24:11', '7d065c1b-8243-4618-a68c-a21408cbbd3c'),
 ('254', '100', '5', '1', 'en_us', '10', '', '{\"typeId\":\"22\",\"authorId\":\"1\",\"title\":\"Manatee\",\"slug\":\"manatee\",\"postDate\":1479175140,\"expiryDate\":null,\"enabled\":1,\"parentId\":null,\"fields\":{\"41\":[\"103\"],\"6\":\"<p>My little sister absolutely loves manatees. I painted this for her for Christmas one year.<\\/p>\",\"15\":\"\",\"12\":\"\",\"14\":\"\",\"22\":\"portrait\",\"7\":[\"99\"],\"5\":\"<p>Acrylic on canvas.<\\/p>\"}}', '2016-11-16 01:24:18', '2016-11-16 01:24:18', '19f02c4e-7a3a-4003-904b-179c6eb24cc7'),
 ('255', '25', '5', '1', 'en_us', '16', '', '{\"typeId\":\"22\",\"authorId\":\"1\",\"title\":\"Blue Car\",\"slug\":\"blue-car\",\"postDate\":1471573020,\"expiryDate\":null,\"enabled\":1,\"parentId\":null,\"fields\":{\"41\":[\"104\"],\"6\":\"<p>This was a 3x5 photo of me and my dad. The photo was grainy in addition to being small, making the painting incredibly difficult.&nbsp;It took me almost two years to complete, but I&nbsp;was incredibly pleased with the results.&nbsp;<\\/p>\",\"15\":\"1\",\"12\":\"\",\"14\":\"30% center\",\"22\":\"landscape\",\"7\":[\"24\"],\"5\":\"<p>Digital. Primarily done on a Samsung Note Pro with the AutoDesk SketchBook app. However, I&nbsp;tinkered with other programs as well.<\\/p>\"}}', '2016-11-16 01:24:24', '2016-11-16 01:24:24', '8f9d03c2-8a89-4b71-8b70-dc0f79b1c0bf'),
 ('256', '23', '5', '1', 'en_us', '14', '', '{\"typeId\":\"22\",\"authorId\":\"1\",\"title\":\"Puer\",\"slug\":\"puer\",\"postDate\":1471488420,\"expiryDate\":null,\"enabled\":1,\"parentId\":null,\"fields\":{\"41\":[\"104\"],\"6\":\"<p>One of my cats.&nbsp;He loves having his armpits scratched.&nbsp;<\\/p>\",\"15\":\"1\",\"12\":\"\",\"14\":\"right center\",\"22\":\"landscape\",\"7\":[\"22\"],\"5\":\"<p>Digital. I&nbsp;experimented quite a bit with this one. I&nbsp;started out using Artflow on a Samsung Note 8.0, but finished it in AutoDesk SketchBook on a Samsung Note Pro.<\\/p>\"}}', '2016-11-16 01:24:31', '2016-11-16 01:24:31', '2d4d72df-7477-497d-aa38-39eb02e79d27'),
 ('257', '21', '5', '1', 'en_us', '6', '', '{\"typeId\":\"22\",\"authorId\":\"1\",\"title\":\"Puella\",\"slug\":\"puella\",\"postDate\":1471485780,\"expiryDate\":null,\"enabled\":1,\"parentId\":null,\"fields\":{\"41\":[\"104\"],\"6\":\"<p>This is one of my cats. She\'s the best. And the worst.<\\/p>\",\"15\":\"1\",\"12\":\"\",\"14\":\"center center\",\"22\":\"landscape\",\"7\":[\"20\"],\"5\":\"<p>Digital. Created with AutoDesk Sketchbook on a Samsung Note Pro.<\\/p>\"}}', '2016-11-16 01:24:38', '2016-11-16 01:24:38', 'aa9bd873-7f60-48e6-a2d5-cb6220e6bc6a'),
 ('258', '17', '5', '1', 'en_us', '10', '', '{\"typeId\":\"22\",\"authorId\":\"1\",\"title\":\"Untitled\",\"slug\":\"untitled\",\"postDate\":1470706860,\"expiryDate\":null,\"enabled\":1,\"parentId\":null,\"fields\":{\"41\":[\"103\"],\"6\":\"<p>This was a project in a painting class in college. The assignment was to create a painting by pouring paint on the canvas. This was the second iteration of this assignment. The first was criticized by the professor as being too layered. My professor didn\'t like that he cold tell the order that the paint was poured onto the canvas, though I&nbsp;disagreed. However, in the interest of getting a good grade, I&nbsp;pushed my painting as far from that criticism as I&nbsp;could. This was the result, which I&nbsp;have been incredibly pleased with.<\\/p>\",\"15\":\"\",\"12\":\"\",\"14\":\"center top\",\"22\":\"portrait\",\"7\":[\"19\"],\"5\":\"<p>Acrylic on canvas.<\\/p>\\r\\n<p>Applied by mixing paint with water and pouring it onto the canvas. I&nbsp;then manipulated the canvas to force the paint to flow in different directions.<\\/p>\"}}', '2016-11-16 01:24:47', '2016-11-16 01:24:47', 'c402765a-55a8-4e89-a9bf-0d498189a016'),
 ('259', '107', '5', '1', 'en_us', '1', '', '{\"typeId\":\"22\",\"authorId\":\"1\",\"title\":\"Cthulhu Was Here\",\"slug\":\"cthulhu-was-here\",\"postDate\":1479261854,\"expiryDate\":null,\"enabled\":1,\"parentId\":null,\"fields\":{\"41\":\"\",\"6\":\"\",\"15\":\"1\",\"12\":{\"new1\":{\"type\":\"image\",\"enabled\":\"1\",\"fields\":{\"image\":\"\",\"focalPoint\":\"\",\"orientation\":\"landscape\",\"fill\":\"initial\"}}},\"14\":\"\",\"22\":\"landscape\",\"7\":\"\",\"5\":\"\"}}', '2016-11-16 02:04:14', '2016-11-16 02:04:14', 'c8ba2c10-dde4-4d0c-9f51-f9f8cafb1b54'),
 ('260', '100', '5', '1', 'en_us', '11', '', '{\"typeId\":\"22\",\"authorId\":\"1\",\"title\":\"Manatee\",\"slug\":\"manatee\",\"postDate\":1479175140,\"expiryDate\":null,\"enabled\":1,\"parentId\":null,\"fields\":{\"41\":[\"103\"],\"6\":\"<p>My little sister absolutely loves manatees. I painted this for her for Christmas one year.<\\/p>\",\"15\":\"\",\"12\":\"\",\"14\":\"\",\"22\":\"portrait\",\"7\":[\"99\"],\"5\":\"<p>Acrylic on canvas.<\\/p>\"}}', '2016-11-16 02:04:26', '2016-11-16 02:04:26', '5d479d9b-b0e3-4245-a3a7-b75abaf7f6b0'),
 ('261', '107', '5', '1', 'en_us', '2', '', '{\"typeId\":\"22\",\"authorId\":\"1\",\"title\":\"Cthulhu Was Here\",\"slug\":\"cthulhu-was-here\",\"postDate\":1479261840,\"expiryDate\":null,\"enabled\":1,\"parentId\":null,\"fields\":{\"41\":[\"106\"],\"6\":\"<p>My team at&nbsp;<a href=\\\"http:\\/\\/localhost\\/dev\\/www\\/web-development\\/say-insurance#entry:30\\\">Shelter&nbsp;Insurance<\\/a>&nbsp;is all about Cthulhu. I drew this on the whiteboard just to be silly. Is it art?&nbsp;<a href=\\\"http:\\/\\/localhost\\/dev\\/www\\/blog\\/i-made-some-art-or-did-i#entry:69\\\">You tell me<\\/a>.<\\/p>\",\"15\":\"\",\"12\":{\"108\":{\"type\":\"image\",\"enabled\":\"1\",\"fields\":{\"image\":\"\",\"focalPoint\":\"\",\"orientation\":\"landscape\",\"fill\":\"initial\"}}},\"14\":\"right center\",\"22\":\"landscape\",\"7\":[\"109\"],\"5\":\"<p>Marker on whiteboard<\\/p>\"}}', '2016-11-16 02:07:26', '2016-11-16 02:07:26', '0595109d-84ca-4989-a478-fd5080c19175'),
 ('262', '107', '5', '1', 'en_us', '3', '', '{\"typeId\":\"22\",\"authorId\":\"1\",\"title\":\"Cthulhu Was Here\",\"slug\":\"cthulhu-was-here\",\"postDate\":1479261840,\"expiryDate\":null,\"enabled\":1,\"parentId\":null,\"fields\":{\"41\":[\"106\"],\"6\":\"<p>My team at&nbsp;<a href=\\\"http:\\/\\/localhost\\/dev\\/www\\/web-development\\/say-insurance#entry:30:url\\\">Shelter&nbsp;Insurance<\\/a>&nbsp;is all about Cthulhu. I drew this on the whiteboard just to be silly. Is it art?&nbsp;<a href=\\\"http:\\/\\/localhost\\/dev\\/www\\/blog\\/i-made-some-art-or-did-i#entry:69:url\\\">You tell me<\\/a>.<\\/p>\",\"15\":\"\",\"12\":{\"108\":{\"type\":\"image\",\"enabled\":\"1\",\"fields\":{\"image\":\"\",\"focalPoint\":\"\",\"orientation\":\"landscape\",\"fill\":\"initial\"}}},\"14\":\"right center\",\"22\":\"landscape\",\"7\":[\"109\"],\"5\":\"<p>Marker on whiteboard<\\/p>\"}}', '2016-11-16 02:09:42', '2016-11-16 02:09:42', 'c01a2131-c0cf-40e4-87d9-9202d9f26612'),
 ('263', '110', '2', '1', 'en_us', '1', '', '{\"typeId\":\"8\",\"authorId\":\"1\",\"title\":\"How Big Is a Story Point?\",\"slug\":\"how-big-is-a-story-point\",\"postDate\":1480993237,\"expiryDate\":null,\"enabled\":1,\"parentId\":null,\"fields\":{\"1\":\"<p>Of course, the standard answer to the above question is, \\\"It depends.\\\" And that\'s true. A story point is an arbitrary unit of measure that represents the amount of complexity,&nbsp;effort, and&nbsp;uncertainty in a bit of work. What a single point means can vary from team to team. However, once a team settles on what one point represents, that remains fixed. So far, so good.<\\/p>\\r\\n<p>When I was first introduced to agile, my team was defining story points in terms of time. They&nbsp;were doing so because they were a team that was newly introduced to agile, having embraced it in the middle of a thoroughly waterfall culture. They were in uncharted waters, pardon the pun. I don\'t fault them for using time as their scale. It\'s by far the easiest way to quantify a story point for someone who is new to them. The problem, as I&nbsp;see it, is that they were doing so in a way that didn\'t scale.&nbsp;<\\/p>\\r\\n<p>Their metric for one point was one developer for one day. Sounds reasonable.&nbsp;<em>But<\\/em>, their metric for a 13 point story, the biggest that they would accept in a sprint, was two developers for the entire sprint. The problem here is that the math doesn\'t work out. Given two-week sprints,&nbsp;f one sprint was filled with small stories, the four developer team might do 40 points. If the next sprint was two 13 point stories, the team would only do 26 points. This meant that the velocity was unstable. The Product Owner couldn\'t predict anything. Some sprints went unfinished, lots of work was pulled in at the ends of others.&nbsp;<\\/p>\",\"15\":\"1\",\"12\":\"\",\"14\":\"\",\"11\":\"\"}}', '2016-12-06 03:00:37', '2016-12-06 03:00:37', 'a83cf8e7-b0d8-4ef5-a684-8293223e9780'),
 ('264', '110', '2', '1', 'en_us', '2', '', '{\"typeId\":\"8\",\"authorId\":\"1\",\"title\":\"How Big Is a Story Point?\",\"slug\":\"how-big-is-a-story-point\",\"postDate\":1480993200,\"expiryDate\":null,\"enabled\":0,\"parentId\":null,\"fields\":{\"1\":\"<p>Of course, the standard answer to the above question is, \\\"It depends.\\\" And that\'s true. A story point is an arbitrary unit of measure that represents the amount of complexity,&nbsp;effort, and&nbsp;uncertainty in a bit of work. What a single point means can vary from team to team. However, once a team settles on what one point represents, that remains fixed. So far, so good.<\\/p>\\r\\n<p>When I was first introduced to agile, my team was defining story points in terms of time. They&nbsp;were doing so because they were a team that was newly introduced to agile, having embraced it in the middle of a thoroughly waterfall culture. They were in uncharted waters, pardon the pun. I don\'t fault them for using time as their scale. It\'s by far the easiest way to quantify a story point for someone who is new to them. The problem, as I&nbsp;see it, is that they were doing so in a way that didn\'t scale.&nbsp;<\\/p>\\r\\n<p>Their metric for one point was one developer for one day. Sounds reasonable.&nbsp;<em>But<\\/em>, their metric for a 13 point story, the biggest that they would accept in a sprint, was two developers for the entire sprint. The problem here is that the math doesn\'t work out. Given two-week sprints,&nbsp;f one sprint was filled with small stories, the four developer team might do 40 points. If the next sprint was two 13 point stories, the team would only do 26 points. This meant that the velocity was unstable. The Product Owner couldn\'t predict anything. Some sprints went unfinished, lots of work was pulled in at the ends of others.&nbsp;<\\/p>\",\"15\":\"1\",\"12\":\"\",\"14\":\"\",\"11\":\"\"}}', '2016-12-06 03:00:47', '2016-12-06 03:00:47', 'dcfa5f84-b97c-43df-a200-0a19a60bf380'),
 ('265', '110', '2', '1', 'en_us', '3', '', '{\"typeId\":\"8\",\"authorId\":\"1\",\"title\":\"How Big Is a Story Point?\",\"slug\":\"how-big-is-a-story-point\",\"postDate\":1480993200,\"expiryDate\":null,\"enabled\":0,\"parentId\":null,\"fields\":{\"1\":\"<p>Of course, the standard answer to the above question is, \\\"It depends.\\\" And that\'s true. A story point is an arbitrary unit of measure that represents the amount of complexity,&nbsp;effort, and&nbsp;uncertainty in a bit of work. What a single point means can vary from team to team. However, once a team settles on what one point represents, that remains fixed. So far, so good.<\\/p>\\r\\n<p>When I was first introduced to agile, my team was defining story points in terms of a loose relationship with&nbsp;time. They&nbsp;were doing so because they were a team that was newly introduced to agile, having embraced it in the middle of a thoroughly waterfall culture. They were in uncharted waters, pardon the pun. I don\'t fault them for using time as their scale. It\'s by far the easiest way to quantify a story point for someone who is new to them. The problem, as I&nbsp;see it, is that they were doing so in a way that didn\'t scale.&nbsp;<\\/p>\\r\\n<p>Their metric for one point was one developer for one day. Sounds reasonable.&nbsp;<em>But<\\/em>, their metric for a 13 point story, the biggest that they would accept in a sprint, was two developers for the entire sprint. The problem here is that the math doesn\'t work out. Given two-week sprints, if one sprint was filled with small stories, the four developer team might do 40 points. If the next sprint was two 13 point stories, the team would only do 26 points. This meant that the velocity was unstable. The Product Owner couldn\'t predict anything. Some sprints went unfinished, lots of work was pulled in at the ends of others.&nbsp;<\\/p>\\r\\n<p>When I&nbsp;raised this issue with the team, there were mixed responses. Some people thought it made sense, others said something to the effect of, \\\"I\'m not sure story points scale like that.\\\" I&nbsp;did some Googling around, but found that sources were divided just as evenly as my team.&nbsp;<\\/p>\",\"15\":\"1\",\"12\":{\"new1\":{\"type\":\"image\",\"enabled\":\"1\",\"fields\":{\"image\":[\"111\"],\"focalPoint\":\"\",\"orientation\":\"landscape\",\"fill\":\"initial\"}}},\"14\":\"\",\"11\":\"\"}}', '2016-12-14 00:59:22', '2016-12-14 00:59:22', 'ee29cb11-471f-494a-b318-b4b4e9dfb3a4'),
 ('266', '110', '2', '1', 'en_us', '4', '', '{\"typeId\":\"8\",\"authorId\":\"1\",\"title\":\"How Big Is a Story Point?\",\"slug\":\"how-big-is-a-story-point\",\"postDate\":1480993200,\"expiryDate\":null,\"enabled\":0,\"parentId\":null,\"fields\":{\"1\":\"<p>Of course, the standard answer to the above question is, \\\"It depends.\\\" And that\'s true. A story point is an arbitrary unit of measure that represents the amount of complexity,&nbsp;effort, and&nbsp;uncertainty in a bit of work. What a single point means can vary from team to team. However, once a team settles on what one point represents, that remains fixed. So far, so good.<\\/p>\\r\\n<p>When I was first introduced to agile, my team was defining story points in terms of a loose relationship with&nbsp;time. They&nbsp;were doing so because they were a team that was newly introduced to agile, having embraced it in the middle of a thoroughly waterfall culture. They were in uncharted waters, pardon the pun. I don\'t fault them for using time as their scale. It\'s by far the easiest way to quantify a story point for someone who is new to them. The problem, as I&nbsp;see it, is that they were doing so in a way that didn\'t scale.&nbsp;<\\/p>\\r\\n<p>Their metric for one point was one developer for one day. Sounds reasonable.&nbsp;<em>But<\\/em>, their metric for a 13 point story, the biggest that they would accept in a sprint, was two developers for the entire sprint. The problem here is that the math doesn\'t work out. When I&nbsp;raised this concern with the team, there were mixed responses. Some people thought it made sense, others said something to the effect of, \\\"I\'m not sure story points scale like that.\\\" I&nbsp;did some Googling around, but found that sources were divided just as evenly as my team.&nbsp;However, as time went on, I&nbsp;became more and more certain that I&nbsp;was right. Our velocity was all over the place. We couldn\'t finish our commitments in one sprint, but the next we would finish our work before the sprint was half over.&nbsp;<\\/p><p>Initially, as we were dealing with this instability, I was a developer on the team. I eventually took over as scrum master. At that time, the product owner was becoming frustrated by our unstable velocity. He couldn\'t predict anything. His <a href=\\\"https:\\/\\/en.wikipedia.org\\/wiki\\/Cone_of_Uncertainty\\\" target=\\\"_blank\\\">cone of uncertainty<\\/a> was enormous. I recognized that the problem was twofold:&nbsp;points that don\'t scale and stories that are too large.&nbsp;<\\/p><p>Since the team couldn\'t settle on a scale for points, I&nbsp;started pushing the product owner to split stories smaller and smaller. We quickly got&nbsp;to where we rarely had a story that took more than a couple days.&nbsp;This had two benefits. The first was nothing surprising. Smaller stories are easier to estimate and, consequently, more accurate. The second was, as I&nbsp;see it, more interesting. Eliminating those larger stories had the unexpected side effect of making our points scale better. The scale was more and more skewed as stories got larger. By splitting those stories smaller, we invariably split a 13 point story into 20 points worth of smaller stories. Things began to stabilize.&nbsp;<\\/p><p><span><\\/span><\\/p><img src=\\\"\\/\\/giphy.com\\/embed\\/WIg8P0VNpgH8Q\\\" alt=\\\"And there was much rejoicing\\\">\",\"15\":\"1\",\"12\":{\"112\":{\"type\":\"image\",\"enabled\":\"1\",\"fields\":{\"image\":[\"111\"],\"focalPoint\":\"\",\"orientation\":\"landscape\",\"fill\":\"initial\"}}},\"14\":\"\",\"11\":\"\"}}', '2016-12-14 01:31:49', '2016-12-14 01:31:49', '676272f5-c79c-4cef-8dbe-370d6576b875'),
 ('267', '110', '2', '1', 'en_us', '5', '', '{\"typeId\":\"8\",\"authorId\":\"1\",\"title\":\"How Big Is a Story Point?\",\"slug\":\"how-big-is-a-story-point\",\"postDate\":1480993200,\"expiryDate\":null,\"enabled\":0,\"parentId\":null,\"fields\":{\"1\":\"<p>Of course, the standard answer to the above question is, \\\"It depends.\\\" And that\'s true. A story point is an arbitrary unit of measure that represents the amount of complexity,&nbsp;effort, and&nbsp;uncertainty in a bit of work. What a single point means can vary from team to team. However, once a team settles on what one point represents, that remains fixed. So far, so good.<\\/p>\\r\\n<p>When I was first introduced to agile, my team was defining story points in terms of a loose relationship with&nbsp;time. They&nbsp;were doing so because they were a team that was newly introduced to agile, having embraced it in the middle of a thoroughly waterfall culture. They were in uncharted waters, pardon the pun. I don\'t fault them for using time as their scale. It\'s by far the easiest way to quantify a story point for someone who is new to them. The problem, as I&nbsp;see it, is that they were doing so in a way that didn\'t scale.&nbsp;<\\/p>\\r\\n<p>Their metric for one point was one developer for one day. Sounds reasonable.&nbsp;<em>But<\\/em>, their metric for a 13 point story, the biggest that they would accept in a sprint, was two developers for the entire sprint. The problem here is that the math doesn\'t work out. When I&nbsp;raised this concern with the team, there were mixed responses. Some people thought it made sense, others said something to the effect of, \\\"I\'m not sure story points scale like that.\\\" I&nbsp;did some Googling around, but found that sources were divided just as evenly as my team.&nbsp;However, as time went on, I&nbsp;became more and more certain that I&nbsp;was right. Our velocity was all over the place. We couldn\'t finish our commitments in one sprint, but the next we would finish our work before the sprint was half over.&nbsp;<\\/p>\\r\\n<p>Initially, as we were dealing with this instability, I was a developer on the team. I eventually took over as scrum master. At that time, the product owner was becoming frustrated by our unstable velocity. He couldn\'t predict anything. His <a href=\\\"https:\\/\\/en.wikipedia.org\\/wiki\\/Cone_of_Uncertainty\\\" target=\\\"_blank\\\">cone of uncertainty<\\/a> was enormous. I recognized that the problem was twofold:&nbsp;points that don\'t scale and stories that are too large.&nbsp;<\\/p>\\r\\n<p>Since the team couldn\'t settle on a scale for points, I&nbsp;started pushing the product owner to split stories smaller and smaller. We quickly got&nbsp;to where we rarely had a story that took more than a couple days.&nbsp;This had two benefits. The first was nothing surprising. Smaller stories are easier to estimate and, consequently, more accurate. The second was, as I&nbsp;see it, more interesting. Eliminating those larger stories had the unexpected side effect of making our points scale better. The scale was more and more skewed as stories got larger. By splitting those stories smaller, we invariably split a 13 point story into 20 points worth of smaller stories. Things began to stabilize.&nbsp;<\\/p>\\r\\n<p><img src=\\\"https:\\/\\/media.giphy.com\\/media\\/WIg8P0VNpgH8Q\\/giphy.gif\\\" alt=\\\"And there was much rejoicing\\\"><\\/p>\",\"15\":\"1\",\"12\":{\"112\":{\"type\":\"image\",\"enabled\":\"1\",\"fields\":{\"image\":[\"111\"],\"focalPoint\":\"\",\"orientation\":\"landscape\",\"fill\":\"initial\"}}},\"14\":\"\",\"11\":\"\"}}', '2016-12-14 01:33:22', '2016-12-14 01:33:22', 'd58f5d5a-84e3-4324-967f-8fa8589c4289'),
 ('268', '110', '2', '1', 'en_us', '6', '', '{\"typeId\":\"8\",\"authorId\":\"1\",\"title\":\"How Big Is a Story Point?\",\"slug\":\"how-big-is-a-story-point\",\"postDate\":1480993200,\"expiryDate\":null,\"enabled\":1,\"parentId\":null,\"fields\":{\"1\":\"<p>Of course, the standard answer to the above question is, \\\"It depends.\\\" And that\'s true. A story point is an arbitrary unit of measure that represents the amount of complexity,&nbsp;effort, and&nbsp;uncertainty in a bit of work. What a single point means can vary from team to team. However, once a team settles on what one point represents, that remains fixed. So far, so good.<\\/p>\\r\\n<p>When I was first introduced to agile, my team was defining story points in terms of a loose relationship with&nbsp;time. They&nbsp;were doing so because they were a team that was newly introduced to agile, having embraced it in the middle of a thoroughly waterfall culture. They were in uncharted waters, pardon the pun. I don\'t fault them for using time as their scale. It\'s by far the easiest way to quantify a story point for someone who is new to them. The problem, as I&nbsp;see it, is that they were doing so in a way that didn\'t scale.&nbsp;<\\/p>\\r\\n<p>Their metric for one point was one developer for one day. Sounds reasonable.&nbsp;<em>But<\\/em>, their metric for a 13 point story, the biggest that they would accept in a sprint, was two developers for the entire sprint. The problem here is that the math doesn\'t work out. When I&nbsp;raised this concern with the team, there were mixed responses. Some people thought it made sense, others said something to the effect of, \\\"I\'m not sure story points scale like that.\\\" I&nbsp;did some Googling around, but found that sources were divided just as evenly as my team.&nbsp;However, as time went on, I&nbsp;became more and more certain that I&nbsp;was right. Our velocity was all over the place. We couldn\'t finish our commitments in one sprint, but the next we would finish our work before the sprint was half over.&nbsp;<\\/p>\\r\\n<p>Initially, as we were dealing with this instability, I was a developer on the team. I eventually took over as scrum master. At that time, the product owner was becoming frustrated by our unstable velocity. He couldn\'t predict anything. His <a href=\\\"https:\\/\\/en.wikipedia.org\\/wiki\\/Cone_of_Uncertainty\\\" target=\\\"_blank\\\">cone of uncertainty<\\/a> was enormous. I recognized that the problem was twofold:&nbsp;points that don\'t scale and stories that are too large.&nbsp;<\\/p>\\r\\n<p>Since the team couldn\'t settle on a scale for points, I&nbsp;started pushing the product owner to split stories smaller and smaller. We quickly got&nbsp;to where we rarely had a story that took more than a couple days.&nbsp;This had two benefits. The first was nothing surprising. Smaller stories are easier to estimate and, consequently, more accurate. The second was, as I&nbsp;see it, more interesting. Eliminating those larger stories had the unexpected side effect of making our points scale better. The scale was more and more skewed as stories got larger. By splitting those stories smaller, we invariably split a 13 point story into 20 points worth of smaller stories. Things began to stabilize.&nbsp;<\\/p>\\r\\n<figure><img src=\\\"https:\\/\\/media.giphy.com\\/media\\/WIg8P0VNpgH8Q\\/giphy.gif\\\" alt=\\\"And there was much rejoicing\\\"><\\/figure>\",\"15\":\"1\",\"12\":{\"112\":{\"type\":\"image\",\"enabled\":\"1\",\"fields\":{\"image\":[\"111\"],\"focalPoint\":\"\",\"orientation\":\"landscape\",\"fill\":\"initial\"}}},\"14\":\"\",\"11\":\"\"}}', '2016-12-14 01:38:33', '2016-12-14 01:38:33', '4dd6950e-4bdf-440c-8bfd-91b6a07567ce'),
 ('269', '110', '2', '1', 'en_us', '7', '', '{\"typeId\":\"8\",\"authorId\":\"1\",\"title\":\"How Big Is a Story Point?\",\"slug\":\"how-big-is-a-story-point\",\"postDate\":1480993200,\"expiryDate\":null,\"enabled\":1,\"parentId\":null,\"fields\":{\"1\":\"<p>Of course, the standard answer to the above question is, \\\"It depends.\\\" And that\'s true. A story point is an arbitrary unit of measure that represents the amount of complexity,&nbsp;effort, and&nbsp;uncertainty in a bit of work. What a single point means can vary from team to team. However, once a team settles on what one point represents, that remains fixed. So far, so good.<\\/p>\\r\\n<p>When I was first introduced to agile, my team was defining story points in terms of a loose relationship with&nbsp;time. They&nbsp;were doing so because they were a team that was newly introduced to agile, having embraced it in the middle of a thoroughly waterfall culture. They were in uncharted waters, pardon the pun. I don\'t fault them for using time as their scale. It\'s by far the easiest way to quantify a story point for someone who is new to them. The problem, as I&nbsp;see it, is that they were doing so in a way that didn\'t scale.&nbsp;<\\/p>\\r\\n<p>Their metric for one point was one developer for one day. Sounds reasonable.&nbsp;<em>But<\\/em>, their metric for a 13 point story, the biggest that they would accept in a sprint, was two developers for the entire sprint. The problem here is that the math doesn\'t work out. When I&nbsp;raised this concern with the team, there were mixed responses. Some people thought it made sense, others said something to the effect of, \\\"I\'m not sure story points scale like that.\\\" I&nbsp;did some Googling around, but found that sources were divided just as evenly as my team.&nbsp;However, as time went on, I&nbsp;became more and more certain that I&nbsp;was right. Our velocity was all over the place. We couldn\'t finish our commitments in one sprint, but the next we would finish our work before the sprint was half over.&nbsp;<\\/p>\\r\\n<p>Initially, as we were dealing with this instability, I was a developer on the team. I eventually took over as scrum master. At that time, the product owner was becoming frustrated by our unstable velocity. He couldn\'t predict anything. His <a href=\\\"https:\\/\\/en.wikipedia.org\\/wiki\\/Cone_of_Uncertainty\\\" target=\\\"_blank\\\">cone of uncertainty<\\/a> was enormous. I recognized that the problem was twofold:&nbsp;points that don\'t scale and stories that are too large.&nbsp;<\\/p>\\r\\n<p>Since the team couldn\'t settle on a scale for points, I&nbsp;started pushing the product owner to split stories smaller and smaller. We quickly got&nbsp;to where we rarely had a story that took more than a couple days.&nbsp;This had two benefits. The first was nothing surprising. Smaller stories are easier to estimate and, consequently, more accurate. The second was, as I&nbsp;see it, more interesting. Eliminating those larger stories had the unexpected side effect of making our points scale better. The scale was more and more skewed as stories got larger. By splitting those stories smaller, we invariably split a 13 point story into 20 points worth of smaller stories. Things began to stabilize.&nbsp;<\\/p>\\r\\n<p><img src=\\\"https:\\/\\/media.giphy.com\\/media\\/WIg8P0VNpgH8Q\\/giphy.gif\\\" alt=\\\"And there was much rejoicing\\\"><\\/p>\",\"15\":\"1\",\"12\":{\"112\":{\"type\":\"image\",\"enabled\":\"1\",\"fields\":{\"image\":[\"111\"],\"focalPoint\":\"\",\"orientation\":\"landscape\",\"fill\":\"contain\"}}},\"14\":\"\",\"11\":\"<p>The team that I&nbsp;work with has long struggled with a question around story points:&nbsp;How do they scale?&nbsp;<\\/p>\"}}', '2016-12-14 01:41:55', '2016-12-14 01:41:55', 'af22fb43-92cc-4415-8aa1-5178cb55f3b5'),
 ('270', '110', '2', '1', 'en_us', '8', '', '{\"typeId\":\"8\",\"authorId\":\"1\",\"title\":\"How Big Is a Story Point?\",\"slug\":\"how-big-is-a-story-point\",\"postDate\":1480993200,\"expiryDate\":null,\"enabled\":1,\"parentId\":null,\"fields\":{\"1\":\"<p>Of course, the standard answer to the above question is, \\\"It depends.\\\" And that\'s true. A story point is an arbitrary unit of measure that represents the amount of complexity,&nbsp;effort, and&nbsp;uncertainty in a bit of work. What a single point means can vary from team to team. However, once a team settles on what one point represents, that remains fixed. So far, so good.<\\/p>\\r\\n<p>When I was first introduced to agile, my team was defining story points in terms of a loose relationship with&nbsp;time. They&nbsp;were doing so because they were a team that was newly introduced to agile, having embraced it in the middle of a thoroughly waterfall culture. They were in uncharted waters, pardon the pun. I don\'t fault them for using time as their scale. It\'s by far the easiest way to quantify a story point for someone who is new to them. The problem, as I&nbsp;see it, is that they were doing so in a way that didn\'t scale.&nbsp;<\\/p>\\r\\n<p>Their metric for one point was one developer for one day. Sounds reasonable.&nbsp;<em>But<\\/em>, their metric for a 13 point story, the biggest that they would accept in a sprint, was two developers for the entire sprint. The problem here is that the math doesn\'t work out. When I&nbsp;raised this concern with the team, there were mixed responses. Some people thought it made sense, others said something to the effect of, \\\"I\'m not sure story points scale like that.\\\" I&nbsp;did some Googling around, but found that sources were divided just as evenly as my team.&nbsp;However, as time went on, I&nbsp;became more and more certain that I&nbsp;was right. Our velocity was all over the place. We couldn\'t finish our commitments in one sprint, but the next we would finish our work before the sprint was half over.&nbsp;<\\/p>\\r\\n<p>Initially, as we were dealing with this instability, I was a developer on the team. I eventually took over as scrum master. At that time, the product owner was becoming frustrated by our unstable velocity. He couldn\'t predict anything. His <a href=\\\"https:\\/\\/en.wikipedia.org\\/wiki\\/Cone_of_Uncertainty\\\" target=\\\"_blank\\\">cone of uncertainty<\\/a> was enormous. I recognized that the problem was twofold:&nbsp;points that don\'t scale and stories that are too large.&nbsp;<\\/p>\\r\\n<p>Since the team couldn\'t settle on a scale for points, I&nbsp;started pushing the product owner to split stories smaller and smaller. We quickly got&nbsp;to where we rarely had a story that took more than a couple days.&nbsp;This had two benefits. The first was nothing surprising. Smaller stories are easier to estimate and, consequently, more accurate. The second was, as I&nbsp;see it, more interesting. Eliminating those larger stories had the unexpected side effect of making our points scale better. The scale was more and more skewed as stories got larger. By splitting those stories smaller, we invariably split a 13 point story into 20 points worth of smaller stories. Things began to stabilize.&nbsp;<\\/p>\\r\\n<p><img src=\\\"https:\\/\\/media.giphy.com\\/media\\/WIg8P0VNpgH8Q\\/giphy.gif\\\" alt=\\\"And there was much rejoicing\\\"><\\/p>\",\"15\":\"1\",\"12\":{\"112\":{\"type\":\"image\",\"enabled\":\"1\",\"fields\":{\"image\":[\"113\"],\"focalPoint\":\"\",\"orientation\":\"landscape\",\"fill\":\"contain\"}}},\"14\":\"\",\"11\":\"<p>The team that I&nbsp;work with has long struggled with a question around story points:&nbsp;How do they scale?&nbsp;<\\/p>\"}}', '2016-12-14 01:46:30', '2016-12-14 01:46:30', '4642a469-2dfb-4617-8bf2-977758b17da3'),
 ('271', '30', '4', '1', 'en_us', '28', '', '{\"typeId\":\"4\",\"authorId\":\"1\",\"title\":\"Say Insurance\",\"slug\":\"say-insurance\",\"postDate\":1433118900,\"expiryDate\":null,\"enabled\":1,\"parentId\":null,\"fields\":{\"1\":\"<p>This project was an initiative to launch a new, web-based subsidiary of a larger insurance company.<\\/p>\\r\\n<p>The company used this initiative to experiment with new technologies and&nbsp;workflow methodologies. Among these new technologies and methodologies are:<\\/p>\\r\\n<p>New to me:<\\/p>\\r\\n<ul><li>PHPUnit<\\/li><li>Jasmine unit testing framework<\\/li><\\/ul>\\r\\n<p>New to the company:<\\/p>\\r\\n<ul><li>Linux<\\/li><li>MySQL<\\/li><li>PHP<\\/li><\\/ul>\\r\\n<p>New to everyone involved:<\\/p>\\r\\n<ul><li>Agile, specifically&nbsp;Scrum<\\/li><li>Craft CMS<\\/li><li>Amazon Web Services<\\/li><li>Angular<\\/li><\\/ul>\\r\\n<p>As a result of these experiments, I&nbsp;have grown as a developer and a coworker in leaps and bounds. Most notably, I&nbsp;discovered agile methodologies. Upon discovering Scrum, I quickly began to read everything I could find on agile and Scrum. I went to&nbsp;<a href=\\\"https:\\/\\/adcwest.techwell.com\\/\\\" target=\\\"_blank\\\">Agile Dev West<\\/a>&nbsp;and&nbsp;<a href=\\\"http:\\/\\/agilegravyinc.com\\/\\\" target=\\\"_blank\\\">Agile Gravy<\\/a>,&nbsp;became&nbsp;a&nbsp;<a href=\\\"https:\\/\\/www.scrumalliance.org\\/certifications\\/practitioners\\/cspo-certification\\\" target=\\\"_blank\\\">Certified Scrum Product Owner<\\/a>&nbsp;and&nbsp;<a href=\\\"https:\\/\\/www.scrumalliance.org\\/certifications\\/practitioners\\/certified-scrummaster-csm\\\" target=\\\"_blank\\\">Certified ScrumMaster<sup>\\u00ae<\\/sup><\\/a>&nbsp;through&nbsp;<a href=\\\"https:\\/\\/www.scrumalliance.org\\/\\\" target=\\\"_blank\\\">Scrum Alliance<\\/a>, and joined a local agile users\' group. I&nbsp;quickly began to advise my team on how to better apply these methodologies, and to the organization at large through feedback to the agile coaches guiding the organizational agile transformation.&nbsp;<\\/p>\\r\\n<p>After about a year with the organization, our team\'s Scrum Master moved to another position within the company. My team, our existing Scrum Master, and our management recognized the work that I&nbsp;had been doing and asked me to take over as the new Scrum Master for the team.&nbsp;I&nbsp;took a data-driven approach to Scrum Mastering. I&nbsp;spent my first few sprints as Scrum Master getting comfortable in my new role, meanwhile gathering data that I believed would highlight areas where our team could improve. Upon examining the data, I&nbsp;found several areas of improvement and presented those options to the team. Our team recognized the value in the data and several improvements resulted.&nbsp;\\r\\n<\\/p>\\r\\n<p>Furthermore, I relentlessly focused on removing impediments to the team. One of our largest impediments was an entrenched waterfall culture. This meant that some of my primary roles were those&nbsp;of an educator and evangelist regarding agile principles. Working with other Scrum Masters in the organization, we slowly pushed the organization to better work with the teams that have chosen to adopt agile methodologies.<\\/p>\\r\\n<p>From a technical perspective, I&nbsp;grew in several ways.&nbsp;Though the site utilized the&nbsp;<a href=\\\"https:\\/\\/craftcms.com\\/\\\">Craft&nbsp;CMS<\\/a>&nbsp;to a degree, much of the initial&nbsp;development we were doing did not utilize the CMS. The lion\'s share of the initial work involved building&nbsp;a custom plugin for generating insurance quotes via calls to APIs built by other teams within the organization. This work afforded me the opportunity to use PHP&nbsp;in ways that I&nbsp;had not known it was capable, specifically using it as a middle layer between an Angular front end and the&nbsp;APIs.<\\/p>\",\"20\":{\"date\":\"\"},\"15\":\"1\",\"12\":{\"71\":{\"type\":\"image\",\"enabled\":\"1\",\"fields\":{\"image\":[\"39\"],\"focalPoint\":\"\",\"orientation\":\"landscape\",\"fill\":\"initial\"}}},\"11\":\"<p>This project was an initiative to launch a new, web-based subsidiary of a larger insurance company.&nbsp;<\\/p>\",\"21\":\"<p>This project was an initiative to launch a new, web-based subsidiary of a larger insurance company.<\\/p>\",\"37\":[\"56\",\"59\",\"58\",\"57\",\"60\",\"73\",\"74\",\"81\",\"82\"],\"19\":{\"date\":\"6\\/15\\/2015\"},\"32\":[\"65\"],\"17\":\"www.sayinsurance.com\",\"18\":\"https:\\/\\/\"}}', '2017-03-09 01:41:36', '2017-03-09 01:41:36', 'fd58bda9-73c9-4fbc-be91-9734e3bef164'),
 ('272', '114', '4', '1', 'en_us', '1', '', '{\"typeId\":null,\"authorId\":\"1\",\"title\":\"New Entry\",\"slug\":\"new-entry\",\"postDate\":null,\"expiryDate\":null,\"enabled\":0,\"parentId\":null,\"fields\":{\"1\":\"<p>I\'ve been thinking for a while that estimating stories is a waste of time. I know, I know, I\'ve talked about <a href=\\\"http:\\/\\/localhost\\/dev\\/www\\/blog\\/how-big-is-a-story-point#entry:110\\\">estimating stories<\\/a> in the past as if it were just a matter of course. And I stand by that post:&nbsp;If you\'re going to estimate stories, your points need to be consistent. However, I&nbsp;hypothesized that if you are breaking stories down to a small, consistent size, that measuring velocity by the number of stories should be roughly as accurate as using points.&nbsp;<\\/p><p>Since this was simply a hypothesis, I&nbsp;started by gathering some data.<\\/p>\",\"20\":{\"date\":\"\"},\"15\":\"1\",\"12\":\"\",\"11\":\"\",\"21\":\"\",\"37\":\"\",\"19\":{\"date\":\"\"},\"32\":\"\",\"17\":\"\",\"18\":\"http:\\/\\/\"}}', '2017-03-09 02:07:08', '2017-03-09 02:07:08', 'd69874d3-02f7-44b8-b71e-b38a6feb0ad7'),
 ('273', '110', '2', '1', 'en_us', '9', '', '{\"typeId\":\"21\",\"authorId\":\"1\",\"title\":\"How Big Is a Story Point?\",\"slug\":\"how-big-is-a-story-point\",\"postDate\":1480993200,\"expiryDate\":null,\"enabled\":1,\"parentId\":null,\"fields\":{\"1\":\"<p>Of course, the standard answer to the above question is, \\\"It depends.\\\" And that\'s true. A story point is an arbitrary unit of measure that represents the amount of complexity,&nbsp;effort, and&nbsp;uncertainty in a bit of work. What a single point means can vary from team to team. However, once a team settles on what one point represents, that remains fixed. So far, so good.<\\/p>\\r\\n<p>When I was first introduced to agile, my team was defining story points in terms of a loose relationship with&nbsp;time. They&nbsp;were doing so because they were a team that was newly introduced to agile, having embraced it in the middle of a thoroughly waterfall culture. They were in uncharted waters, pardon the pun. I don\'t fault them for using time as their scale. It\'s by far the easiest way to quantify a story point for someone who is new to them. The problem, as I&nbsp;see it, is that they were doing so in a way that didn\'t scale.&nbsp;<\\/p>\\r\\n<p>Their metric for one point was one developer for one day. Sounds reasonable.&nbsp;<em>But<\\/em>, their metric for a 13 point story, the biggest that they would accept in a sprint, was two developers for the entire sprint. The problem here is that the math doesn\'t work out. When I&nbsp;raised this concern with the team, there were mixed responses. Some people thought it made sense, others said something to the effect of, \\\"I\'m not sure story points scale like that.\\\" I&nbsp;did some Googling around, but found that sources were divided just as evenly as my team.&nbsp;However, as time went on, I&nbsp;became more and more certain that I&nbsp;was right. Our velocity was all over the place. We couldn\'t finish our commitments in one sprint, but the next we would finish our work before the sprint was half over.&nbsp;<\\/p>\\r\\n<p>Initially, as we were dealing with this instability, I was a developer on the team. I eventually took over as scrum master. At that time, the product owner was becoming frustrated by our unstable velocity. He couldn\'t predict anything. His <a href=\\\"https:\\/\\/en.wikipedia.org\\/wiki\\/Cone_of_Uncertainty\\\" target=\\\"_blank\\\" rel=\\\"noreferrer\\\">cone of uncertainty<\\/a> was enormous. I recognized that the problem was twofold:&nbsp;points that don\'t scale and stories that are too large.&nbsp;<\\/p>\\r\\n<p>Since the team couldn\'t settle on a scale for points, I&nbsp;started pushing the product owner to split stories smaller and smaller. We quickly got&nbsp;to where we rarely had a story that took more than a couple days.&nbsp;This had two benefits. The first was nothing surprising. Smaller stories are easier to estimate and, consequently, more accurate. The second was, as I&nbsp;see it, more interesting. Eliminating those larger stories had the unexpected side effect of making our points scale better. The scale was more and more skewed as stories got larger. By splitting those stories smaller, we invariably split a 13 point story into 20 points worth of smaller stories. Things began to stabilize.&nbsp;<\\/p>\\r\\n<p><img src=\\\"https:\\/\\/media.giphy.com\\/media\\/WIg8P0VNpgH8Q\\/giphy.gif\\\" alt=\\\"And there was much rejoicing\\\"><\\/p>\",\"40\":\"\",\"15\":\"1\",\"12\":{\"112\":{\"type\":\"image\",\"enabled\":\"1\",\"fields\":{\"image\":[\"113\"],\"focalPoint\":\"\",\"orientation\":\"landscape\",\"fill\":\"contain\"}}},\"14\":\"\",\"11\":\"<p>The team that I&nbsp;work with has long struggled with a question around story points:&nbsp;How do they scale?&nbsp;<\\/p>\",\"22\":\"landscape\",\"21\":\"\"}}', '2017-03-09 02:10:54', '2017-03-09 02:10:54', 'c49a0791-6536-4f17-9ad2-352be917ef3f'),
 ('274', '110', '2', '1', 'en_us', '10', '', '{\"typeId\":\"8\",\"authorId\":\"1\",\"title\":\"How Big Is a Story Point?\",\"slug\":\"how-big-is-a-story-point\",\"postDate\":1480993200,\"expiryDate\":null,\"enabled\":1,\"parentId\":null,\"fields\":{\"1\":\"<p>Of course, the standard answer to the above question is, \\\"It depends.\\\" And that\'s true. A story point is an arbitrary unit of measure that represents the amount of complexity,&nbsp;effort, and&nbsp;uncertainty in a bit of work. What a single point means can vary from team to team. However, once a team settles on what one point represents, that remains fixed. So far, so good.<\\/p>\\r\\n<p>When I was first introduced to agile, my team was defining story points in terms of a loose relationship with&nbsp;time. They&nbsp;were doing so because they were a team that was newly introduced to agile, having embraced it in the middle of a thoroughly waterfall culture. They were in uncharted waters, pardon the pun. I don\'t fault them for using time as their scale. It\'s by far the easiest way to quantify a story point for someone who is new to them. The problem, as I&nbsp;see it, is that they were doing so in a way that didn\'t scale.&nbsp;<\\/p>\\r\\n<p>Their metric for one point was one developer for one day. Sounds reasonable.&nbsp;<em>But<\\/em>, their metric for a 13 point story, the biggest that they would accept in a sprint, was two developers for the entire sprint. The problem here is that the math doesn\'t work out. When I&nbsp;raised this concern with the team, there were mixed responses. Some people thought it made sense, others said something to the effect of, \\\"I\'m not sure story points scale like that.\\\" I&nbsp;did some Googling around, but found that sources were divided just as evenly as my team.&nbsp;However, as time went on, I&nbsp;became more and more certain that I&nbsp;was right. Our velocity was all over the place. We couldn\'t finish our commitments in one sprint, but the next we would finish our work before the sprint was half over.&nbsp;<\\/p>\\r\\n<p>Initially, as we were dealing with this instability, I was a developer on the team. I eventually took over as scrum master. At that time, the product owner was becoming frustrated by our unstable velocity. He couldn\'t predict anything. His <a href=\\\"https:\\/\\/en.wikipedia.org\\/wiki\\/Cone_of_Uncertainty\\\" target=\\\"_blank\\\" rel=\\\"noreferrer\\\">cone of uncertainty<\\/a> was enormous. I recognized that the problem was twofold:&nbsp;points that don\'t scale and stories that are too large.&nbsp;<\\/p>\\r\\n<p>Since the team couldn\'t settle on a scale for points, I&nbsp;started pushing the product owner to split stories smaller and smaller. We quickly got&nbsp;to where we rarely had a story that took more than a couple days.&nbsp;This had two benefits. The first was nothing surprising. Smaller stories are easier to estimate and, consequently, more accurate. The second was, as I&nbsp;see it, more interesting. Eliminating those larger stories had the unexpected side effect of making our points scale better. The scale was more and more skewed as stories got larger. By splitting those stories smaller, we invariably split a 13 point story into 20 points worth of smaller stories. Things began to stabilize.&nbsp;<\\/p>\\r\\n<p><img src=\\\"https:\\/\\/media.giphy.com\\/media\\/WIg8P0VNpgH8Q\\/giphy.gif\\\" alt=\\\"And there was much rejoicing\\\"><\\/p>\",\"15\":\"1\",\"12\":{\"112\":{\"type\":\"image\",\"enabled\":\"1\",\"fields\":{\"image\":[\"113\"],\"focalPoint\":\"\",\"orientation\":\"landscape\",\"fill\":\"contain\"}}},\"14\":\"\",\"11\":\"<p>The team that I&nbsp;work with has long struggled with a question around story points:&nbsp;How do they scale?&nbsp;<\\/p>\"}}', '2017-03-09 02:11:49', '2017-03-09 02:11:49', 'b4b42887-d24e-4e33-9383-2593a7bd78d7'),
 ('275', '110', '2', '1', 'en_us', '11', '', '{\"typeId\":\"21\",\"authorId\":\"1\",\"title\":\"How Big Is a Story Point?\",\"slug\":\"how-big-is-a-story-point\",\"postDate\":1480993200,\"expiryDate\":null,\"enabled\":1,\"parentId\":null,\"fields\":{\"1\":\"<p>Of course, the standard answer to the above question is, \\\"It depends.\\\" And that\'s true. A story point is an arbitrary unit of measure that represents the amount of complexity,&nbsp;effort, and&nbsp;uncertainty in a bit of work. What a single point means can vary from team to team. However, once a team settles on what one point represents, that remains fixed. So far, so good.<\\/p>\\r\\n<p>When I was first introduced to agile, my team was defining story points in terms of a loose relationship with&nbsp;time. They&nbsp;were doing so because they were a team that was newly introduced to agile, having embraced it in the middle of a thoroughly waterfall culture. They were in uncharted waters, pardon the pun. I don\'t fault them for using time as their scale. It\'s by far the easiest way to quantify a story point for someone who is new to them. The problem, as I&nbsp;see it, is that they were doing so in a way that didn\'t scale.&nbsp;<\\/p>\\r\\n<p>Their metric for one point was one developer for one day. Sounds reasonable.&nbsp;<em>But<\\/em>, their metric for a 13 point story, the biggest that they would accept in a sprint, was two developers for the entire sprint. The problem here is that the math doesn\'t work out. When I&nbsp;raised this concern with the team, there were mixed responses. Some people thought it made sense, others said something to the effect of, \\\"I\'m not sure story points scale like that.\\\" I&nbsp;did some Googling around, but found that sources were divided just as evenly as my team.&nbsp;However, as time went on, I&nbsp;became more and more certain that I&nbsp;was right. Our velocity was all over the place. We couldn\'t finish our commitments in one sprint, but the next we would finish our work before the sprint was half over.&nbsp;<\\/p>\\r\\n<p>Initially, as we were dealing with this instability, I was a developer on the team. I eventually took over as scrum master. At that time, the product owner was becoming frustrated by our unstable velocity. He couldn\'t predict anything. His <a href=\\\"https:\\/\\/en.wikipedia.org\\/wiki\\/Cone_of_Uncertainty\\\" target=\\\"_blank\\\" rel=\\\"noreferrer\\\">cone of uncertainty<\\/a> was enormous. I recognized that the problem was twofold:&nbsp;points that don\'t scale and stories that are too large.&nbsp;<\\/p>\\r\\n<p>Since the team couldn\'t settle on a scale for points, I&nbsp;started pushing the product owner to split stories smaller and smaller. We quickly got&nbsp;to where we rarely had a story that took more than a couple days.&nbsp;This had two benefits. The first was nothing surprising. Smaller stories are easier to estimate and, consequently, more accurate. The second was, as I&nbsp;see it, more interesting. Eliminating those larger stories had the unexpected side effect of making our points scale better. The scale was more and more skewed as stories got larger. By splitting those stories smaller, we invariably split a 13 point story into 20 points worth of smaller stories. Things began to stabilize.&nbsp;<\\/p>\\r\\n<p><img src=\\\"https:\\/\\/media.giphy.com\\/media\\/WIg8P0VNpgH8Q\\/giphy.gif\\\" alt=\\\"And there was much rejoicing\\\"><\\/p>\",\"40\":[\"95\"],\"15\":\"1\",\"12\":{\"112\":{\"type\":\"image\",\"enabled\":\"1\",\"fields\":{\"image\":[\"113\"],\"focalPoint\":\"\",\"orientation\":\"landscape\",\"fill\":\"contain\"}}},\"14\":\"\",\"11\":\"<p>The team that I&nbsp;work with has long struggled with a question around story points:&nbsp;How do they scale?&nbsp;<\\/p>\",\"22\":\"landscape\",\"21\":\"\"}}', '2017-03-09 02:13:18', '2017-03-09 02:13:18', '55326b89-b998-4887-b624-27fcd871cab9'),
 ('276', '110', '2', '1', 'en_us', '12', '', '{\"typeId\":\"21\",\"authorId\":\"1\",\"title\":\"How Big Is a Story Point?\",\"slug\":\"how-big-is-a-story-point\",\"postDate\":1480993200,\"expiryDate\":null,\"enabled\":1,\"parentId\":null,\"fields\":{\"1\":\"<p>Of course, the standard answer to the above question is, \\\"It depends.\\\" And that\'s true. A story point is an arbitrary unit of measure that represents the amount of complexity,&nbsp;effort, and&nbsp;uncertainty in a bit of work. What a single point means can vary from team to team. However, once a team settles on what one point represents, that remains fixed. So far, so good.<\\/p>\\r\\n<p>When I was first introduced to agile, my team was defining story points in terms of a loose relationship with&nbsp;time. They&nbsp;were doing so because they were a team that was newly introduced to agile, having embraced it in the middle of a thoroughly waterfall culture. They were in uncharted waters, pardon the pun. I don\'t fault them for using time as their scale. It\'s by far the easiest way to quantify a story point for someone who is new to them. The problem, as I&nbsp;see it, is that they were doing so in a way that didn\'t scale.&nbsp;<\\/p>\\r\\n<p>Their metric for one point was one developer for one day. Sounds reasonable.&nbsp;<em>But<\\/em>, their metric for a 13 point story, the biggest that they would accept in a sprint, was two developers for the entire sprint. The problem here is that the math doesn\'t work out. When I&nbsp;raised this concern with the team, there were mixed responses. Some people thought it made sense, others said something to the effect of, \\\"I\'m not sure story points scale like that.\\\" I&nbsp;did some Googling around, but found that sources were divided just as evenly as my team.&nbsp;However, as time went on, I&nbsp;became more and more certain that I&nbsp;was right. Our velocity was all over the place. We couldn\'t finish our commitments in one sprint, but the next we would finish our work before the sprint was half over.&nbsp;<\\/p>\\r\\n<p>Initially, as we were dealing with this instability, I was a developer on the team. I eventually took over as scrum master. At that time, the product owner was becoming frustrated by our unstable velocity. He couldn\'t predict anything. His <a href=\\\"https:\\/\\/en.wikipedia.org\\/wiki\\/Cone_of_Uncertainty\\\" target=\\\"_blank\\\" rel=\\\"noreferrer\\\">cone of uncertainty<\\/a> was enormous. I recognized that the problem was twofold:&nbsp;points that don\'t scale and stories that are too large.&nbsp;<\\/p>\\r\\n<p>Since the team couldn\'t settle on a scale for points, I&nbsp;started pushing the product owner to split stories smaller and smaller. We quickly got&nbsp;to where we rarely had a story that took more than a couple days.&nbsp;This had two benefits. The first was nothing surprising. Smaller stories are easier to estimate and, consequently, more accurate. The second was, as I&nbsp;see it, more interesting. Eliminating those larger stories had the unexpected side effect of making our points scale better. The scale was more and more skewed as stories got larger. By splitting those stories smaller, we invariably split a 13 point story into 20 points worth of smaller stories. Things began to stabilize.&nbsp;<\\/p>\\r\\n<p><img src=\\\"https:\\/\\/media.giphy.com\\/media\\/WIg8P0VNpgH8Q\\/giphy.gif\\\" alt=\\\"And there was much rejoicing\\\"><\\/p>\",\"40\":[\"95\"],\"15\":\"\",\"12\":{\"112\":{\"type\":\"image\",\"enabled\":\"1\",\"fields\":{\"image\":[\"113\"],\"focalPoint\":\"\",\"orientation\":\"landscape\",\"fill\":\"contain\"}}},\"14\":\"\",\"11\":\"<p>The team that I&nbsp;work with has long struggled with a question around story points:&nbsp;How do they scale?&nbsp;<\\/p>\",\"22\":\"landscape\",\"21\":\"\"}}', '2017-03-09 02:14:07', '2017-03-09 02:14:07', '1ac4956d-0c1d-465d-b2dc-0f3fc436ec0b'),
 ('277', '115', '8', '1', 'en_us', '1', '', '{\"typeId\":null,\"authorId\":\"1\",\"title\":\"PMI Agile Certified Practitioner\",\"slug\":\"pmi-agile-certified-practitioner\",\"postDate\":1491520789,\"expiryDate\":null,\"enabled\":1,\"parentId\":null,\"fields\":{\"23\":\"Project Management Institute\",\"24\":{\"date\":\"4\\/6\\/2017\"},\"25\":{\"date\":\"\"},\"17\":\"www.pmi.org\\/certifications\\/types\\/agile-acp\",\"18\":\"https:\\/\\/\"}}', '2017-04-06 23:19:49', '2017-04-06 23:19:49', '55059be7-0801-4531-8d3a-6c1b78f0e0db');



DROP TABLE IF EXISTS `craft_fieldgroups`;


--
-- Schema for table `craft_fieldgroups`
--
CREATE TABLE `craft_fieldgroups` (
  `id` int(11) NOT NULL AUTO_INCREMENT,
  `name` varchar(255) COLLATE utf8_unicode_ci NOT NULL,
  `dateCreated` datetime NOT NULL,
  `dateUpdated` datetime NOT NULL,
  `uid` char(36) COLLATE utf8_unicode_ci NOT NULL DEFAULT '0',
  PRIMARY KEY (`id`),
  UNIQUE KEY `craft_fieldgroups_name_unq_idx` (`name`)
) ENGINE=InnoDB AUTO_INCREMENT=14 DEFAULT CHARSET=utf8 COLLATE=utf8_unicode_ci;

--
-- Data for table `craft_fieldgroups`
--

INSERT INTO `craft_fieldgroups` (`id`, `name`, `dateCreated`, `dateUpdated`, `uid`) VALUES
 ('1', 'Blog', '2015-12-05 19:12:27', '2016-08-21 22:55:42', 'c0826702-39cb-4aa2-bf41-29df38abcbff'),
 ('3', 'Artwork Metadata', '2016-06-28 19:29:08', '2016-06-28 19:29:31', 'f04938a4-776a-486a-8730-73f334e8d286'),
 ('4', 'Artwork Display Settings', '2016-08-20 15:15:18', '2016-08-20 15:15:18', 'a6db787d-b77a-4a02-bbc1-5a5f13663c82'),
 ('5', 'Blog Display Settings', '2016-08-21 22:42:56', '2016-08-21 22:42:56', 'b1956940-ad2e-4e19-9770-ac5069547e21'),
 ('6', 'Display Settings', '2016-08-30 00:10:36', '2016-08-30 00:10:36', '4d68950c-bc08-414d-96c1-5f728a8f590b'),
 ('7', 'Web Development', '2016-08-30 00:24:38', '2016-08-30 00:32:03', '89226a82-8bf2-4a1d-bfe7-515c9ca6aacb'),
 ('8', 'Featured Image', '2016-08-30 00:25:58', '2016-08-30 00:25:58', '4b957632-76b5-4199-b2d5-9cab0503348e'),
 ('9', 'Certifications', '2016-09-01 22:10:45', '2016-09-01 22:10:45', '9aae5efb-9d7e-44d9-b79b-72a8da53883e'),
 ('10', 'Conferences', '2016-09-01 22:34:36', '2016-09-01 22:34:36', '68dda455-6584-464b-80aa-b9d382a397a0'),
 ('11', 'Home', '2016-09-01 23:20:03', '2016-09-01 23:20:03', 'd7729143-498a-496b-8053-b40b67bb9b0d'),
 ('12', 'Skills', '2016-09-05 02:53:29', '2016-09-05 02:53:29', '003650eb-a1ed-44e0-854c-a93b21335783'),
 ('13', 'Testimonials', '2016-09-22 01:10:13', '2016-09-22 01:10:13', '725110da-6320-4d98-b307-f60c0ee60890');



DROP TABLE IF EXISTS `craft_fieldlayoutfields`;


--
-- Schema for table `craft_fieldlayoutfields`
--
CREATE TABLE `craft_fieldlayoutfields` (
  `id` int(11) NOT NULL AUTO_INCREMENT,
  `layoutId` int(11) NOT NULL,
  `tabId` int(11) NOT NULL,
  `fieldId` int(11) NOT NULL,
  `required` tinyint(1) unsigned NOT NULL DEFAULT '0',
  `sortOrder` smallint(6) unsigned DEFAULT NULL,
  `dateCreated` datetime NOT NULL,
  `dateUpdated` datetime NOT NULL,
  `uid` char(36) COLLATE utf8_unicode_ci NOT NULL DEFAULT '0',
  PRIMARY KEY (`id`),
  UNIQUE KEY `craft_fieldlayoutfields_layoutId_fieldId_unq_idx` (`layoutId`,`fieldId`),
  KEY `craft_fieldlayoutfields_sortOrder_idx` (`sortOrder`),
  KEY `craft_fieldlayoutfields_tabId_fk` (`tabId`),
  KEY `craft_fieldlayoutfields_fieldId_fk` (`fieldId`)
) ENGINE=InnoDB AUTO_INCREMENT=485 DEFAULT CHARSET=utf8 COLLATE=utf8_unicode_ci;

--
-- Data for table `craft_fieldlayoutfields`
--

INSERT INTO `craft_fieldlayoutfields` (`id`, `layoutId`, `tabId`, `fieldId`, `required`, `sortOrder`, `dateCreated`, `dateUpdated`, `uid`) VALUES
 ('242', '107', '80', '7', '0', '1', '2016-09-01 02:13:44', '2016-09-01 02:13:44', '7f5f5712-6a3c-459b-b662-ae37924e3696'),
 ('243', '107', '80', '6', '0', '2', '2016-09-01 02:13:44', '2016-09-01 02:13:44', '2eeb61b2-94a3-4313-ae5a-3473f6076648'),
 ('244', '107', '80', '5', '0', '3', '2016-09-01 02:13:44', '2016-09-01 02:13:44', 'b4a3d67d-c600-4bd3-948c-c8c7adf26a9c'),
 ('245', '107', '80', '4', '0', '4', '2016-09-01 02:13:44', '2016-09-01 02:13:44', '59ba47a1-f906-4545-870e-e042600df5d4'),
 ('246', '107', '81', '15', '0', '1', '2016-09-01 02:13:44', '2016-09-01 02:13:44', '3c0bcc7d-ff77-46cc-8dee-d2b6bc2aeda8'),
 ('247', '107', '81', '14', '0', '2', '2016-09-01 02:13:44', '2016-09-01 02:13:44', '79b1a30e-0f33-4d18-817c-77bf4f184fdc'),
 ('248', '107', '81', '22', '0', '3', '2016-09-01 02:13:44', '2016-09-01 02:13:44', 'd551efb4-9ea2-44dc-968c-c4d9a4d6cb83'),
 ('249', '108', '82', '7', '0', '1', '2016-09-01 02:13:54', '2016-09-01 02:13:54', 'cd4241a3-a5ba-4711-9a86-d47161b66eba'),
 ('250', '108', '82', '6', '0', '2', '2016-09-01 02:13:54', '2016-09-01 02:13:54', '19fb9b47-3777-42e0-8666-58389271cc9a'),
 ('251', '108', '82', '5', '0', '3', '2016-09-01 02:13:54', '2016-09-01 02:13:54', 'b114e779-2d6f-4029-8546-047d52169e31'),
 ('252', '108', '82', '4', '0', '4', '2016-09-01 02:13:54', '2016-09-01 02:13:54', 'a3885caa-4895-4abf-b070-45a4af362441'),
 ('253', '108', '83', '15', '0', '1', '2016-09-01 02:13:54', '2016-09-01 02:13:54', '368119b2-044b-4b09-a380-b13bbf3a4f1c'),
 ('254', '108', '83', '14', '0', '2', '2016-09-01 02:13:54', '2016-09-01 02:13:54', '5e0a8c3c-f656-4743-9475-bab734def618'),
 ('255', '108', '83', '22', '0', '3', '2016-09-01 02:13:54', '2016-09-01 02:13:54', 'f2d017de-bf67-47e5-871d-a2502a4ff9d9'),
 ('256', '110', '84', '23', '0', '1', '2016-09-01 22:21:26', '2016-09-01 22:21:26', 'fd24a682-22fc-41d8-9104-54fefe3d3f53'),
 ('257', '110', '84', '24', '0', '2', '2016-09-01 22:21:26', '2016-09-01 22:21:26', '4f025277-e867-4aa7-a384-fe09dd58417f'),
 ('258', '110', '84', '25', '0', '3', '2016-09-01 22:21:26', '2016-09-01 22:21:26', '9f076000-c480-4116-8b93-e415769c89bf'),
 ('259', '110', '84', '18', '0', '4', '2016-09-01 22:21:26', '2016-09-01 22:21:26', '3929f798-296f-4d08-89be-84ddab2848a1'),
 ('260', '110', '84', '17', '0', '5', '2016-09-01 22:21:26', '2016-09-01 22:21:26', 'c1540bf0-3d47-4164-ad16-a11916f901d3'),
 ('261', '115', '85', '28', '0', '1', '2016-09-01 23:25:38', '2016-09-01 23:25:38', '308d2fc5-72b4-43b7-ac5c-a71a3040ac7d'),
 ('262', '115', '85', '29', '0', '2', '2016-09-01 23:25:38', '2016-09-01 23:25:38', '1dad9d73-b172-4b3f-a67f-15dea1ee8f6f'),
 ('267', '117', '87', '26', '0', '1', '2016-09-02 00:35:35', '2016-09-02 00:35:35', '9b9c1c99-6397-4999-89e1-880d18a5a399'),
 ('268', '117', '87', '18', '0', '2', '2016-09-02 00:35:35', '2016-09-02 00:35:35', 'de7031cc-a884-4548-b15b-c16c95e7e82a'),
 ('269', '117', '87', '17', '0', '3', '2016-09-02 00:35:35', '2016-09-02 00:35:35', 'a8af9ed4-ad93-4755-8a6e-c322c509eb9a'),
 ('326', '130', '106', '31', '0', '1', '2016-09-05 02:58:15', '2016-09-05 02:58:15', '66067be4-7742-4eae-8fb1-8b3085831e4e'),
 ('327', '130', '106', '19', '0', '2', '2016-09-05 02:58:15', '2016-09-05 02:58:15', 'd40ca106-b437-486e-820d-19b2c22308eb'),
 ('328', '131', '107', '31', '0', '1', '2016-09-05 02:58:29', '2016-09-05 02:58:29', '37a2b614-6240-489f-9f74-88ee8d3f2aae'),
 ('329', '131', '107', '19', '0', '2', '2016-09-05 02:58:29', '2016-09-05 02:58:29', '81bae5d2-1cd2-4c6d-a3bd-e0cf76877a46'),
 ('330', '132', '108', '31', '0', '1', '2016-09-05 02:59:46', '2016-09-05 02:59:46', 'e177d7fe-a5b5-47c4-8151-76551c7afe86'),
 ('331', '132', '108', '19', '0', '2', '2016-09-05 02:59:46', '2016-09-05 02:59:46', 'a30aae61-992e-4a30-9844-a00d58ed0402'),
 ('332', '133', '109', '31', '0', '1', '2016-09-05 03:00:13', '2016-09-05 03:00:13', '4788d47c-b333-4294-babc-39f62dfe5f2f'),
 ('333', '133', '109', '19', '0', '2', '2016-09-05 03:00:13', '2016-09-05 03:00:13', 'c1ed75ec-6e54-40d7-a642-baaddd68e3b7'),
 ('356', '139', '116', '1', '0', '1', '2016-09-08 01:50:30', '2016-09-08 01:50:30', '04098eef-5544-4486-90d3-10bad61e8524'),
 ('403', '147', '130', '1', '0', '1', '2016-09-11 18:51:37', '2016-09-11 18:51:37', '4a960bf0-4639-445f-aca9-4647681bb961'),
 ('404', '147', '130', '19', '0', '2', '2016-09-11 18:51:37', '2016-09-11 18:51:37', '097977a2-0ce6-4cdd-a805-c75201875d26'),
 ('405', '147', '130', '20', '0', '3', '2016-09-11 18:51:37', '2016-09-11 18:51:37', '7d90d5d6-b756-4017-9a06-08645ce282c5'),
 ('406', '147', '130', '18', '0', '4', '2016-09-11 18:51:37', '2016-09-11 18:51:37', 'bbe8488e-52e3-4860-a5d1-bfbafac231b0'),
 ('407', '147', '130', '17', '0', '5', '2016-09-11 18:51:37', '2016-09-11 18:51:37', '6d0c66b5-d084-401f-8ce6-11ab0b898401'),
 ('408', '147', '130', '37', '0', '6', '2016-09-11 18:51:37', '2016-09-11 18:51:37', '4c7bc38c-1176-462f-9e97-571fe0c719b8'),
 ('409', '147', '130', '32', '0', '7', '2016-09-11 18:51:37', '2016-09-11 18:51:37', '04544bf7-38d8-40ab-a95a-04dd776347ee'),
 ('410', '147', '131', '11', '0', '1', '2016-09-11 18:51:37', '2016-09-11 18:51:37', 'abbe0663-d84f-4a37-be94-87fe80e9d18b'),
 ('411', '147', '131', '21', '0', '2', '2016-09-11 18:51:37', '2016-09-11 18:51:37', '3604a0d6-8851-4d61-a83b-fd83c1aa4c8e'),
 ('412', '147', '132', '12', '0', '1', '2016-09-11 18:51:37', '2016-09-11 18:51:37', '366f1c3c-f1e3-4556-b4c5-2f718e013353'),
 ('413', '147', '133', '15', '0', '1', '2016-09-11 18:51:37', '2016-09-11 18:51:37', '78891f63-e98f-4b72-b0e1-d4ef1343bb4d'),
 ('415', '149', '135', '31', '0', '1', '2016-09-13 22:07:51', '2016-09-13 22:07:51', '390e031c-a675-4dcc-89f9-f2ebc862c59e'),
 ('416', '149', '135', '19', '0', '2', '2016-09-13 22:07:51', '2016-09-13 22:07:51', '8b488345-e905-42f4-bb88-14a51324dda8'),
 ('420', '153', '137', '1', '0', '1', '2016-09-22 01:16:24', '2016-09-22 01:16:24', 'b0207991-d616-44e1-9f6a-9976a66c850d'),
 ('421', '153', '137', '38', '0', '2', '2016-09-22 01:16:24', '2016-09-22 01:16:24', '77d34744-e990-4248-874f-04cf4c824e2d'),
 ('422', '153', '137', '39', '0', '3', '2016-09-22 01:16:24', '2016-09-22 01:16:24', 'ec6ebe47-34d6-4cea-8605-b70414e66d38'),
 ('423', '153', '137', '7', '0', '4', '2016-09-22 01:16:24', '2016-09-22 01:16:24', 'a0a05aea-47c9-43c7-894b-e1c712c3bed1'),
 ('434', '156', '140', '33', '0', '1', '2016-10-03 19:24:43', '2016-10-03 19:24:43', '9c7aded2-60b0-411c-9b08-840084dc7715'),
 ('435', '156', '140', '34', '0', '2', '2016-10-03 19:24:43', '2016-10-03 19:24:43', '28dadfa5-0284-4abf-b803-c1cb61f14728'),
 ('436', '156', '140', '35', '0', '3', '2016-10-03 19:24:43', '2016-10-03 19:24:43', 'a0ef72fc-6677-4c38-bb21-acd57bb4074a'),
 ('437', '156', '140', '36', '0', '4', '2016-10-03 19:24:43', '2016-10-03 19:24:43', 'a0e9f5cb-bfee-4ad8-b595-1496aab737a6'),
 ('445', '158', '144', '1', '0', '1', '2016-11-03 00:21:17', '2016-11-03 00:21:17', '40f93772-94ad-4caa-b7c1-6bd0b8a668db'),
 ('446', '158', '144', '11', '0', '2', '2016-11-03 00:21:17', '2016-11-03 00:21:17', '37b31732-b89a-4102-b626-7ff53015da29'),
 ('447', '158', '144', '12', '0', '3', '2016-11-03 00:21:17', '2016-11-03 00:21:17', 'd80fded3-5818-43d7-bdd6-d4f21c1864f2'),
 ('448', '158', '145', '15', '0', '1', '2016-11-03 00:21:17', '2016-11-03 00:21:17', '1fc004e4-4b79-4d5e-a731-f65eac9cbe53'),
 ('449', '158', '145', '14', '0', '2', '2016-11-03 00:21:17', '2016-11-03 00:21:17', '413ad7c8-8d37-451f-800c-cbfa8435b461'),
 ('450', '159', '146', '1', '0', '1', '2016-11-03 00:21:24', '2016-11-03 00:21:24', 'cb5fc2b9-e87d-4565-bb8d-a4f59064c720'),
 ('451', '159', '146', '11', '0', '2', '2016-11-03 00:21:24', '2016-11-03 00:21:24', '678d0200-7e15-4521-ada2-4c268ccfd9a0'),
 ('452', '159', '146', '12', '0', '3', '2016-11-03 00:21:24', '2016-11-03 00:21:24', '24f85a00-b4e0-47bf-a3f7-91e6fdb5e870'),
 ('453', '159', '147', '15', '0', '1', '2016-11-03 00:21:24', '2016-11-03 00:21:24', 'f3cf29ec-df96-4ac7-9c74-22c06ed31e29'),
 ('454', '159', '147', '14', '0', '2', '2016-11-03 00:21:24', '2016-11-03 00:21:24', 'd05108f9-a4e1-42f1-8e6c-eae8c34198b1'),
 ('455', '161', '148', '1', '0', '1', '2016-11-03 00:33:48', '2016-11-03 00:33:48', '33ba4395-d822-4c42-8c44-1585ce19645f'),
 ('456', '161', '148', '40', '0', '2', '2016-11-03 00:33:48', '2016-11-03 00:33:48', 'fb612e7e-557b-4f69-9c15-0097ebafae6d'),
 ('457', '161', '148', '11', '0', '3', '2016-11-03 00:33:48', '2016-11-03 00:33:48', '082116d3-634a-4814-a404-ae9c816d16c7'),
 ('458', '161', '148', '21', '0', '4', '2016-11-03 00:33:48', '2016-11-03 00:33:48', '3cf4880c-5887-44ae-b646-5969981b63f9'),
 ('459', '161', '149', '12', '0', '1', '2016-11-03 00:33:48', '2016-11-03 00:33:48', '3b8abe2a-5f8f-4942-9cbe-9818afb41bc9'),
 ('460', '161', '149', '22', '0', '2', '2016-11-03 00:33:48', '2016-11-03 00:33:48', 'f4ea7e25-040a-4c06-97ca-b273247a8c63'),
 ('461', '161', '149', '14', '0', '3', '2016-11-03 00:33:48', '2016-11-03 00:33:48', '64eee6c1-70fe-47bd-9ba0-edc1662c928f'),
 ('462', '161', '150', '15', '0', '1', '2016-11-03 00:33:48', '2016-11-03 00:33:48', 'd6ba4965-ff6d-43df-b612-bf99b2ec77b6'),
 ('477', '165', '155', '12', '0', '1', '2016-11-16 01:17:44', '2016-11-16 01:17:44', 'de93b961-956e-40f7-b862-f7d3dcae9e48'),
 ('478', '165', '155', '7', '0', '2', '2016-11-16 01:17:44', '2016-11-16 01:17:44', '37b180af-5ad4-44e6-a66a-6b04dd827453'),
 ('479', '165', '155', '6', '0', '3', '2016-11-16 01:17:44', '2016-11-16 01:17:44', '70f422f6-7855-4e22-92e8-c6014794b066'),
 ('480', '165', '155', '41', '0', '4', '2016-11-16 01:17:44', '2016-11-16 01:17:44', 'e3ca7a54-6af6-4554-829b-5dcf1c96262a'),
 ('481', '165', '155', '5', '0', '5', '2016-11-16 01:17:44', '2016-11-16 01:17:44', '1ed02fef-fc12-419f-8422-d9b904773e70'),
 ('482', '165', '156', '15', '0', '1', '2016-11-16 01:17:44', '2016-11-16 01:17:44', 'e869bcbb-e946-4e11-a70d-daf887699f47'),
 ('483', '165', '156', '14', '0', '2', '2016-11-16 01:17:44', '2016-11-16 01:17:44', '12e93d3c-5836-46bb-afea-225ed02543f4'),
 ('484', '165', '156', '22', '0', '3', '2016-11-16 01:17:44', '2016-11-16 01:17:44', '77ac895c-bf6d-4d4c-bddf-87937f239e38');



DROP TABLE IF EXISTS `craft_fieldlayouts`;


--
-- Schema for table `craft_fieldlayouts`
--
CREATE TABLE `craft_fieldlayouts` (
  `id` int(11) NOT NULL AUTO_INCREMENT,
  `type` varchar(150) COLLATE utf8_unicode_ci NOT NULL,
  `dateCreated` datetime NOT NULL,
  `dateUpdated` datetime NOT NULL,
  `uid` char(36) COLLATE utf8_unicode_ci NOT NULL DEFAULT '0',
  PRIMARY KEY (`id`),
  KEY `craft_fieldlayouts_type_idx` (`type`)
) ENGINE=InnoDB AUTO_INCREMENT=166 DEFAULT CHARSET=utf8 COLLATE=utf8_unicode_ci;

--
-- Data for table `craft_fieldlayouts`
--

INSERT INTO `craft_fieldlayouts` (`id`, `type`, `dateCreated`, `dateUpdated`, `uid`) VALUES
 ('22', 'Asset', '2016-01-18 23:01:19', '2016-01-18 23:01:19', 'ef8c01b6-8bc0-4e10-8881-65974204f6ec'),
 ('90', 'Entry', '2016-08-27 16:38:52', '2016-08-27 16:38:52', '1ae116b2-74b6-497e-866f-04d5791aca2f'),
 ('91', 'Entry', '2016-08-28 02:00:15', '2016-08-28 02:00:15', 'b7f9cd08-21e8-4609-aa1e-b615f85c4368'),
 ('106', 'Tag', '2016-08-31 01:29:36', '2016-08-31 01:29:36', '06a95602-b33c-4781-b096-3ccff2162975'),
 ('107', 'Entry', '2016-09-01 02:13:44', '2016-09-01 02:13:44', 'f17d614b-feb9-4af0-8ea4-82574e76331c'),
 ('108', 'Entry', '2016-09-01 02:13:54', '2016-09-01 02:13:54', 'b5b05885-0f00-4666-accb-18c37f9bc54a'),
 ('110', 'Entry', '2016-09-01 22:21:26', '2016-09-01 22:21:26', 'f8b0a12c-3625-4912-875e-009bc8960a2f'),
 ('115', 'MatrixBlock', '2016-09-01 23:25:38', '2016-09-01 23:25:38', 'e6bbd492-4438-437f-b8f3-f49de247fac0'),
 ('117', 'Entry', '2016-09-02 00:35:35', '2016-09-02 00:35:35', '33e45719-0ae1-429d-be09-de58f83ab061'),
 ('130', 'Entry', '2016-09-05 02:58:15', '2016-09-05 02:58:15', '4178ea9f-dac1-4a89-8b38-eab6d6805a47'),
 ('131', 'Entry', '2016-09-05 02:58:29', '2016-09-05 02:58:29', 'b06a8dec-4b07-44bf-b278-9559b050c647'),
 ('132', 'Entry', '2016-09-05 02:59:46', '2016-09-05 02:59:46', '87347a98-7165-4193-bd16-99650ac42f1f'),
 ('133', 'Entry', '2016-09-05 03:00:13', '2016-09-05 03:00:13', '0feee342-0f4a-4fd1-8daa-1e325233bbd5'),
 ('139', 'Entry', '2016-09-08 01:50:30', '2016-09-08 01:50:30', 'e213b512-6b0f-4f1d-ba2b-da9794c124b4'),
 ('147', 'Entry', '2016-09-11 18:51:37', '2016-09-11 18:51:37', 'f2096663-12a8-4ae2-87e6-16f5bf725d56'),
 ('149', 'Entry', '2016-09-13 22:07:51', '2016-09-13 22:07:51', '102ba423-7950-4301-aa4e-16db50b97d7f'),
 ('151', 'Asset', '2016-09-16 00:41:10', '2016-09-16 00:41:10', '50efea08-9eca-4d32-ad34-41507e571fee'),
 ('153', 'Entry', '2016-09-22 01:16:24', '2016-09-22 01:16:24', 'b9faa5ae-6e08-4e5e-afa2-e52193cadd5a'),
 ('156', 'MatrixBlock', '2016-10-03 19:24:43', '2016-10-03 19:24:43', 'fe493657-6ba0-47b6-8307-c0706fb6d05d'),
 ('158', 'Entry', '2016-11-03 00:21:17', '2016-11-03 00:21:17', '6b17eca4-133b-4761-aba6-51be4aaaaf47'),
 ('159', 'Entry', '2016-11-03 00:21:24', '2016-11-03 00:21:24', 'cb83c0a9-2b57-4a11-a499-6ec046c58103'),
 ('160', 'Category', '2016-11-03 00:24:52', '2016-11-03 00:24:52', '264cc2bb-1748-4ee8-a630-6557dc0963db'),
 ('161', 'Entry', '2016-11-03 00:33:48', '2016-11-03 00:33:48', '78344c07-c049-4618-b475-d03dc5d4d37b'),
 ('162', 'Category', '2016-11-16 00:59:20', '2016-11-16 00:59:20', '3afe9c4e-a560-45e9-a150-7f6756f51fd2'),
 ('165', 'Entry', '2016-11-16 01:17:44', '2016-11-16 01:17:44', '4bee0f7c-9a13-4007-ba10-f3fc1fa65dcf');



DROP TABLE IF EXISTS `craft_fieldlayouttabs`;


--
-- Schema for table `craft_fieldlayouttabs`
--
CREATE TABLE `craft_fieldlayouttabs` (
  `id` int(11) NOT NULL AUTO_INCREMENT,
  `layoutId` int(11) NOT NULL,
  `name` varchar(255) COLLATE utf8_unicode_ci NOT NULL,
  `sortOrder` smallint(6) unsigned DEFAULT NULL,
  `dateCreated` datetime NOT NULL,
  `dateUpdated` datetime NOT NULL,
  `uid` char(36) COLLATE utf8_unicode_ci NOT NULL DEFAULT '0',
  PRIMARY KEY (`id`),
  KEY `craft_fieldlayouttabs_sortOrder_idx` (`sortOrder`),
  KEY `craft_fieldlayouttabs_layoutId_fk` (`layoutId`)
) ENGINE=InnoDB AUTO_INCREMENT=157 DEFAULT CHARSET=utf8 COLLATE=utf8_unicode_ci;

--
-- Data for table `craft_fieldlayouttabs`
--

INSERT INTO `craft_fieldlayouttabs` (`id`, `layoutId`, `name`, `sortOrder`, `dateCreated`, `dateUpdated`, `uid`) VALUES
 ('80', '107', 'Artwork Metadata', '1', '2016-09-01 02:13:44', '2016-09-01 02:13:44', 'ecbb0208-6b73-42c1-9a13-a14492c28590'),
 ('81', '107', 'Artwork Display Settings', '2', '2016-09-01 02:13:44', '2016-09-01 02:13:44', 'dfb99bdc-eef6-4798-8382-d04a4bf4b083'),
 ('82', '108', 'Artwork Metadata', '1', '2016-09-01 02:13:54', '2016-09-01 02:13:54', 'bc2ee613-292f-4b47-9791-54d7aa0577a3'),
 ('83', '108', 'Artwork Display Settings', '2', '2016-09-01 02:13:54', '2016-09-01 02:13:54', 'abda16d6-c6b3-41fe-b23e-82afe1453fb1'),
 ('84', '110', 'Certifications', '1', '2016-09-01 22:21:26', '2016-09-01 22:21:26', 'ff7d00cf-cce4-4d15-a4cd-dbf4a1557c0a'),
 ('85', '115', 'Content', '1', '2016-09-01 23:25:38', '2016-09-01 23:25:38', 'e83ecfa8-3b38-49a4-b5f8-5d65faa8be07'),
 ('87', '117', 'Conferences', '1', '2016-09-02 00:35:35', '2016-09-02 00:35:35', '113f8ec1-88aa-4886-90e8-75e4bdebdb4f'),
 ('106', '130', 'Skills', '1', '2016-09-05 02:58:15', '2016-09-05 02:58:15', 'a6f628db-4e50-40ce-b7ff-121284430e71'),
 ('107', '131', 'Skill', '1', '2016-09-05 02:58:29', '2016-09-05 02:58:29', 'e2442fbc-ffd7-4252-a770-cd05f61084a8'),
 ('108', '132', 'Skills', '1', '2016-09-05 02:59:46', '2016-09-05 02:59:46', '5fae95b2-4ad0-4b06-a122-3ba0c32bda03'),
 ('109', '133', 'Skills', '1', '2016-09-05 03:00:13', '2016-09-05 03:00:13', 'd6373d02-e879-4849-a9ec-f115bd1d1a46'),
 ('116', '139', 'Default', '1', '2016-09-08 01:50:30', '2016-09-08 01:50:30', '9e9e5501-8cd5-44f5-a178-2e0b48edfbb8'),
 ('130', '147', 'Web Development', '1', '2016-09-11 18:51:37', '2016-09-11 18:51:37', '18111e1f-6a33-4681-b0a4-c2030a68b118'),
 ('131', '147', 'Snippets', '2', '2016-09-11 18:51:37', '2016-09-11 18:51:37', '736d8cf0-60a5-472a-876f-ef1eb6966308'),
 ('132', '147', 'Featured Image', '3', '2016-09-11 18:51:37', '2016-09-11 18:51:37', 'b45f85dc-e866-4b16-9d6a-157eb2e840cd'),
 ('133', '147', 'Display Settings', '4', '2016-09-11 18:51:37', '2016-09-11 18:51:37', '508eaa40-2ef2-434d-8188-8d1462135560'),
 ('135', '149', 'Skills', '1', '2016-09-13 22:07:51', '2016-09-13 22:07:51', '425fb8d0-e51b-4dc8-8e43-37482ac50a63'),
 ('137', '153', 'Testimonial', '1', '2016-09-22 01:16:24', '2016-09-22 01:16:24', '4e2bc844-b083-46ef-b841-1e8ed58e152b'),
 ('140', '156', 'Content', '1', '2016-10-03 19:24:43', '2016-10-03 19:24:43', '04c1af86-aed2-432b-8e9d-3cdfc16e59f8'),
 ('144', '158', 'Blog', '1', '2016-11-03 00:21:17', '2016-11-03 00:21:17', '41ace495-d50f-474c-9100-c007ffe92f9b'),
 ('145', '158', 'Blog Display Settings', '2', '2016-11-03 00:21:17', '2016-11-03 00:21:17', 'fa88a142-da17-476f-8459-b2d9e217fec7'),
 ('146', '159', 'Blog', '1', '2016-11-03 00:21:24', '2016-11-03 00:21:24', '43657bbd-570b-4497-8f20-6446d50775b2'),
 ('147', '159', 'Blog Display Settings', '2', '2016-11-03 00:21:24', '2016-11-03 00:21:24', 'd6d60af1-c3b2-46fe-b109-ac26701314bd'),
 ('148', '161', 'Blog', '1', '2016-11-03 00:33:48', '2016-11-03 00:33:48', 'bae110e9-371e-498d-89b9-7dc70dc0fed0'),
 ('149', '161', 'Featured Image', '2', '2016-11-03 00:33:48', '2016-11-03 00:33:48', '79c726f6-2dad-407b-9966-81b90c3df021'),
 ('150', '161', 'Display Settings', '3', '2016-11-03 00:33:48', '2016-11-03 00:33:48', '390d0ac9-5a52-4a63-ac8c-6cbca1ff551d'),
 ('155', '165', 'Artwork Metadata', '1', '2016-11-16 01:17:44', '2016-11-16 01:17:44', 'ae0ef7ab-77e4-47bc-ab05-dadd41a9fe37'),
 ('156', '165', 'Artwork Display Settings', '2', '2016-11-16 01:17:44', '2016-11-16 01:17:44', '151246d3-1b96-4872-844c-4938bd5aa5a1');



DROP TABLE IF EXISTS `craft_fields`;


--
-- Schema for table `craft_fields`
--
CREATE TABLE `craft_fields` (
  `id` int(11) NOT NULL AUTO_INCREMENT,
  `groupId` int(11) DEFAULT NULL,
  `name` varchar(255) COLLATE utf8_unicode_ci NOT NULL,
  `handle` varchar(58) COLLATE utf8_unicode_ci NOT NULL,
  `context` varchar(255) COLLATE utf8_unicode_ci NOT NULL DEFAULT 'global',
  `instructions` text COLLATE utf8_unicode_ci,
  `translatable` tinyint(1) unsigned NOT NULL DEFAULT '0',
  `type` varchar(150) COLLATE utf8_unicode_ci NOT NULL,
  `settings` text COLLATE utf8_unicode_ci,
  `dateCreated` datetime NOT NULL,
  `dateUpdated` datetime NOT NULL,
  `uid` char(36) COLLATE utf8_unicode_ci NOT NULL DEFAULT '0',
  PRIMARY KEY (`id`),
  UNIQUE KEY `craft_fields_handle_context_unq_idx` (`handle`,`context`),
  KEY `craft_fields_context_idx` (`context`),
  KEY `craft_fields_groupId_fk` (`groupId`)
) ENGINE=InnoDB AUTO_INCREMENT=42 DEFAULT CHARSET=utf8 COLLATE=utf8_unicode_ci;

--
-- Data for table `craft_fields`
--

INSERT INTO `craft_fields` (`id`, `groupId`, `name`, `handle`, `context`, `instructions`, `translatable`, `type`, `settings`, `dateCreated`, `dateUpdated`, `uid`) VALUES
 ('1', '1', 'Body', 'body', 'global', NULL, '1', 'RichText', '{\"configFile\":\"Standard.json\",\"columnType\":\"text\"}', '2015-12-05 19:12:27', '2015-12-05 19:12:27', '76f3fba6-0355-45d6-b808-a02f81068ac3'),
 ('2', '1', 'Tags', 'tags', 'global', NULL, '0', 'Tags', '{\"source\":\"taggroup:1\"}', '2015-12-05 19:12:27', '2015-12-05 19:12:27', 'f4e70c99-d2ad-4acc-8c32-66583ca5ea04'),
 ('3', '1', 'Test Assets', 'testAssets', 'global', 'Upload an image?', '0', 'Assets', '{\"useSingleFolder\":\"1\",\"sources\":\"*\",\"defaultUploadLocationSource\":\"2\",\"defaultUploadLocationSubpath\":\"\",\"singleUploadLocationSource\":\"2\",\"singleUploadLocationSubpath\":\"\",\"restrictFiles\":\"1\",\"allowedKinds\":[\"image\"],\"limit\":\"\",\"viewMode\":\"list\",\"selectionLabel\":\"\"}', '2016-01-19 02:43:59', '2016-01-19 02:45:49', '075ca2fd-b74d-4fb3-bcd0-5f52518c7513'),
 ('4', '3', 'Title', 'artworkTitle', 'global', 'The title of the work', '0', 'RichText', '{\"configFile\":\"\",\"availableAssetSources\":\"*\",\"availableTransforms\":\"*\",\"cleanupHtml\":\"1\",\"purifyHtml\":\"1\",\"columnType\":\"text\"}', '2016-06-28 19:28:51', '2016-06-28 19:36:03', '4d3df312-25e9-46ce-aea5-009d79c18bbc'),
 ('5', '3', 'Media', 'media', 'global', 'The type of media used. E.g., acrylic on canvas, digital, etc.', '0', 'RichText', '{\"configFile\":\"\",\"availableAssetSources\":\"*\",\"availableTransforms\":\"*\",\"cleanupHtml\":\"1\",\"purifyHtml\":\"1\",\"columnType\":\"text\"}', '2016-06-28 19:30:08', '2016-06-28 19:35:48', '578acf51-6807-4e21-9052-712e291578a8'),
 ('6', '3', 'Artists&apos;s statement', 'artistStatement', 'global', 'Talk about the work here', '0', 'RichText', '{\"configFile\":\"\",\"availableAssetSources\":\"*\",\"availableTransforms\":\"*\",\"cleanupHtml\":\"1\",\"purifyHtml\":\"1\",\"columnType\":\"text\"}', '2016-06-28 19:31:17', '2016-06-28 19:35:55', 'fef42372-a843-441c-ad2c-d5035bd26983'),
 ('7', '3', 'Images', 'images', 'global', '', '0', 'Assets', '{\"useSingleFolder\":\"\",\"sources\":\"*\",\"defaultUploadLocationSource\":\"2\",\"defaultUploadLocationSubpath\":\"images\\/\",\"singleUploadLocationSource\":\"2\",\"singleUploadLocationSubpath\":\"\",\"restrictFiles\":\"\",\"limit\":\"\",\"viewMode\":\"list\",\"selectionLabel\":\"\"}', '2016-08-09 01:47:31', '2016-08-09 02:07:36', 'bfd063f8-20ab-4039-bb03-09be6f1d4a7f'),
 ('11', '1', 'Homepage Snippet', 'homepageSnippet', 'global', 'This is the text that will display on the home page. Don\'t add too much!', '0', 'RichText', '{\"configFile\":\"\",\"availableAssetSources\":\"\",\"availableTransforms\":\"\",\"cleanupHtml\":\"1\",\"purifyHtml\":\"1\",\"columnType\":\"text\"}', '2016-08-21 22:58:39', '2016-08-21 22:58:39', 'e35146de-b876-4857-b7d4-aacc93ee2a41'),
 ('12', '8', 'Featured Image', 'featuredImage', 'global', 'A featured image that will be used on the home page and index pages.', '0', 'Matrix', '{\"maxBlocks\":null}', '2016-08-21 23:18:54', '2016-10-03 19:24:43', 'e430ee9b-fb6a-4a3e-a37e-e1fdb0cfe717'),
 ('14', '8', 'Focal Point', 'focalPoint', 'global', 'Add some CSS to position the image. Left/right first, top/bottom second. ', '0', 'PlainText', '{\"placeholder\":\"\",\"maxLength\":\"\",\"multiline\":\"\",\"initialRows\":\"4\"}', '2016-08-30 00:11:08', '2016-08-30 00:26:46', '91d2ff21-4410-487e-88f0-48ba57ce73de'),
 ('15', '6', 'Featured', 'featured', 'global', '', '0', 'Lightswitch', '{\"default\":\"1\"}', '2016-08-30 00:11:33', '2016-08-30 00:11:33', '40955ac5-bccb-487c-b02b-5dc1f7f8b0b1'),
 ('17', '7', 'Web Link', 'webLink', 'global', 'The URL of the project.', '0', 'PlainText', '{\"placeholder\":\"\",\"maxLength\":\"\",\"multiline\":\"\",\"initialRows\":\"4\"}', '2016-08-30 00:39:06', '2016-08-30 00:39:06', 'b7d36419-bea2-4c9d-be28-1f970de96dc5'),
 ('18', '7', 'Web Prefix', 'webPrefix', 'global', 'Choose whether the site is http or https', '0', 'RadioButtons', '{\"options\":[{\"label\":\"http:\\/\\/\",\"value\":\"http:\\/\\/\",\"default\":\"1\"},{\"label\":\"https:\\/\\/\",\"value\":\"https:\\/\\/\",\"default\":\"\"}]}', '2016-08-30 00:40:37', '2016-08-31 03:05:18', '755ce0bb-e7a7-4e19-882f-198c2d25ac43'),
 ('19', '7', 'Start Date', 'startDate', 'global', 'The year I started working on this project.', '0', 'Date', '{\"minuteIncrement\":\"60\",\"showDate\":1,\"showTime\":0}', '2016-08-30 00:45:36', '2016-08-30 00:45:36', '9c9e86cc-ecfa-4a0a-80ad-28d7e4930c92'),
 ('20', '7', 'End Date', 'endDate', 'global', 'The date I finished working on this project', '0', 'Date', '{\"minuteIncrement\":\"60\",\"showDate\":1,\"showTime\":0}', '2016-08-30 00:46:09', '2016-08-30 00:46:09', '4bcce717-8a60-46d0-ba93-9fcc28985277'),
 ('21', '1', 'Index Snippet', 'indexSnippet', 'global', 'This is the snippet that will show up when a bunch of posts are listed. It can be as long as you want, but it\'s probably not a good idea to make it more than a short paragraph or two very short paragraphs.', '0', 'RichText', '{\"configFile\":\"\",\"availableAssetSources\":\"*\",\"availableTransforms\":\"*\",\"cleanupHtml\":\"1\",\"purifyHtml\":\"1\",\"columnType\":\"text\"}', '2016-08-31 00:19:46', '2016-08-31 00:19:59', 'c15a481e-cccd-4a30-8523-bbae11e382fd'),
 ('22', '4', 'Image Orientation', 'orientation', 'global', 'landscape or portrait', '0', 'RadioButtons', '{\"options\":[{\"label\":\"landscape\",\"value\":\"landscape\",\"default\":\"1\"},{\"label\":\"portrait\",\"value\":\"portrait\",\"default\":\"\"}]}', '2016-09-01 02:11:37', '2016-09-01 02:13:07', '0b0cc15f-7dbf-4451-8bae-c9a5c027e8d3'),
 ('23', '9', 'Certification Authority', 'certificationAuthority', 'global', '', '0', 'PlainText', '{\"placeholder\":\"\",\"maxLength\":\"\",\"multiline\":\"\",\"initialRows\":\"4\"}', '2016-09-01 22:11:31', '2016-09-01 22:11:31', '305c9da5-ae7c-44d2-81db-15f85ebf666e'),
 ('24', '9', 'Certification Date', 'certificationDate', 'global', '', '0', 'Date', '{\"minuteIncrement\":\"30\",\"showDate\":1,\"showTime\":0}', '2016-09-01 22:12:31', '2016-09-01 22:12:31', '26d89fa8-5e19-4aa0-8240-700b07abe455'),
 ('25', '9', 'Expiration Date', 'expirationDate', 'global', '', '0', 'Date', '{\"minuteIncrement\":\"30\",\"showDate\":1,\"showTime\":0}', '2016-09-01 22:12:46', '2016-09-01 22:12:46', 'ee10c92e-eac2-4773-ae32-c6b4fce9bad0'),
 ('26', '10', 'Date', 'date', 'global', '', '0', 'Date', '{\"minuteIncrement\":\"30\",\"showDate\":1,\"showTime\":0}', '2016-09-01 22:35:05', '2016-09-01 22:35:05', '568bbeb5-dce2-4839-b6d0-957737b384c7'),
 ('27', '11', 'Home Page Skills', 'homePageSkills', 'global', 'This field will display skills and stars to indicate the strength of those skills.', '0', 'Matrix', '{\"maxBlocks\":null}', '2016-09-01 23:25:37', '2016-09-01 23:25:37', '9b6e033a-07cf-48fe-92b0-248cb99576bc'),
 ('28', NULL, 'Skill', 'skill', 'matrixBlockType:1', '', '0', 'PlainText', '{\"placeholder\":\"\",\"maxLength\":\"\",\"multiline\":\"\",\"initialRows\":\"4\"}', '2016-09-01 23:25:38', '2016-09-01 23:25:38', '3397ebea-9298-461f-a9d6-ea2c7d169916'),
 ('29', NULL, 'Skill Strength', 'skillStrength', 'matrixBlockType:1', 'A number between one and five', '0', 'Number', '{\"min\":\"1\",\"max\":\"5\",\"decimals\":\"0\"}', '2016-09-01 23:25:38', '2016-09-01 23:25:38', 'b9991165-ea70-45c4-bf0a-a349c27b209e'),
 ('30', '1', 'Certifications Link', 'certificationsLink', 'global', '', '0', 'Entries', '{\"sources\":[\"section:8\"],\"limit\":\"\",\"selectionLabel\":\"\"}', '2016-09-05 01:32:29', '2016-09-05 01:32:29', 'f9242b85-2ce2-4e59-bf6c-5e80fe1fddf2'),
 ('31', '12', 'Strength', 'strength', 'global', '', '0', 'Number', '{\"min\":\"1\",\"max\":\"5\",\"decimals\":\"0\"}', '2016-09-05 02:56:13', '2016-09-05 02:56:13', '374d40c8-9d69-44e7-9f61-af2915f94524'),
 ('32', '7', 'Testimonials Link', 'testimonialsLink', 'global', '', '0', 'Entries', '{\"sources\":[\"section:11\"],\"limit\":\"\",\"selectionLabel\":\"\"}', '2016-09-08 01:37:21', '2016-09-08 01:37:21', 'b379659c-c2c8-479d-b7d8-5dc5276f77ab'),
 ('33', NULL, 'Image', 'image', 'matrixBlockType:2', 'This is the image.', '0', 'Assets', '{\"useSingleFolder\":\"\",\"sources\":\"*\",\"defaultUploadLocationSource\":\"2\",\"defaultUploadLocationSubpath\":\"assets\\/images\",\"singleUploadLocationSource\":\"2\",\"singleUploadLocationSubpath\":\"\",\"restrictFiles\":\"\",\"limit\":\"1\",\"viewMode\":\"list\",\"selectionLabel\":\"\"}', '2016-09-09 01:56:21', '2016-10-03 19:24:43', '960fc8e8-fa5a-43c9-8a13-b5dde1f5b2fc'),
 ('34', NULL, 'Focal Point', 'focalPoint', 'matrixBlockType:2', 'Add some CSS to position the image. Left/right first, top/bottom second. ', '0', 'PlainText', '{\"placeholder\":\"\",\"maxLength\":\"\",\"multiline\":\"\",\"initialRows\":\"4\"}', '2016-09-09 01:56:21', '2016-10-03 19:24:43', 'b284df68-ee54-4829-9ddc-62914ef38926'),
 ('35', NULL, 'Orientation', 'orientation', 'matrixBlockType:2', '', '0', 'RadioButtons', '{\"options\":[{\"label\":\"landscape\",\"value\":\"landscape\",\"default\":\"1\"},{\"label\":\"portrait\",\"value\":\"portrait\",\"default\":\"\"}]}', '2016-09-09 01:56:22', '2016-10-03 19:24:43', '0e306b82-4279-439e-84ea-30aab60a9986'),
 ('36', NULL, 'Fill', 'fill', 'matrixBlockType:2', 'This determines how the image fills the space.', '0', 'RadioButtons', '{\"options\":[{\"label\":\"contain\",\"value\":\"contain\",\"default\":\"\"},{\"label\":\"cover\",\"value\":\"cover\",\"default\":\"\"},{\"label\":\"auto\",\"value\":\"auto\",\"default\":\"\"},{\"label\":\"initial\",\"value\":\"initial\",\"default\":\"1\"}]}', '2016-09-09 01:56:22', '2016-10-03 19:24:43', 'cfc3d6fa-6806-48e7-bbcb-02b22cc96026'),
 ('37', '7', 'Skills Link', 'skillsLink', 'global', '', '0', 'Entries', '{\"sources\":[\"section:10\"],\"limit\":\"\",\"selectionLabel\":\"\"}', '2016-09-11 18:33:50', '2016-09-11 18:38:41', 'f774ee9d-a7b7-4ab4-a3d7-de5e935cb6b5'),
 ('38', '13', 'Job Title', 'jobTitle', 'global', 'Add the job title or relationship of the person who gave the testimonial.', '0', 'PlainText', '{\"placeholder\":\"\",\"maxLength\":\"\",\"multiline\":\"\",\"initialRows\":\"4\"}', '2016-09-22 01:11:13', '2016-09-22 01:11:13', 'd896938d-fa09-4bff-a231-f595a64760d3'),
 ('39', '13', 'Company', 'company', 'global', '', '0', 'PlainText', '{\"placeholder\":\"\",\"maxLength\":\"\",\"multiline\":\"\",\"initialRows\":\"4\"}', '2016-09-22 01:15:41', '2016-09-22 01:15:41', '9e6168b0-6ff2-4536-b646-b9ae67018053'),
 ('40', '1', 'Category', 'category', 'global', '', '0', 'Categories', '{\"source\":\"group:1\",\"limit\":\"1\",\"selectionLabel\":\"\"}', '2016-11-03 00:33:04', '2016-11-03 00:33:04', '0208f569-7c8a-4e11-b3cf-66934ab03baa'),
 ('41', '3', 'Art Category', 'artCategory', 'global', '', '0', 'Categories', '{\"source\":\"group:2\",\"limit\":\"\",\"selectionLabel\":\"\"}', '2016-11-16 01:15:23', '2016-11-16 01:16:07', '0dd4dd7f-7093-46ea-b58f-1ef284154dd3');



DROP TABLE IF EXISTS `craft_globalsets`;


--
-- Schema for table `craft_globalsets`
--
CREATE TABLE `craft_globalsets` (
  `id` int(11) NOT NULL,
  `name` varchar(255) COLLATE utf8_unicode_ci NOT NULL,
  `handle` varchar(255) COLLATE utf8_unicode_ci NOT NULL,
  `fieldLayoutId` int(10) DEFAULT NULL,
  `dateCreated` datetime NOT NULL,
  `dateUpdated` datetime NOT NULL,
  `uid` char(36) COLLATE utf8_unicode_ci NOT NULL DEFAULT '0',
  PRIMARY KEY (`id`),
  UNIQUE KEY `craft_globalsets_name_unq_idx` (`name`),
  UNIQUE KEY `craft_globalsets_handle_unq_idx` (`handle`),
  KEY `craft_globalsets_fieldLayoutId_fk` (`fieldLayoutId`)
) ENGINE=InnoDB DEFAULT CHARSET=utf8 COLLATE=utf8_unicode_ci;

DROP TABLE IF EXISTS `craft_info`;


--
-- Schema for table `craft_info`
--
CREATE TABLE `craft_info` (
  `id` int(11) NOT NULL AUTO_INCREMENT,
  `version` varchar(50) COLLATE utf8_unicode_ci NOT NULL,
  `schemaVersion` varchar(15) COLLATE utf8_unicode_ci NOT NULL,
  `edition` tinyint(1) unsigned NOT NULL DEFAULT '0',
  `siteName` varchar(100) COLLATE utf8_unicode_ci NOT NULL,
  `siteUrl` varchar(255) COLLATE utf8_unicode_ci NOT NULL,
  `timezone` varchar(30) COLLATE utf8_unicode_ci DEFAULT NULL,
  `on` tinyint(1) unsigned NOT NULL DEFAULT '0',
  `maintenance` tinyint(1) unsigned NOT NULL DEFAULT '0',
  `dateCreated` datetime NOT NULL,
  `dateUpdated` datetime NOT NULL,
  `uid` char(36) COLLATE utf8_unicode_ci NOT NULL DEFAULT '0',
  PRIMARY KEY (`id`)
) ENGINE=InnoDB AUTO_INCREMENT=2 DEFAULT CHARSET=utf8 COLLATE=utf8_unicode_ci;

--
-- Data for table `craft_info`
--

INSERT INTO `craft_info` (`id`, `version`, `schemaVersion`, `edition`, `siteName`, `siteUrl`, `timezone`, `on`, `maintenance`, `dateCreated`, `dateUpdated`, `uid`) VALUES
 ('1', '2.6.2973', '2.6.9', '0', '{siteName}', '{baseUrl}', 'UTC', '1', '0', '2015-12-05 19:12:26', '2017-04-18 01:08:22', '0c07b140-69e9-4bd3-be1b-ff617b9d94ed');



DROP TABLE IF EXISTS `craft_locales`;


--
-- Schema for table `craft_locales`
--
CREATE TABLE `craft_locales` (
  `locale` char(12) COLLATE utf8_unicode_ci NOT NULL,
  `sortOrder` smallint(6) unsigned DEFAULT NULL,
  `dateCreated` datetime NOT NULL,
  `dateUpdated` datetime NOT NULL,
  `uid` char(36) COLLATE utf8_unicode_ci NOT NULL DEFAULT '0',
  PRIMARY KEY (`locale`),
  KEY `craft_locales_sortOrder_idx` (`sortOrder`)
) ENGINE=InnoDB DEFAULT CHARSET=utf8 COLLATE=utf8_unicode_ci;

--
-- Data for table `craft_locales`
--

INSERT INTO `craft_locales` (`locale`, `sortOrder`, `dateCreated`, `dateUpdated`, `uid`) VALUES
 ('en_us', '1', '2015-12-05 19:12:26', '2015-12-05 19:12:26', '68cf1a3a-32a0-4024-90ce-5342d50f00dd');



DROP TABLE IF EXISTS `craft_matrixblocks`;


--
-- Schema for table `craft_matrixblocks`
--
CREATE TABLE `craft_matrixblocks` (
  `id` int(11) NOT NULL,
  `ownerId` int(11) NOT NULL,
  `fieldId` int(11) NOT NULL,
  `typeId` int(11) DEFAULT NULL,
  `sortOrder` smallint(6) unsigned DEFAULT NULL,
  `ownerLocale` char(12) COLLATE utf8_unicode_ci DEFAULT NULL,
  `dateCreated` datetime NOT NULL,
  `dateUpdated` datetime NOT NULL,
  `uid` char(36) COLLATE utf8_unicode_ci NOT NULL DEFAULT '0',
  PRIMARY KEY (`id`),
  KEY `craft_matrixblocks_ownerId_idx` (`ownerId`),
  KEY `craft_matrixblocks_fieldId_idx` (`fieldId`),
  KEY `craft_matrixblocks_typeId_idx` (`typeId`),
  KEY `craft_matrixblocks_sortOrder_idx` (`sortOrder`),
  KEY `craft_matrixblocks_ownerLocale_fk` (`ownerLocale`)
) ENGINE=InnoDB DEFAULT CHARSET=utf8 COLLATE=utf8_unicode_ci;

--
-- Data for table `craft_matrixblocks`
--

INSERT INTO `craft_matrixblocks` (`id`, `ownerId`, `fieldId`, `typeId`, `sortOrder`, `ownerLocale`, `dateCreated`, `dateUpdated`, `uid`) VALUES
 ('46', '2', '27', '1', '1', NULL, '2016-09-01 23:28:22', '2016-09-02 00:14:24', '5188465d-8e86-4bd5-8ad9-c908a94ac8bc'),
 ('47', '2', '27', '1', '2', NULL, '2016-09-01 23:28:22', '2016-09-02 00:14:24', 'a856110c-d6d9-43a0-aba3-9f0a09a7bb60'),
 ('48', '2', '27', '1', '3', NULL, '2016-09-01 23:28:22', '2016-09-02 00:14:24', '65a87738-6f44-4a30-bd23-d804ec10df79'),
 ('49', '2', '27', '1', '4', NULL, '2016-09-02 00:08:56', '2016-09-02 00:14:24', '556d040d-1cce-4bfd-a43b-6bd8e193bf0d'),
 ('50', '2', '27', '1', '5', NULL, '2016-09-02 00:12:17', '2016-09-02 00:14:24', '2d411a38-7f18-4325-a4b6-007ce789f7da'),
 ('51', '2', '27', '1', '6', NULL, '2016-09-02 00:12:17', '2016-09-02 00:14:24', '26a917d0-3ab1-4c7e-a1eb-62971337bf2a'),
 ('52', '2', '27', '1', '7', NULL, '2016-09-02 00:14:24', '2016-09-02 00:14:24', '330a4dd5-960a-4b85-b003-99983eb3d326'),
 ('67', '64', '12', '2', '1', NULL, '2016-09-10 02:05:35', '2016-11-03 00:34:43', 'ff078a7f-7294-4b27-97b2-362f8075e268'),
 ('70', '69', '12', '2', '1', NULL, '2016-09-11 15:26:37', '2016-11-03 00:34:27', '14e29ec0-0ca9-4dee-8e2d-103e31cec535'),
 ('71', '30', '12', '2', '1', NULL, '2016-09-11 17:32:44', '2017-03-09 01:41:36', '160a29c8-3389-40cb-9bfe-8fb90aad4360'),
 ('72', '43', '12', '2', '1', NULL, '2016-09-11 17:33:32', '2016-10-04 02:13:14', '4d23ee01-160a-4334-92a8-e3a2017ee1da'),
 ('90', '89', '12', '2', '1', NULL, '2016-10-03 17:25:40', '2016-10-04 02:12:44', '7fb29272-c4d0-4037-81f4-d1db1952e34f'),
 ('94', '92', '12', '2', '1', NULL, '2016-10-04 01:25:21', '2016-10-04 02:13:35', '984cabf5-79ee-4746-b6b1-4392234e7d20'),
 ('108', '107', '12', '2', '1', NULL, '2016-11-16 02:04:14', '2016-11-16 02:09:42', 'b4705ad7-de83-428e-8cd3-22adb6618627'),
 ('112', '110', '12', '2', '1', NULL, '2016-12-14 00:59:22', '2017-03-09 02:14:07', '87d5ac5d-c7e7-4e85-a55f-617955097b18');



DROP TABLE IF EXISTS `craft_matrixblocktypes`;


--
-- Schema for table `craft_matrixblocktypes`
--
CREATE TABLE `craft_matrixblocktypes` (
  `id` int(11) NOT NULL AUTO_INCREMENT,
  `fieldId` int(11) NOT NULL,
  `fieldLayoutId` int(11) DEFAULT NULL,
  `name` varchar(255) COLLATE utf8_unicode_ci NOT NULL,
  `handle` varchar(255) COLLATE utf8_unicode_ci NOT NULL,
  `sortOrder` smallint(6) unsigned DEFAULT NULL,
  `dateCreated` datetime NOT NULL,
  `dateUpdated` datetime NOT NULL,
  `uid` char(36) COLLATE utf8_unicode_ci NOT NULL DEFAULT '0',
  PRIMARY KEY (`id`),
  UNIQUE KEY `craft_matrixblocktypes_name_fieldId_unq_idx` (`name`,`fieldId`),
  UNIQUE KEY `craft_matrixblocktypes_handle_fieldId_unq_idx` (`handle`,`fieldId`),
  KEY `craft_matrixblocktypes_fieldId_fk` (`fieldId`),
  KEY `craft_matrixblocktypes_fieldLayoutId_fk` (`fieldLayoutId`)
) ENGINE=InnoDB AUTO_INCREMENT=3 DEFAULT CHARSET=utf8 COLLATE=utf8_unicode_ci;

--
-- Data for table `craft_matrixblocktypes`
--

INSERT INTO `craft_matrixblocktypes` (`id`, `fieldId`, `fieldLayoutId`, `name`, `handle`, `sortOrder`, `dateCreated`, `dateUpdated`, `uid`) VALUES
 ('1', '27', '115', 'Skill Stars', 'skillStars', '1', '2016-09-01 23:25:38', '2016-09-01 23:25:38', '9c9090eb-17aa-4884-aa2a-6192eb0ffe1f'),
 ('2', '12', '156', 'Image', 'image', '1', '2016-09-09 01:56:21', '2016-10-03 19:24:43', 'f96226f3-afdc-4371-86f6-a9f76c639dec');



DROP TABLE IF EXISTS `craft_matrixcontent_featuredimage`;


--
-- Schema for table `craft_matrixcontent_featuredimage`
--
CREATE TABLE `craft_matrixcontent_featuredimage` (
  `id` int(11) NOT NULL AUTO_INCREMENT,
  `elementId` int(11) NOT NULL,
  `locale` char(12) COLLATE utf8_unicode_ci NOT NULL,
  `field_image_focalPoint` text COLLATE utf8_unicode_ci,
  `field_image_orientation` varchar(255) COLLATE utf8_unicode_ci DEFAULT 'landscape',
  `field_image_fill` varchar(255) COLLATE utf8_unicode_ci DEFAULT 'initial',
  `dateCreated` datetime NOT NULL,
  `dateUpdated` datetime NOT NULL,
  `uid` char(36) COLLATE utf8_unicode_ci NOT NULL DEFAULT '0',
  PRIMARY KEY (`id`),
  UNIQUE KEY `craft_matrixcontent_featuredimage_elementId_locale_unq_idx` (`elementId`,`locale`),
  KEY `craft_matrixcontent_featuredimage_locale_fk` (`locale`)
) ENGINE=InnoDB AUTO_INCREMENT=10 DEFAULT CHARSET=utf8 COLLATE=utf8_unicode_ci;

--
-- Data for table `craft_matrixcontent_featuredimage`
--

INSERT INTO `craft_matrixcontent_featuredimage` (`id`, `elementId`, `locale`, `field_image_focalPoint`, `field_image_orientation`, `field_image_fill`, `dateCreated`, `dateUpdated`, `uid`) VALUES
 ('1', '67', 'en_us', '', 'landscape', 'contain', '2016-09-10 02:05:35', '2016-11-03 00:34:43', '83d968b2-017a-4dae-ab3c-019fc96a4580'),
 ('2', '70', 'en_us', '', 'landscape', 'cover', '2016-09-11 15:26:37', '2016-11-03 00:34:27', '317560c3-ec8b-45a8-aded-e63bd6e3dc52'),
 ('3', '71', 'en_us', '', 'landscape', 'initial', '2016-09-11 17:32:44', '2017-03-09 01:41:36', '6dd03754-a65f-4ce4-833d-169a999c1e3b'),
 ('4', '72', 'en_us', 'up down', 'portrait', 'initial', '2016-09-11 17:33:32', '2016-10-04 02:13:14', '6201e83b-07d5-43fb-9be8-55ebe9017421'),
 ('5', '90', 'en_us', 'center top', 'landscape', 'cover', '2016-10-03 17:25:40', '2016-10-04 02:12:44', '5cdfbec4-689e-47dc-a9c5-40b144864843'),
 ('7', '94', 'en_us', '', 'landscape', 'initial', '2016-10-04 01:25:21', '2016-10-04 02:13:35', 'c314e14a-66a7-46c6-b134-221cacb3979c'),
 ('8', '108', 'en_us', '', 'landscape', 'initial', '2016-11-16 02:04:14', '2016-11-16 02:09:42', 'e878684c-0e9f-4750-8dec-eb58e4fbcd9d'),
 ('9', '112', 'en_us', '', 'landscape', 'contain', '2016-12-14 00:59:22', '2017-03-09 02:14:07', '769b1d49-999d-47bb-96ae-6a05b61f0412');



DROP TABLE IF EXISTS `craft_matrixcontent_homepageskills`;


--
-- Schema for table `craft_matrixcontent_homepageskills`
--
CREATE TABLE `craft_matrixcontent_homepageskills` (
  `id` int(11) NOT NULL AUTO_INCREMENT,
  `elementId` int(11) NOT NULL,
  `locale` char(12) COLLATE utf8_unicode_ci NOT NULL,
  `field_skillStars_skill` text COLLATE utf8_unicode_ci,
  `field_skillStars_skillStrength` tinyint(1) unsigned DEFAULT '0',
  `dateCreated` datetime NOT NULL,
  `dateUpdated` datetime NOT NULL,
  `uid` char(36) COLLATE utf8_unicode_ci NOT NULL DEFAULT '0',
  PRIMARY KEY (`id`),
  UNIQUE KEY `craft_matrixcontent_homepageskills_elementId_locale_unq_idx` (`elementId`,`locale`),
  KEY `craft_matrixcontent_homepageskills_locale_fk` (`locale`)
) ENGINE=InnoDB AUTO_INCREMENT=8 DEFAULT CHARSET=utf8 COLLATE=utf8_unicode_ci;

--
-- Data for table `craft_matrixcontent_homepageskills`
--

INSERT INTO `craft_matrixcontent_homepageskills` (`id`, `elementId`, `locale`, `field_skillStars_skill`, `field_skillStars_skillStrength`, `dateCreated`, `dateUpdated`, `uid`) VALUES
 ('1', '46', 'en_us', 'PHP', '4', '2016-09-01 23:28:21', '2016-09-02 00:14:24', '8b22f533-c996-44b8-8bc0-855ac9df260b'),
 ('2', '47', 'en_us', 'JavaScript', '5', '2016-09-01 23:28:22', '2016-09-02 00:14:24', '40040124-c160-4a13-86ec-3a61c24ba78e'),
 ('3', '48', 'en_us', 'jQuery', '5', '2016-09-01 23:28:22', '2016-09-02 00:14:24', '9adbae6b-029a-4cda-9ef2-520933a7e7f4'),
 ('4', '49', 'en_us', 'Scrum', '4', '2016-09-02 00:08:56', '2016-09-02 00:14:24', '75b3a4d6-6d7c-4b02-b20b-a0abd5d25443'),
 ('5', '50', 'en_us', 'Angular', '3', '2016-09-02 00:12:17', '2016-09-02 00:14:24', 'f36813f8-dcdb-4530-b8cb-3bbe53383ad8'),
 ('6', '51', 'en_us', 'XP', '2', '2016-09-02 00:12:17', '2016-09-02 00:14:24', 'bae3366e-0888-4b73-8277-e4563de1456d'),
 ('7', '52', 'en_us', 'Kanban', '3', '2016-09-02 00:14:24', '2016-09-02 00:14:24', '5842123c-0cbf-4c39-9cbb-222390d69aec');



DROP TABLE IF EXISTS `craft_migrations`;


--
-- Schema for table `craft_migrations`
--
CREATE TABLE `craft_migrations` (
  `id` int(11) NOT NULL AUTO_INCREMENT,
  `pluginId` int(11) DEFAULT NULL,
  `version` varchar(255) COLLATE utf8_unicode_ci NOT NULL,
  `applyTime` datetime NOT NULL,
  `dateCreated` datetime NOT NULL,
  `dateUpdated` datetime NOT NULL,
  `uid` char(36) COLLATE utf8_unicode_ci NOT NULL DEFAULT '0',
  PRIMARY KEY (`id`),
  UNIQUE KEY `craft_migrations_version_unq_idx` (`version`),
  KEY `craft_migrations_pluginId_fk` (`pluginId`)
) ENGINE=InnoDB AUTO_INCREMENT=39 DEFAULT CHARSET=utf8 COLLATE=utf8_unicode_ci;

--
-- Data for table `craft_migrations`
--

INSERT INTO `craft_migrations` (`id`, `pluginId`, `version`, `applyTime`, `dateCreated`, `dateUpdated`, `uid`) VALUES
 ('1', NULL, 'm000000_000000_base', '2015-12-05 19:12:26', '2015-12-05 19:12:26', '2015-12-05 19:12:26', '2499e4ef-7867-413a-a882-779fc7e158c0'),
 ('2', NULL, 'm140730_000001_add_filename_and_format_to_transformindex', '2015-12-05 19:12:26', '2015-12-05 19:12:26', '2015-12-05 19:12:26', 'feaab15e-ec35-4dee-adda-c08fefc8d14f'),
 ('3', NULL, 'm140815_000001_add_format_to_transforms', '2015-12-05 19:12:26', '2015-12-05 19:12:26', '2015-12-05 19:12:26', 'df6661d7-cd87-426d-992c-23396adfcc14'),
 ('4', NULL, 'm140822_000001_allow_more_than_128_items_per_field', '2015-12-05 19:12:26', '2015-12-05 19:12:26', '2015-12-05 19:12:26', 'c9a798e6-bb23-4785-9b21-8323273a67e6'),
 ('5', NULL, 'm140829_000001_single_title_formats', '2015-12-05 19:12:26', '2015-12-05 19:12:26', '2015-12-05 19:12:26', '1d6cc2f3-3cb3-49d7-99bf-a2f317d53e6c'),
 ('6', NULL, 'm140831_000001_extended_cache_keys', '2015-12-05 19:12:26', '2015-12-05 19:12:26', '2015-12-05 19:12:26', '061d6306-f421-438d-9cf8-67244e9072d4'),
 ('7', NULL, 'm140922_000001_delete_orphaned_matrix_blocks', '2015-12-05 19:12:26', '2015-12-05 19:12:26', '2015-12-05 19:12:26', '9f42f27e-359a-40c6-b0e0-8aa0de2b3beb'),
 ('8', NULL, 'm141008_000001_elements_index_tune', '2015-12-05 19:12:26', '2015-12-05 19:12:26', '2015-12-05 19:12:26', '664f9157-dfcc-4a1c-8d08-2a71d74ddaab'),
 ('9', NULL, 'm141009_000001_assets_source_handle', '2015-12-05 19:12:26', '2015-12-05 19:12:26', '2015-12-05 19:12:26', 'ab7ce04c-5ee2-42e8-87f6-80117db9894d'),
 ('10', NULL, 'm141024_000001_field_layout_tabs', '2015-12-05 19:12:26', '2015-12-05 19:12:26', '2015-12-05 19:12:26', '0d4c1787-740b-4764-8720-072d69ae3401'),
 ('11', NULL, 'm141030_000000_plugin_schema_versions', '2015-12-05 19:12:26', '2015-12-05 19:12:26', '2015-12-05 19:12:26', 'cc7343b0-ace1-4c72-987b-a1dead3e6136'),
 ('12', NULL, 'm141030_000001_drop_structure_move_permission', '2015-12-05 19:12:26', '2015-12-05 19:12:26', '2015-12-05 19:12:26', '300bc5a4-7ce2-4590-9108-f34e10033698'),
 ('13', NULL, 'm141103_000001_tag_titles', '2015-12-05 19:12:26', '2015-12-05 19:12:26', '2015-12-05 19:12:26', '9690e2a1-5ba3-4d8a-a44c-4a42b78f9c6c'),
 ('14', NULL, 'm141109_000001_user_status_shuffle', '2015-12-05 19:12:26', '2015-12-05 19:12:26', '2015-12-05 19:12:26', 'db9f39e9-ba7c-4310-93e9-6cf5c40c34c9'),
 ('15', NULL, 'm141126_000001_user_week_start_day', '2015-12-05 19:12:26', '2015-12-05 19:12:26', '2015-12-05 19:12:26', '6789f62c-2ff5-40f9-b1b7-003876b960fd'),
 ('16', NULL, 'm150210_000001_adjust_user_photo_size', '2015-12-05 19:12:26', '2015-12-05 19:12:26', '2015-12-05 19:12:26', '8c1f1e05-009c-4c00-b846-a2ac40d56629'),
 ('17', NULL, 'm150724_000001_adjust_quality_settings', '2015-12-05 19:12:26', '2015-12-05 19:12:26', '2015-12-05 19:12:26', '9a7def1b-7eae-4f27-bed0-2b5ea8c214c8'),
 ('18', NULL, 'm150827_000000_element_index_settings', '2015-12-05 19:12:26', '2015-12-05 19:12:26', '2015-12-05 19:12:26', 'e07221be-7751-43b3-b842-32e21d7d4c7e'),
 ('19', NULL, 'm150918_000001_add_colspan_to_widgets', '2015-12-05 19:12:26', '2015-12-05 19:12:26', '2015-12-05 19:12:26', '965091ed-f034-45ee-aa6d-18a954dc7ae6'),
 ('20', NULL, 'm151007_000000_clear_asset_caches', '2015-12-05 19:12:26', '2015-12-05 19:12:26', '2015-12-05 19:12:26', '03eb7414-77b3-4843-aa80-6d7c53ca6a0f'),
 ('21', NULL, 'm151109_000000_text_url_formats', '2015-12-05 19:12:26', '2015-12-05 19:12:26', '2015-12-05 19:12:26', 'd68a1014-1edd-43b3-9d81-b86fc78c6101'),
 ('22', NULL, 'm151110_000000_move_logo', '2015-12-05 19:12:26', '2015-12-05 19:12:26', '2015-12-05 19:12:26', '931e5cea-2eb4-407e-b423-9d83c6c6f232'),
 ('23', NULL, 'm151117_000000_adjust_image_widthheight', '2015-12-05 19:12:26', '2015-12-05 19:12:26', '2015-12-05 19:12:26', 'f82520d9-6f88-4704-90f1-5eed242a3df5'),
 ('24', NULL, 'm151127_000000_clear_license_key_status', '2015-12-05 19:12:26', '2015-12-05 19:12:26', '2015-12-05 19:12:26', '92488b46-b4e5-4082-8649-99ea00fd5e6b'),
 ('25', NULL, 'm151127_000000_plugin_license_keys', '2015-12-05 19:12:26', '2015-12-05 19:12:26', '2015-12-05 19:12:26', '38617039-3a0f-40a9-856a-73e7e1e906cb'),
 ('26', NULL, 'm151130_000000_update_pt_widget_feeds', '2015-12-05 19:12:26', '2015-12-05 19:12:26', '2015-12-05 19:12:26', '1f0b9ed8-7215-4fb5-b318-99936a6c81fd'),
 ('27', NULL, 'm160114_000000_asset_sources_public_url_default_true', '2016-06-28 12:49:53', '2016-06-28 12:49:53', '2016-06-28 12:49:53', 'a5c7eaca-45e2-441c-989b-365f6d0e6db1'),
 ('28', NULL, 'm160223_000000_sortorder_to_smallint', '2016-06-28 12:49:53', '2016-06-28 12:49:53', '2016-06-28 12:49:53', '3c888c26-796d-44ec-b184-afdeb741b62c'),
 ('29', NULL, 'm160229_000000_set_default_entry_statuses', '2016-06-28 12:49:53', '2016-06-28 12:49:53', '2016-06-28 12:49:53', '6072c428-4b64-4c07-8b99-008c6a9764b0'),
 ('30', NULL, 'm160304_000000_client_permissions', '2016-06-28 12:49:53', '2016-06-28 12:49:53', '2016-06-28 12:49:53', '96ceb985-ed28-4415-87bb-6b0f3ee8264c'),
 ('31', NULL, 'm160322_000000_asset_filesize', '2016-06-28 12:49:53', '2016-06-28 12:49:53', '2016-06-28 12:49:53', 'd9600031-7d42-4b57-82c6-1679726c1221'),
 ('32', NULL, 'm160503_000000_orphaned_fieldlayouts', '2016-06-28 12:49:53', '2016-06-28 12:49:53', '2016-06-28 12:49:53', '9789b35b-ef35-4544-80ee-9768ab640706'),
 ('33', NULL, 'm160510_000000_tasksettings', '2016-06-28 12:49:53', '2016-06-28 12:49:53', '2016-06-28 12:49:53', '9e384d9e-c6ef-4b99-a40c-c31979c5a6d2'),
 ('34', NULL, 'm160829_000000_pending_user_content_cleanup', '2016-09-07 01:54:14', '2016-09-07 01:54:14', '2016-09-07 01:54:14', 'c93c9388-66ca-4d3a-a76a-88d41af5745a'),
 ('35', NULL, 'm160830_000000_asset_index_uri_increase', '2016-09-07 01:54:14', '2016-09-07 01:54:14', '2016-09-07 01:54:14', 'a79e59e5-c5aa-4efa-8af5-707abefe7216'),
 ('36', NULL, 'm160919_000000_usergroup_handle_title_unique', '2016-09-22 00:54:18', '2016-09-22 00:54:18', '2016-09-22 00:54:18', '99e01624-c9e0-4023-8bcb-53f0b98586dd'),
 ('37', NULL, 'm161108_000000_new_version_format', '2016-11-24 02:59:27', '2016-11-24 02:59:27', '2016-11-24 02:59:27', 'bc8101a7-99b8-487c-876a-5d688e7f7992'),
 ('38', NULL, 'm161109_000000_index_shuffle', '2016-11-24 02:59:28', '2016-11-24 02:59:28', '2016-11-24 02:59:28', '26e2c349-0fae-4e0f-a57c-af94ea60e1dc');



DROP TABLE IF EXISTS `craft_plugins`;


--
-- Schema for table `craft_plugins`
--
CREATE TABLE `craft_plugins` (
  `id` int(11) NOT NULL AUTO_INCREMENT,
  `class` varchar(150) COLLATE utf8_unicode_ci NOT NULL,
  `version` varchar(15) COLLATE utf8_unicode_ci NOT NULL,
  `schemaVersion` varchar(15) COLLATE utf8_unicode_ci DEFAULT NULL,
  `licenseKey` char(24) COLLATE utf8_unicode_ci DEFAULT NULL,
  `licenseKeyStatus` enum('valid','invalid','mismatched','unknown') COLLATE utf8_unicode_ci NOT NULL DEFAULT 'unknown',
  `enabled` tinyint(1) unsigned NOT NULL DEFAULT '0',
  `settings` text COLLATE utf8_unicode_ci,
  `installDate` datetime NOT NULL,
  `dateCreated` datetime NOT NULL,
  `dateUpdated` datetime NOT NULL,
  `uid` char(36) COLLATE utf8_unicode_ci NOT NULL DEFAULT '0',
  PRIMARY KEY (`id`)
) ENGINE=InnoDB AUTO_INCREMENT=3 DEFAULT CHARSET=utf8 COLLATE=utf8_unicode_ci;

--
-- Data for table `craft_plugins`
--

INSERT INTO `craft_plugins` (`id`, `class`, `version`, `schemaVersion`, `licenseKey`, `licenseKeyStatus`, `enabled`, `settings`, `installDate`, `dateCreated`, `dateUpdated`, `uid`) VALUES
 ('2', 'ContactForm', '1.8.1', '1.0.0', NULL, 'unknown', '1', '{\"toEmail\":\"jim.e.christie@gmail.com\",\"prependSender\":\"On behalf of\",\"prependSubject\":\"Contact form message. Subject: \",\"allowAttachments\":\"\",\"honeypotField\":\"trap some spiders\",\"successFlashMessage\":\"Your message has been sent.\"}', '2016-08-26 23:53:08', '2016-08-26 23:53:08', '2017-04-18 01:08:25', '2d154fa8-0405-4485-a34c-51d2be7ef1d3');



DROP TABLE IF EXISTS `craft_rackspaceaccess`;


--
-- Schema for table `craft_rackspaceaccess`
--
CREATE TABLE `craft_rackspaceaccess` (
  `id` int(11) NOT NULL AUTO_INCREMENT,
  `connectionKey` varchar(255) COLLATE utf8_unicode_ci NOT NULL,
  `token` varchar(255) COLLATE utf8_unicode_ci NOT NULL,
  `storageUrl` varchar(255) COLLATE utf8_unicode_ci NOT NULL,
  `cdnUrl` varchar(255) COLLATE utf8_unicode_ci NOT NULL,
  `dateCreated` datetime NOT NULL,
  `dateUpdated` datetime NOT NULL,
  `uid` char(36) COLLATE utf8_unicode_ci NOT NULL DEFAULT '0',
  PRIMARY KEY (`id`),
  UNIQUE KEY `craft_rackspaceaccess_connectionKey_unq_idx` (`connectionKey`)
) ENGINE=InnoDB DEFAULT CHARSET=utf8 COLLATE=utf8_unicode_ci;

DROP TABLE IF EXISTS `craft_relations`;


--
-- Schema for table `craft_relations`
--
CREATE TABLE `craft_relations` (
  `id` int(11) NOT NULL AUTO_INCREMENT,
  `fieldId` int(11) NOT NULL,
  `sourceId` int(11) NOT NULL,
  `sourceLocale` char(12) COLLATE utf8_unicode_ci DEFAULT NULL,
  `targetId` int(11) NOT NULL,
  `sortOrder` smallint(6) DEFAULT NULL,
  `dateCreated` datetime NOT NULL,
  `dateUpdated` datetime NOT NULL,
  `uid` char(36) COLLATE utf8_unicode_ci NOT NULL DEFAULT '0',
  PRIMARY KEY (`id`),
  UNIQUE KEY `craft_relations_fieldId_sourceId_sourceLocale_targetId_unq_idx` (`fieldId`,`sourceId`,`sourceLocale`,`targetId`),
  KEY `craft_relations_sourceId_fk` (`sourceId`),
  KEY `craft_relations_sourceLocale_fk` (`sourceLocale`),
  KEY `craft_relations_targetId_fk` (`targetId`)
) ENGINE=InnoDB AUTO_INCREMENT=668 DEFAULT CHARSET=utf8 COLLATE=utf8_unicode_ci;

--
-- Data for table `craft_relations`
--

INSERT INTO `craft_relations` (`id`, `fieldId`, `sourceId`, `sourceLocale`, `targetId`, `sortOrder`, `dateCreated`, `dateUpdated`, `uid`) VALUES
 ('270', '12', '43', NULL, '55', '1', '2016-09-03 07:53:04', '2016-09-03 07:53:04', '1209a4b2-7caf-4e8e-b9cf-1833ebdd8ef8'),
 ('287', '12', '30', NULL, '39', '1', '2016-09-08 01:43:04', '2016-09-08 01:43:04', 'd1c8a63c-1d4f-4681-8887-d52830bb1509'),
 ('293', '12', '64', NULL, '66', '1', '2016-09-09 00:25:09', '2016-09-09 00:25:09', '249da82d-199b-4ab2-9320-fd40ea739817'),
 ('294', '12', '64', NULL, '63', '2', '2016-09-09 00:25:09', '2016-09-09 00:25:09', 'b4c47324-9e12-4f74-b005-1f1b4e32853b'),
 ('567', '37', '89', NULL, '86', '1', '2016-10-04 02:12:44', '2016-10-04 02:12:44', '1093c925-868b-42de-b7d9-5ae7a8213d88'),
 ('568', '37', '89', NULL, '78', '2', '2016-10-04 02:12:44', '2016-10-04 02:12:44', '8750af6b-5eec-4bd6-b39d-71538cb7b1e5'),
 ('569', '37', '89', NULL, '75', '3', '2016-10-04 02:12:44', '2016-10-04 02:12:44', 'c2cb94d2-48fb-4d1d-8fa1-822adf1d3f49'),
 ('570', '37', '89', NULL, '58', '4', '2016-10-04 02:12:44', '2016-10-04 02:12:44', '25ffba52-660e-4d64-9b01-bc15fe10e033'),
 ('571', '37', '89', NULL, '59', '5', '2016-10-04 02:12:44', '2016-10-04 02:12:44', 'c3bafd8d-8171-46db-b654-dd6ddf05c2bf'),
 ('572', '37', '89', NULL, '57', '6', '2016-10-04 02:12:44', '2016-10-04 02:12:44', '7cf8e908-3f5c-4d10-b505-3679acb67988'),
 ('573', '33', '90', NULL, '88', '1', '2016-10-04 02:12:44', '2016-10-04 02:12:44', '0b1cb6cf-cf98-4cf8-b51e-56b6d144cd34'),
 ('574', '37', '43', NULL, '59', '1', '2016-10-04 02:13:14', '2016-10-04 02:13:14', '2c31cba1-61b9-4201-af13-9a6b96e4049f'),
 ('575', '37', '43', NULL, '58', '2', '2016-10-04 02:13:14', '2016-10-04 02:13:14', '68bf3360-0a6f-4426-8540-38fd72ea1f51'),
 ('576', '37', '43', NULL, '57', '3', '2016-10-04 02:13:14', '2016-10-04 02:13:14', '18b5028f-bca0-46f0-a3ab-bb32575b68fd'),
 ('577', '37', '43', NULL, '77', '4', '2016-10-04 02:13:14', '2016-10-04 02:13:14', 'a6642ea8-4949-4bc0-a9c0-1e5dc4be171f'),
 ('578', '37', '43', NULL, '76', '5', '2016-10-04 02:13:14', '2016-10-04 02:13:14', '6d5b0232-bcf6-44da-9991-37d94f29b810'),
 ('579', '37', '43', NULL, '75', '6', '2016-10-04 02:13:14', '2016-10-04 02:13:14', '9bc64929-9204-4914-a1d4-8a5d0ef92c45'),
 ('580', '37', '43', NULL, '78', '7', '2016-10-04 02:13:14', '2016-10-04 02:13:14', 'fed44f5a-b61c-4b22-b7df-a913334b8d28'),
 ('581', '33', '72', NULL, '55', '1', '2016-10-04 02:13:14', '2016-10-04 02:13:14', 'b7c80759-580b-49b3-bd7f-b673abac1366'),
 ('582', '37', '92', NULL, '78', '1', '2016-10-04 02:13:35', '2016-10-04 02:13:35', 'e135d2e1-741c-4a33-b306-05aec75019c0'),
 ('583', '37', '92', NULL, '75', '2', '2016-10-04 02:13:35', '2016-10-04 02:13:35', '079ab3d5-9c65-4811-b5f3-c617e9c350e2'),
 ('584', '37', '92', NULL, '59', '3', '2016-10-04 02:13:35', '2016-10-04 02:13:35', '9181d0b1-1e18-42b6-b471-6d14e1212733'),
 ('585', '37', '92', NULL, '86', '4', '2016-10-04 02:13:35', '2016-10-04 02:13:35', '43289000-c7b1-479b-9534-24b011989650'),
 ('586', '33', '94', NULL, '93', '1', '2016-10-04 02:13:35', '2016-10-04 02:13:35', '94232984-f84a-45f8-870b-3b058a7de8f9'),
 ('591', '40', '69', NULL, '96', '1', '2016-11-03 00:34:27', '2016-11-03 00:34:27', '91aeae96-3643-452c-9cc2-e79edaa677a2'),
 ('592', '33', '70', NULL, '68', '1', '2016-11-03 00:34:27', '2016-11-03 00:34:27', 'a99f33c0-8bf3-4557-97ef-7b199ff828e0'),
 ('593', '40', '64', NULL, '95', '1', '2016-11-03 00:34:43', '2016-11-03 00:34:43', 'e98d708b-9cbc-43b4-9849-38445e5068ed'),
 ('594', '33', '67', NULL, '66', '1', '2016-11-03 00:34:43', '2016-11-03 00:34:43', 'bb5f06e2-2c80-4d2a-8976-80caaf8ac40a'),
 ('595', '7', '65', NULL, '26', '1', '2016-11-08 01:03:58', '2016-11-08 01:03:58', 'b8cabbcb-9d2b-4f5d-87e6-094d5b8ee478'),
 ('625', '7', '102', NULL, '101', '1', '2016-11-16 01:23:20', '2016-11-16 01:23:20', 'a0d3f167-358d-469f-9c47-5be95f251d08'),
 ('626', '41', '102', NULL, '104', '1', '2016-11-16 01:23:20', '2016-11-16 01:23:20', 'aaa76727-77e1-4781-b909-be484bb816f4'),
 ('627', '7', '98', NULL, '97', '1', '2016-11-16 01:24:11', '2016-11-16 01:24:11', '3844a55d-af78-40fc-81e6-cb8153633a29'),
 ('628', '41', '98', NULL, '104', '1', '2016-11-16 01:24:11', '2016-11-16 01:24:11', 'c3fef0e6-ff3e-43f2-8630-0d7740cafbc0'),
 ('631', '7', '25', NULL, '24', '1', '2016-11-16 01:24:24', '2016-11-16 01:24:24', '8bf8785e-dd1f-4030-a9ad-980d8ab54d12'),
 ('632', '41', '25', NULL, '104', '1', '2016-11-16 01:24:24', '2016-11-16 01:24:24', '9fe3f9a0-b531-422f-aaf2-d42e08dee6c0'),
 ('633', '7', '23', NULL, '22', '1', '2016-11-16 01:24:31', '2016-11-16 01:24:31', '6176070f-eb44-4b3e-89b8-1bbf9b14cafa'),
 ('634', '41', '23', NULL, '104', '1', '2016-11-16 01:24:31', '2016-11-16 01:24:31', 'eec458bb-6b47-4046-86c2-facf28acae1a'),
 ('635', '7', '21', NULL, '20', '1', '2016-11-16 01:24:38', '2016-11-16 01:24:38', '1ea2f80b-8634-4f2c-9c0f-da4c620b8776'),
 ('636', '41', '21', NULL, '104', '1', '2016-11-16 01:24:38', '2016-11-16 01:24:38', 'c79844f6-1eed-4837-abb8-55e6f7d3cef0'),
 ('637', '7', '17', NULL, '19', '1', '2016-11-16 01:24:47', '2016-11-16 01:24:47', '5a25210d-3bb2-403d-a84e-2531fb0b5f24'),
 ('638', '41', '17', NULL, '103', '1', '2016-11-16 01:24:47', '2016-11-16 01:24:47', '8ceca679-05b2-4450-a59f-61cbc4914357'),
 ('639', '7', '100', NULL, '99', '1', '2016-11-16 02:04:26', '2016-11-16 02:04:26', 'af33bc4e-8aac-4f46-b697-48b273392953'),
 ('640', '41', '100', NULL, '103', '1', '2016-11-16 02:04:26', '2016-11-16 02:04:26', '4518959e-026d-42ff-bd8b-870ce6d28303'),
 ('643', '7', '107', NULL, '109', '1', '2016-11-16 02:09:42', '2016-11-16 02:09:42', '5162f338-1b24-49fe-ba4e-3451979e3037'),
 ('644', '41', '107', NULL, '106', '1', '2016-11-16 02:09:42', '2016-11-16 02:09:42', 'cf964252-9b2d-40fa-bea6-93bfaecfec14'),
 ('651', '37', '30', NULL, '56', '1', '2017-03-09 01:41:36', '2017-03-09 01:41:36', 'af82baaf-cd2d-449e-9d36-8c5de162046d'),
 ('652', '37', '30', NULL, '59', '2', '2017-03-09 01:41:36', '2017-03-09 01:41:36', '53dfe55f-62c4-4551-baf0-2b5ad79d0146'),
 ('653', '37', '30', NULL, '58', '3', '2017-03-09 01:41:36', '2017-03-09 01:41:36', '0cfb5be1-d450-43e8-b602-30bea63166c3'),
 ('654', '37', '30', NULL, '57', '4', '2017-03-09 01:41:36', '2017-03-09 01:41:36', '7f595a21-0ede-44f0-996e-00d890ffaaf1'),
 ('655', '37', '30', NULL, '60', '5', '2017-03-09 01:41:36', '2017-03-09 01:41:36', 'ea6607a3-88dc-45d4-b221-fcc08e116bc9'),
 ('656', '37', '30', NULL, '73', '6', '2017-03-09 01:41:36', '2017-03-09 01:41:36', 'e1e4a0e8-445f-4916-8d67-e8e066301c22'),
 ('657', '37', '30', NULL, '74', '7', '2017-03-09 01:41:36', '2017-03-09 01:41:36', '1055bb01-b73a-40f9-826b-3855e610746a'),
 ('658', '37', '30', NULL, '81', '8', '2017-03-09 01:41:36', '2017-03-09 01:41:36', '199902f9-dfbe-4fa2-96d3-14327c3433d8'),
 ('659', '37', '30', NULL, '82', '9', '2017-03-09 01:41:36', '2017-03-09 01:41:36', '7788485d-2865-425b-8659-bea9ff9ee392'),
 ('660', '32', '30', NULL, '65', '1', '2017-03-09 01:41:36', '2017-03-09 01:41:36', 'c2999a73-0854-47c5-8b5b-ee96c6803c9b'),
 ('661', '33', '71', NULL, '39', '1', '2017-03-09 01:41:36', '2017-03-09 01:41:36', '93ad187f-4dbf-4606-838d-6693f01e04d4'),
 ('666', '40', '110', NULL, '95', '1', '2017-03-09 02:14:07', '2017-03-09 02:14:07', 'eee80c05-9f30-420e-94f9-70f6a94da01e'),
 ('667', '33', '112', NULL, '113', '1', '2017-03-09 02:14:07', '2017-03-09 02:14:07', 'da2eb722-f3cd-4b94-b52b-62d3d36ccab1');



DROP TABLE IF EXISTS `craft_routes`;


--
-- Schema for table `craft_routes`
--
CREATE TABLE `craft_routes` (
  `id` int(11) NOT NULL AUTO_INCREMENT,
  `locale` char(12) COLLATE utf8_unicode_ci DEFAULT NULL,
  `urlParts` varchar(255) COLLATE utf8_unicode_ci NOT NULL,
  `urlPattern` varchar(255) COLLATE utf8_unicode_ci NOT NULL,
  `template` varchar(255) COLLATE utf8_unicode_ci NOT NULL,
  `sortOrder` smallint(6) unsigned DEFAULT NULL,
  `dateCreated` datetime NOT NULL,
  `dateUpdated` datetime NOT NULL,
  `uid` char(36) COLLATE utf8_unicode_ci NOT NULL DEFAULT '0',
  PRIMARY KEY (`id`),
  UNIQUE KEY `craft_routes_urlPattern_unq_idx` (`urlPattern`),
  KEY `craft_routes_locale_idx` (`locale`)
) ENGINE=InnoDB DEFAULT CHARSET=utf8 COLLATE=utf8_unicode_ci;

DROP TABLE IF EXISTS `craft_searchindex`;


--
-- Schema for table `craft_searchindex`
--
CREATE TABLE `craft_searchindex` (
  `elementId` int(11) NOT NULL,
  `attribute` varchar(25) COLLATE utf8_unicode_ci NOT NULL,
  `fieldId` int(11) NOT NULL,
  `locale` char(12) COLLATE utf8_unicode_ci NOT NULL,
  `keywords` text COLLATE utf8_unicode_ci NOT NULL,
  PRIMARY KEY (`elementId`,`attribute`,`fieldId`,`locale`),
  FULLTEXT KEY `craft_searchindex_keywords_idx` (`keywords`)
) ENGINE=MyISAM DEFAULT CHARSET=utf8 COLLATE=utf8_unicode_ci;

--
-- Data for table `craft_searchindex`
--

INSERT INTO `craft_searchindex` (`elementId`, `attribute`, `fieldId`, `locale`, `keywords`) VALUES
 ('9', 'filename', '0', 'en_us', ' 1st floor data closet jpg '),
 ('9', 'extension', '0', 'en_us', ' jpg '),
 ('9', 'kind', '0', 'en_us', ' image '),
 ('9', 'slug', '0', 'en_us', ' 1st floor data closet '),
 ('9', 'title', '0', 'en_us', ' 1st floor data closet '),
 ('11', 'filename', '0', 'en_us', ' 2nd floor data closet messy jpg '),
 ('11', 'extension', '0', 'en_us', ' jpg '),
 ('11', 'kind', '0', 'en_us', ' image '),
 ('11', 'slug', '0', 'en_us', ' 2nd floor data closet messy '),
 ('11', 'title', '0', 'en_us', ' 2nd floor data closet messy '),
 ('20', 'filename', '0', 'en_us', ' puella jpg '),
 ('20', 'extension', '0', 'en_us', ' jpg '),
 ('20', 'kind', '0', 'en_us', ' image '),
 ('20', 'slug', '0', 'en_us', ' puella '),
 ('20', 'title', '0', 'en_us', ' puella '),
 ('19', 'filename', '0', 'en_us', ' masterpiece_500x399 png '),
 ('19', 'extension', '0', 'en_us', ' png '),
 ('19', 'kind', '0', 'en_us', ' image '),
 ('19', 'slug', '0', 'en_us', ' masterpiece 500x399 '),
 ('19', 'title', '0', 'en_us', ' masterpiece 500x399 '),
 ('22', 'filename', '0', 'en_us', ' puer jpg '),
 ('22', 'extension', '0', 'en_us', ' jpg '),
 ('22', 'kind', '0', 'en_us', ' image '),
 ('22', 'slug', '0', 'en_us', ' puer '),
 ('22', 'title', '0', 'en_us', ' puer '),
 ('24', 'filename', '0', 'en_us', ' meanddadbluecar jpg '),
 ('24', 'extension', '0', 'en_us', ' jpg '),
 ('24', 'kind', '0', 'en_us', ' image '),
 ('24', 'slug', '0', 'en_us', ' me and dad blue car '),
 ('24', 'title', '0', 'en_us', ' me and dad blue car '),
 ('26', 'filename', '0', 'en_us', ' me jpg '),
 ('26', 'extension', '0', 'en_us', ' jpg '),
 ('26', 'kind', '0', 'en_us', ' image '),
 ('26', 'slug', '0', 'en_us', ' me '),
 ('26', 'title', '0', 'en_us', ' me '),
 ('27', 'filename', '0', 'en_us', ' bacardi jpg '),
 ('27', 'extension', '0', 'en_us', ' jpg '),
 ('27', 'kind', '0', 'en_us', ' image '),
 ('27', 'slug', '0', 'en_us', ' bacardi '),
 ('27', 'title', '0', 'en_us', ' bacardi '),
 ('2', 'slug', '0', 'en_us', ' homepage '),
 ('2', 'title', '0', 'en_us', ' hello '),
 ('2', 'field', '1', 'en_us', ' i m jim christie i m a web devoloper an agile coach a cyclist and sometimes an artist as anyone who works on the internet should i love cats i have over five years of web development experience i lean strongly toward back end functionality of websites i can do design but i don t love it and consequently i m not the best at it i ve become a strong supporter of agile methodologies '),
 ('2', 'field', '2', 'en_us', ''),
 ('2', 'field', '3', 'en_us', ''),
 ('111', 'filename', '0', 'en_us', ' fibonacci_spiral_34 svg '),
 ('111', 'extension', '0', 'en_us', ' svg '),
 ('111', 'kind', '0', 'en_us', ' image '),
 ('111', 'slug', '0', 'en_us', ' fibonacci spiral 34 '),
 ('111', 'title', '0', 'en_us', ' fibonacci spiral 34 '),
 ('112', 'field', '33', 'en_us', ' fibonacci spiral 34 '),
 ('112', 'field', '34', 'en_us', ''),
 ('112', 'field', '35', 'en_us', ' landscape '),
 ('112', 'field', '36', 'en_us', ' contain '),
 ('112', 'slug', '0', 'en_us', ''),
 ('113', 'filename', '0', 'en_us', ' fibonacci_spiral_34 png '),
 ('113', 'extension', '0', 'en_us', ' png '),
 ('113', 'kind', '0', 'en_us', ' image '),
 ('113', 'slug', '0', 'en_us', ' fibonacci spiral 34 '),
 ('113', 'title', '0', 'en_us', ' fibonacci spiral 34 '),
 ('17', 'slug', '0', 'en_us', ' untitled '),
 ('17', 'title', '0', 'en_us', ' untitled '),
 ('17', 'field', '7', 'en_us', ' masterpiece 500x399 '),
 ('17', 'field', '6', 'en_us', ' this was a project in a painting class in college the assignment was to create a painting by pouring paint on the canvas this was the second iteration of this assignment the first was criticized by the professor as being too layered my professor didn t like that he cold tell the order that the paint was poured onto the canvas though i disagreed however in the interest of getting a good grade i pushed my painting as far from that criticism as i could this was the result which i have been incredibly pleased with '),
 ('17', 'field', '5', 'en_us', ' acrylic on canvas applied by mixing paint with water and pouring it onto the canvas i then manipulated the canvas to force the paint to flow in different directions '),
 ('17', 'field', '4', 'en_us', ''),
 ('17', 'field', '8', 'en_us', ' 0 '),
 ('17', 'field', '9', 'en_us', ''),
 ('21', 'slug', '0', 'en_us', ' puella '),
 ('21', 'title', '0', 'en_us', ' puella '),
 ('21', 'field', '7', 'en_us', ' puella '),
 ('21', 'field', '6', 'en_us', ' this is one of my cats she s the best and the worst '),
 ('21', 'field', '5', 'en_us', ' digital created with autodesk sketchbook on a samsung note pro '),
 ('21', 'field', '4', 'en_us', ''),
 ('21', 'field', '8', 'en_us', ' 0 '),
 ('21', 'field', '9', 'en_us', ''),
 ('23', 'slug', '0', 'en_us', ' puer '),
 ('23', 'title', '0', 'en_us', ' puer '),
 ('23', 'field', '7', 'en_us', ' puer '),
 ('23', 'field', '6', 'en_us', ' one of my cats he loves having his armpits scratched '),
 ('23', 'field', '5', 'en_us', ' digital i experimented quite a bit with this one i started out using artflow on a samsung note 8 0 but finished it in autodesk sketchbook on a samsung note pro '),
 ('23', 'field', '4', 'en_us', ''),
 ('23', 'field', '8', 'en_us', ' 0 '),
 ('23', 'field', '9', 'en_us', ''),
 ('25', 'slug', '0', 'en_us', ' blue car '),
 ('25', 'title', '0', 'en_us', ' blue car '),
 ('25', 'field', '7', 'en_us', ' me and dad blue car '),
 ('25', 'field', '6', 'en_us', ' this was a 3x5 photo of me and my dad the photo was grainy in addition to being small making the painting incredibly difficult it took me almost two years to complete but i was incredibly pleased with the results '),
 ('25', 'field', '5', 'en_us', ' digital primarily done on a samsung note pro with the autodesk sketchbook app however i tinkered with other programs as well '),
 ('25', 'field', '4', 'en_us', ''),
 ('25', 'field', '8', 'en_us', ' 0 '),
 ('25', 'field', '9', 'en_us', ''),
 ('1', 'username', '0', 'en_us', ' jimirings '),
 ('1', 'firstname', '0', 'en_us', ''),
 ('1', 'lastname', '0', 'en_us', ''),
 ('1', 'fullname', '0', 'en_us', ''),
 ('1', 'email', '0', 'en_us', ' jimirings gmail com '),
 ('1', 'slug', '0', 'en_us', ''),
 ('28', 'slug', '0', 'en_us', ' contact '),
 ('28', 'title', '0', 'en_us', ' contact ');
INSERT INTO `craft_searchindex` (`elementId`, `attribute`, `fieldId`, `locale`, `keywords`) VALUES
 ('29', 'slug', '0', 'en_us', ' thanks '),
 ('29', 'title', '0', 'en_us', ' thanks '),
 ('25', 'field', '15', 'en_us', ' 1 '),
 ('25', 'field', '14', 'en_us', ' 30% center '),
 ('23', 'field', '15', 'en_us', ' 1 '),
 ('23', 'field', '14', 'en_us', ' right center '),
 ('21', 'field', '15', 'en_us', ' 1 '),
 ('21', 'field', '14', 'en_us', ' center center '),
 ('17', 'field', '15', 'en_us', ' 0 '),
 ('17', 'field', '14', 'en_us', ' center top '),
 ('30', 'field', '4', 'en_us', ''),
 ('30', 'field', '1', 'en_us', ' this project was an initiative to launch a new web based subsidiary of a larger insurance company the company used this initiative to experiment with new technologies and workflow methodologies among these new technologies and methodologies are new to me phpunitjasmine unit testing frameworknew to the company linuxmysqlphpnew to everyone involved agile specifically scrumcraft cmsamazon web servicesangularas a result of these experiments i have grown as a developer and a coworker in leaps and bounds most notably i discovered agile methodologies upon discovering scrum i quickly began to read everything i could find on agile and scrum i went to agile dev west and agile gravy became a certified scrum product owner and certified scrummaster through scrum alliance and joined a local agile users group i quickly began to advise my team on how to better apply these methodologies and to the organization at large through feedback to the agile coaches guiding the organizational agile transformation after about a year with the organization our team s scrum master moved to another position within the company my team our existing scrum master and our management recognized the work that i had been doing and asked me to take over as the new scrum master for the team i took a data driven approach to scrum mastering i spent my first few sprints as scrum master getting comfortable in my new role meanwhile gathering data that i believed would highlight areas where our team could improve upon examining the data i found several areas of improvement and presented those options to the team our team recognized the value in the data and several improvements resulted furthermore i relentlessly focused on removing impediments to the team one of our largest impediments was an entrenched waterfall culture this meant that some of my primary roles were those of an educator and evangelist regarding agile principles working with other scrum masters in the organization we slowly pushed the organization to better work with the teams that have chosen to adopt agile methodologies from a technical perspective i grew in several ways though the site utilized the craft cms to a degree much of the initial development we were doing did not utilize the cms the lion s share of the initial work involved building a custom plugin for generating insurance quotes via calls to apis built by other teams within the organization this work afforded me the opportunity to use php in ways that i had not known it was capable specifically using it as a middle layer between an angular front end and the apis '),
 ('30', 'field', '11', 'en_us', ' this project was an initiative to launch a new web based subsidiary of a larger insurance company '),
 ('30', 'field', '16', 'en_us', ' agile angular api craft cms javascript lamp php scrum '),
 ('30', 'field', '12', 'en_us', ' initial say insurance landscape '),
 ('30', 'field', '14', 'en_us', ''),
 ('30', 'slug', '0', 'en_us', ' say insurance '),
 ('30', 'title', '0', 'en_us', ' say insurance '),
 ('31', 'name', '0', 'en_us', ' php '),
 ('31', 'slug', '0', 'en_us', ''),
 ('31', 'title', '0', 'en_us', ' php '),
 ('32', 'name', '0', 'en_us', ' javascript '),
 ('32', 'slug', '0', 'en_us', ''),
 ('32', 'title', '0', 'en_us', ' javascript '),
 ('33', 'name', '0', 'en_us', ' scrum '),
 ('33', 'slug', '0', 'en_us', ''),
 ('33', 'title', '0', 'en_us', ' scrum '),
 ('34', 'name', '0', 'en_us', ' agile '),
 ('34', 'slug', '0', 'en_us', ''),
 ('34', 'title', '0', 'en_us', ' agile '),
 ('35', 'name', '0', 'en_us', ' api '),
 ('35', 'slug', '0', 'en_us', ''),
 ('35', 'title', '0', 'en_us', ' api '),
 ('36', 'name', '0', 'en_us', ' angular '),
 ('36', 'slug', '0', 'en_us', ''),
 ('36', 'title', '0', 'en_us', ' angular '),
 ('37', 'name', '0', 'en_us', ' lamp '),
 ('37', 'slug', '0', 'en_us', ''),
 ('37', 'title', '0', 'en_us', ' lamp '),
 ('38', 'name', '0', 'en_us', ' craft cms '),
 ('38', 'slug', '0', 'en_us', ''),
 ('38', 'title', '0', 'en_us', ' craft cms '),
 ('39', 'filename', '0', 'en_us', ' sayinsurance png '),
 ('39', 'extension', '0', 'en_us', ' png '),
 ('39', 'kind', '0', 'en_us', ' image '),
 ('39', 'slug', '0', 'en_us', ' say insurance '),
 ('39', 'title', '0', 'en_us', ' say insurance '),
 ('30', 'field', '7', 'en_us', ''),
 ('30', 'field', '20', 'en_us', ''),
 ('30', 'field', '19', 'en_us', ' 2015 06 15 '),
 ('30', 'field', '18', 'en_us', ' https '),
 ('30', 'field', '17', 'en_us', ' www sayinsurance com '),
 ('30', 'field', '15', 'en_us', ' 1 '),
 ('30', 'field', '21', 'en_us', ' this project was an initiative to launch a new web based subsidiary of a larger insurance company '),
 ('17', 'field', '22', 'en_us', ' portrait '),
 ('40', 'name', '0', 'en_us', ' drupal '),
 ('25', 'field', '22', 'en_us', ' landscape '),
 ('40', 'slug', '0', 'en_us', ''),
 ('40', 'title', '0', 'en_us', ' drupal '),
 ('41', 'name', '0', 'en_us', ' wordpress '),
 ('41', 'slug', '0', 'en_us', ''),
 ('41', 'title', '0', 'en_us', ' wordpress '),
 ('42', 'name', '0', 'en_us', ' jquery '),
 ('42', 'slug', '0', 'en_us', ''),
 ('42', 'title', '0', 'en_us', ' jquery '),
 ('43', 'field', '1', 'en_us', ' dbrl maintained a number of different sites some were built in drupal others in wordpress and others were custom built systems that were dependent on data received from apis i had a hand in every one of these to some degree this included maintaining the web server for the dbrl system sign up system one of my biggest achievements at dbrl was the inception design and implementation of a system for library employees to use to sign patrons up for library events previously employees had used literal sign up sheets this necessitated that all patrons signing up for events be routed through a single service desk i recognized that a web based sign up system could be used from any service desk i conferred with numerous employees throughout the design process in order to ensure that the user facing system would meet employees needs furthermore a web based system could be automatically generated from the library s existing program database whereas paper sheets had to be manually created each week this meant that the new system had to be connected through the existing system via an api in addition the back end database had to be modified to accept some additional fields required for the sign up system mock newbury site each year dbrl holds a mock newbery program children participate in the selection of a book that meets the criteria for the newery award each year the library creates a new website for the new selection of books this website was my sole responsibility for two years i created the site in wordpress using a child theme based on virtue by kadence themes i then secured portions of the site to logged in users so that the kids could engage in active discussions without interference from internet trolls additional responsibilities in addition to these responsibilities i shared the responsibilities of web administration with one other employee we maintained and improved about half a dozen websites as well as bearing the responsibility for server maintenance backups and updates he and i developed a number of new features for existing sites both independently and collaboratively we maintained constant accessibility and communication with library employees who were the end users of our products as well as conducting usability tests with patrons who used the libary website '),
 ('43', 'field', '7', 'en_us', ''),
 ('43', 'field', '16', 'en_us', ' php drupal wordpress javascript jquery '),
 ('43', 'field', '19', 'en_us', ' 2013 08 01 '),
 ('43', 'field', '20', 'en_us', ' 2015 06 15 '),
 ('43', 'field', '18', 'en_us', ' http '),
 ('43', 'field', '17', 'en_us', ' www dbrl org '),
 ('43', 'field', '11', 'en_us', ''),
 ('43', 'field', '21', 'en_us', ' dbrl maintained a number of different sites i had a hand in every one of them to some degree '),
 ('43', 'field', '12', 'en_us', ' initial up down dbrl portrait '),
 ('43', 'field', '14', 'en_us', ' up down '),
 ('43', 'field', '15', 'en_us', ' 1 '),
 ('43', 'slug', '0', 'en_us', ' daniel boone regional library '),
 ('43', 'title', '0', 'en_us', ' daniel boone regional library '),
 ('44', 'field', '23', 'en_us', ' scrum alliance '),
 ('44', 'field', '24', 'en_us', ' 2016 06 03 '),
 ('44', 'field', '25', 'en_us', ' 2018 06 03 '),
 ('44', 'field', '18', 'en_us', ' https '),
 ('44', 'field', '17', 'en_us', ' www scrumalliance org '),
 ('44', 'slug', '0', 'en_us', ' certified scrummaster '),
 ('44', 'title', '0', 'en_us', ' certified scrummaster '),
 ('45', 'field', '23', 'en_us', ' scrum alliance '),
 ('45', 'field', '24', 'en_us', ' 2016 06 10 '),
 ('45', 'field', '25', 'en_us', ' 2018 06 10 '),
 ('45', 'field', '18', 'en_us', ' https '),
 ('45', 'field', '17', 'en_us', ' www scrumalliance org '),
 ('45', 'slug', '0', 'en_us', ' certified product owner '),
 ('45', 'title', '0', 'en_us', ' certified product owner '),
 ('2', 'field', '27', 'en_us', ' php 4 javascript 5 jquery 5 scrum 4 angular 3 xp 2 kanban 3 '),
 ('46', 'field', '28', 'en_us', ' php '),
 ('46', 'field', '29', 'en_us', ' 4 '),
 ('46', 'slug', '0', 'en_us', ''),
 ('47', 'field', '28', 'en_us', ' javascript '),
 ('47', 'field', '29', 'en_us', ' 5 '),
 ('47', 'slug', '0', 'en_us', '');
INSERT INTO `craft_searchindex` (`elementId`, `attribute`, `fieldId`, `locale`, `keywords`) VALUES
 ('48', 'field', '28', 'en_us', ' jquery '),
 ('48', 'field', '29', 'en_us', ' 5 '),
 ('48', 'slug', '0', 'en_us', ''),
 ('49', 'field', '28', 'en_us', ' scrum '),
 ('49', 'field', '29', 'en_us', ' 4 '),
 ('49', 'slug', '0', 'en_us', ''),
 ('50', 'field', '28', 'en_us', ' angular '),
 ('50', 'field', '29', 'en_us', ' 3 '),
 ('50', 'slug', '0', 'en_us', ''),
 ('51', 'field', '28', 'en_us', ' xp '),
 ('51', 'field', '29', 'en_us', ' 2 '),
 ('51', 'slug', '0', 'en_us', ''),
 ('52', 'field', '28', 'en_us', ' kanban '),
 ('52', 'field', '29', 'en_us', ' 3 '),
 ('52', 'slug', '0', 'en_us', ''),
 ('53', 'field', '26', 'en_us', ' 2016 06 04 '),
 ('53', 'field', '18', 'en_us', ' https '),
 ('53', 'field', '17', 'en_us', ' adcwest techwell com '),
 ('53', 'slug', '0', 'en_us', ' agile dev west '),
 ('53', 'title', '0', 'en_us', ' agile dev west '),
 ('54', 'field', '26', 'en_us', ' 2016 09 29 '),
 ('54', 'field', '18', 'en_us', ' http '),
 ('54', 'field', '17', 'en_us', ' agilegravyinc com '),
 ('54', 'slug', '0', 'en_us', ' agile gravy '),
 ('54', 'title', '0', 'en_us', ' agile gravy '),
 ('55', 'filename', '0', 'en_us', ' dbrl png '),
 ('55', 'extension', '0', 'en_us', ' png '),
 ('55', 'kind', '0', 'en_us', ' image '),
 ('55', 'slug', '0', 'en_us', ' dbrl '),
 ('55', 'title', '0', 'en_us', ' dbrl '),
 ('56', 'field', '31', 'en_us', ' 3 '),
 ('56', 'field', '19', 'en_us', ' 2015 06 06 '),
 ('56', 'slug', '0', 'en_us', ' angular '),
 ('56', 'title', '0', 'en_us', ' angular '),
 ('57', 'field', '31', 'en_us', ' 5 '),
 ('57', 'field', '19', 'en_us', ' 2014 06 01 '),
 ('57', 'slug', '0', 'en_us', ' javascript '),
 ('57', 'title', '0', 'en_us', ' javascript '),
 ('58', 'field', '31', 'en_us', ' 5 '),
 ('58', 'field', '19', 'en_us', ' 2012 06 01 '),
 ('58', 'slug', '0', 'en_us', ' jquery '),
 ('58', 'title', '0', 'en_us', ' jquery '),
 ('59', 'field', '31', 'en_us', ' 4 '),
 ('59', 'field', '19', 'en_us', ' 2015 01 01 '),
 ('59', 'slug', '0', 'en_us', ' php '),
 ('59', 'title', '0', 'en_us', ' php '),
 ('60', 'field', '31', 'en_us', ' 4 '),
 ('60', 'field', '19', 'en_us', ' 2015 06 01 '),
 ('60', 'slug', '0', 'en_us', ' scrum '),
 ('60', 'title', '0', 'en_us', ' scrum '),
 ('61', 'field', '31', 'en_us', ' 3 '),
 ('61', 'field', '19', 'en_us', ' 2015 09 01 '),
 ('61', 'slug', '0', 'en_us', ' kanban '),
 ('61', 'title', '0', 'en_us', ' kanban '),
 ('62', 'field', '31', 'en_us', ' 2 '),
 ('62', 'field', '19', 'en_us', ' 2016 06 01 '),
 ('62', 'slug', '0', 'en_us', ' xp '),
 ('62', 'title', '0', 'en_us', ' xp '),
 ('63', 'filename', '0', 'en_us', ' craft square logo png '),
 ('63', 'extension', '0', 'en_us', ' png '),
 ('63', 'kind', '0', 'en_us', ' image '),
 ('63', 'slug', '0', 'en_us', ' craft square logo '),
 ('63', 'title', '0', 'en_us', ' craft square logo '),
 ('64', 'field', '1', 'en_us', ' if you ve been paying attention to my site you ve probably noticed that it looks a little different than it used to it s not just the look of the site though it s a whole new website inside and out i ve completely rebuilt the site from the ground up in craft craft offers a lot of development opportunities that were prohibitively time consuming in my old cms wordpress i ve already done a few things that i d been putting off in wordpress and plan on doing quite a few more i first learned about craft at my job with say insurance we were using craft for the website that we built there i found it to be a robust and flexible content management system it does a very good job of separating the content from the functionality of the website this makes development very easy wordpress ties functionality and settings into the content management system and drupal does it even more so craft lets you define your content types however you want with whatever fields you want and then you decide what to do with them this separation of content from settings and functionality means that you spend more time building and less time managing cms settings one of the things that i d been wanting to do for a long time is build an art portfolio craft makes this super easy i made a new content type laid out the template and that was it with wordpress making a new content type isn t completely straight forward and then to make a new template with the features i wanted i would have had to make a completely new plugin this functionality is just built into craft craft also makes multi environment development easy as pie you can simply define a base url to a variable for each environment then you can use that variable in the craft admin panel so that all the links on the site resolve to the correct environment if this is possible in wordpress i have no idea how it s done another advantage of this multi environment configuration is that it s easy to set up variables to use with feature flags i can define global variables that craft sets based on the url this gives me the ability to easily hide and show features based on whether i m viewing my site on my local machine while i work or if an end user such as yourself is looking at the site i can set the feature as visible for me while it s in progress and not working correctly but still hide it from the rest of the world when it s ready for prime time i simply remove the flag the makers of craft claim that it s a great alternative to wordpress if you re building a website i find that to be true wordpress has grown out of a blogging platform and that s evident in the difficulty of trying to build something beyond a blog with a few flat pages craft is a content management system first by nature this means that you can use it to build a blog site but it also means that you can do so much more with it with so much less work i m very excited to be switching my site over to craft i m releasing it with a bare minimum of features but you can be assured that the site will continue to evolve making use of the flexibility of craft '),
 ('64', 'field', '11', 'en_us', ' if you ve been paying attention to my site you ve probably noticed that it looks a little different than it used to it s not just the look of the site though it s a whole new website inside and out i ve completely rebuilt the site from the ground up in craft craft offers a lot of development opportunities that were prohibitively time consuming in my old cms wordpress i ve already done a few things that i d been putting off in wordpress and plan on doing quite a few more '),
 ('64', 'field', '12', 'en_us', ' contain craft logo landscape '),
 ('64', 'field', '15', 'en_us', ' 1 '),
 ('64', 'field', '14', 'en_us', ''),
 ('64', 'slug', '0', 'en_us', ' new site '),
 ('64', 'title', '0', 'en_us', ' new site '),
 ('65', 'field', '1', 'en_us', ' jim is the bestest person i ve ever worked with he s so freaking awesome '),
 ('65', 'field', '7', 'en_us', ' me '),
 ('65', 'slug', '0', 'en_us', ' joe blow '),
 ('65', 'title', '0', 'en_us', ' joe blow '),
 ('30', 'field', '32', 'en_us', ''),
 ('66', 'filename', '0', 'en_us', ' craft_logo png '),
 ('66', 'extension', '0', 'en_us', ' png '),
 ('66', 'kind', '0', 'en_us', ' image '),
 ('66', 'slug', '0', 'en_us', ' craft logo '),
 ('66', 'title', '0', 'en_us', ' craft logo '),
 ('67', 'field', '33', 'en_us', ' craft logo '),
 ('67', 'field', '34', 'en_us', ''),
 ('67', 'field', '35', 'en_us', ' landscape '),
 ('67', 'field', '36', 'en_us', ' contain '),
 ('67', 'slug', '0', 'en_us', ''),
 ('68', 'filename', '0', 'en_us', ' dental terror png '),
 ('68', 'extension', '0', 'en_us', ' png '),
 ('68', 'kind', '0', 'en_us', ' image '),
 ('68', 'slug', '0', 'en_us', ' dental terror '),
 ('68', 'title', '0', 'en_us', ' dental terror '),
 ('69', 'field', '1', 'en_us', ' the question what is art has always been of interest to me the subjective nature of art often leaves us questioning whether or not something truly is art is it truly art if someone is just slinging paint against a canvas what if it could have been done by a five year old what if it was done by a five year old nowadays with computers a new kind of question is arising how much human intervention is required to make art the above image is a great example of this question i put it together just to torture my coworkers i use it as the lock screen image on my computer it probably took me 20 minutes total still one of my coworkers said that looks like it could be hanging in a museum another replied not any museum i d go to the original was a selfie that i took at the dentist s office i doubt anyone would call that art the only thing about it that might qualify it as art is that it produces an emotional response the composition is weird it s fairly monochromatic the lighting is flat other than the disgust and terror that i had in mind when i took it it really doesn t offer much but here s where it gets interesting i ran it through a couple of filters in prisma an android app that applies art filters to photos here are the most and least extreme modifications that i liked these were both literally one click options in the app i flipped through all the options in the app and picked out the eight that i liked most it probably took me five minutes ten max the next morning i opened up inkscape because i m a bit more adept with that than i am gimp and stitched them into the collage that you saw at the beginning of this post it probably took me another 20 minutes to half an hour the only real thought i put into the process was that when i had laid them all out in tiles i realized that it was horribly off balance so i rearranged a bit that s it that s all i did about an hour s worth of work there was no herculean effort in the process of writing this post i googled the definition of art because after all we re talking about definitions the expression or application of human creative skill and imagination typically in a visual form such as painting or sculpture producing works to be appreciated primarily for their beauty or emotional power producing works to be appreciated was the direct opposite of my goal i wanted to disgust and annoy so that s not it so when did this become art is it when i chose the filters that complemented the image is it when i paused to rearrange the tiles or is it not even art at all i m honestly not sure but i may stick it in my porftolio anyway '),
 ('69', 'field', '11', 'en_us', ' the question what is art has always been of interest to me the subjective nature of art often leaves us questioning whether or not something truly is art jackson pollack s works are a prime example is it truly art if someone is just slinging paint against a canvas this was the question of the day when jackson broke into the scene nowadays with computers a new kind of question is arising how much human intervention is required to make art '),
 ('69', 'field', '12', 'en_us', ' cover dental terror landscape '),
 ('69', 'field', '15', 'en_us', ' 1 '),
 ('69', 'field', '14', 'en_us', ''),
 ('69', 'slug', '0', 'en_us', ' i made some art or did i '),
 ('69', 'title', '0', 'en_us', ' i made some art or did i '),
 ('70', 'field', '33', 'en_us', ' dental terror '),
 ('70', 'field', '34', 'en_us', ''),
 ('70', 'field', '35', 'en_us', ' landscape ');
INSERT INTO `craft_searchindex` (`elementId`, `attribute`, `fieldId`, `locale`, `keywords`) VALUES
 ('70', 'field', '36', 'en_us', ' cover '),
 ('70', 'slug', '0', 'en_us', ''),
 ('71', 'field', '33', 'en_us', ' say insurance '),
 ('71', 'field', '34', 'en_us', ''),
 ('71', 'field', '35', 'en_us', ' landscape '),
 ('71', 'field', '36', 'en_us', ' initial '),
 ('71', 'slug', '0', 'en_us', ''),
 ('43', 'field', '32', 'en_us', ''),
 ('72', 'field', '33', 'en_us', ' dbrl '),
 ('72', 'field', '34', 'en_us', ' up down '),
 ('72', 'field', '35', 'en_us', ' portrait '),
 ('72', 'field', '36', 'en_us', ' initial '),
 ('72', 'slug', '0', 'en_us', ''),
 ('43', 'field', '37', 'en_us', ' php jquery javascript drupal sql wordpress linux '),
 ('30', 'field', '37', 'en_us', ' angular php jquery javascript scrum craft git twig vagrant '),
 ('73', 'field', '31', 'en_us', ' 4 '),
 ('73', 'field', '19', 'en_us', ' 2015 06 15 '),
 ('73', 'slug', '0', 'en_us', ' craft cms '),
 ('73', 'title', '0', 'en_us', ' craft '),
 ('74', 'field', '31', 'en_us', ' 5 '),
 ('74', 'field', '19', 'en_us', ''),
 ('74', 'slug', '0', 'en_us', ' git '),
 ('74', 'title', '0', 'en_us', ' git '),
 ('75', 'field', '31', 'en_us', ' 3 '),
 ('75', 'field', '19', 'en_us', ' 2013 01 01 '),
 ('75', 'slug', '0', 'en_us', ' wordpress '),
 ('75', 'title', '0', 'en_us', ' wordpress '),
 ('76', 'field', '31', 'en_us', ' 3 '),
 ('76', 'field', '19', 'en_us', ' 2014 01 01 '),
 ('76', 'slug', '0', 'en_us', ' mysql '),
 ('76', 'title', '0', 'en_us', ' sql '),
 ('77', 'field', '31', 'en_us', ' 1 '),
 ('77', 'field', '19', 'en_us', ' 2014 06 06 '),
 ('77', 'slug', '0', 'en_us', ' drupal '),
 ('77', 'title', '0', 'en_us', ' drupal '),
 ('82', 'field', '31', 'en_us', ' 2 '),
 ('82', 'field', '19', 'en_us', ' 2015 06 06 '),
 ('82', 'slug', '0', 'en_us', ''),
 ('82', 'title', '0', 'en_us', ' vagrant '),
 ('78', 'field', '31', 'en_us', ' 4 '),
 ('78', 'field', '19', 'en_us', ' 2010 01 01 '),
 ('78', 'slug', '0', 'en_us', ' linux '),
 ('78', 'title', '0', 'en_us', ' linux '),
 ('79', 'field', '31', 'en_us', ' 3 '),
 ('79', 'field', '19', 'en_us', ' 2016 06 06 '),
 ('79', 'slug', '0', 'en_us', ' phpunit '),
 ('79', 'title', '0', 'en_us', ' phpunit '),
 ('80', 'field', '31', 'en_us', ' 3 '),
 ('80', 'field', '19', 'en_us', ' 2016 06 06 '),
 ('80', 'slug', '0', 'en_us', ' jasmine '),
 ('80', 'title', '0', 'en_us', ' jasmine '),
 ('81', 'field', '31', 'en_us', ' 2 '),
 ('81', 'field', '19', 'en_us', ' 2016 02 01 '),
 ('81', 'slug', '0', 'en_us', ' twig '),
 ('81', 'title', '0', 'en_us', ' twig '),
 ('83', 'filename', '0', 'en_us', ' dental terror original jpg '),
 ('83', 'extension', '0', 'en_us', ' jpg '),
 ('83', 'kind', '0', 'en_us', ' image '),
 ('83', 'slug', '0', 'en_us', ' dental terror original '),
 ('83', 'title', '0', 'en_us', ' dental terror original '),
 ('84', 'filename', '0', 'en_us', ' dental terror 1 jpg '),
 ('84', 'extension', '0', 'en_us', ' jpg '),
 ('84', 'kind', '0', 'en_us', ' image '),
 ('84', 'slug', '0', 'en_us', ' dental terror 1 '),
 ('84', 'title', '0', 'en_us', ' dental terror 1 '),
 ('85', 'filename', '0', 'en_us', ' dental terror 2 jpg '),
 ('85', 'extension', '0', 'en_us', ' jpg '),
 ('85', 'kind', '0', 'en_us', ' image '),
 ('85', 'slug', '0', 'en_us', ' dental terror 2 '),
 ('85', 'title', '0', 'en_us', ' dental terror 2 '),
 ('65', 'field', '38', 'en_us', ' ceo '),
 ('65', 'field', '39', 'en_us', ' swell guy inc '),
 ('86', 'field', '31', 'en_us', ' 5 '),
 ('86', 'field', '19', 'en_us', ''),
 ('86', 'slug', '0', 'en_us', ' phpmyadmin '),
 ('86', 'title', '0', 'en_us', ' phpmyadmin '),
 ('87', 'field', '31', 'en_us', ' 4 '),
 ('87', 'field', '19', 'en_us', ''),
 ('87', 'slug', '0', 'en_us', ' sass '),
 ('87', 'title', '0', 'en_us', ' sass '),
 ('88', 'filename', '0', 'en_us', ' dakota solomon png '),
 ('88', 'extension', '0', 'en_us', ' png '),
 ('88', 'kind', '0', 'en_us', ' image '),
 ('88', 'slug', '0', 'en_us', ' dakota solomon '),
 ('88', 'title', '0', 'en_us', ' dakota solomon '),
 ('89', 'field', '1', 'en_us', ' dakota was a high school student on the varsity baseball team his mother hired me to create a website where he could showcase his history statistics and achievements to college recruiters i was the sole engineer for the site i consulted with the client regarding the choice and registration of a domain name i then set up the hosting for the site installed wordpress and built the site it was initially hosted on fat cow but i later moved it to a server that i maintain on digital ocean due to compatibility issues with fat cow s version of php and updates to plugins that were used on the site i built the site using the simone theme by morten rand hendriksen as a starting point morten developed the theme for lynda tutorials and as such it is fairly minimal and flexible however since the site itself had fairly simple needs it needed little modification from the base theme the modifications that it did require were limited to css changes to display photos and statistics after building the site i trained the client on how to use wordpress to manage the content on the site '),
 ('89', 'field', '19', 'en_us', ' 2013 06 01 '),
 ('89', 'field', '20', 'en_us', ' 2013 07 01 '),
 ('89', 'field', '18', 'en_us', ' http '),
 ('89', 'field', '17', 'en_us', ' dakotasolomon com '),
 ('89', 'field', '37', 'en_us', ' phpmyadmin linux wordpress jquery php javascript '),
 ('89', 'field', '32', 'en_us', ''),
 ('89', 'field', '11', 'en_us', ''),
 ('89', 'field', '21', 'en_us', ' dakota was a high school student on the varsity baseball team his mother hired me to create a website where he could showcase his history statistics and achievements to college recruiters '),
 ('89', 'field', '12', 'en_us', ' cover center top dakota solomon landscape '),
 ('89', 'field', '15', 'en_us', ' 0 '),
 ('89', 'slug', '0', 'en_us', ' dakota solomon '),
 ('89', 'title', '0', 'en_us', ' dakota solomon '),
 ('90', 'field', '33', 'en_us', ' dakota solomon '),
 ('90', 'field', '34', 'en_us', ' center top ');
INSERT INTO `craft_searchindex` (`elementId`, `attribute`, `fieldId`, `locale`, `keywords`) VALUES
 ('90', 'field', '35', 'en_us', ' landscape '),
 ('90', 'field', '36', 'en_us', ' cover '),
 ('90', 'slug', '0', 'en_us', ''),
 ('90', 'field', '40', 'en_us', ' 1 '),
 ('72', 'field', '40', 'en_us', ' 1 '),
 ('67', 'field', '40', 'en_us', ' 0 '),
 ('70', 'field', '40', 'en_us', ' 0 '),
 ('71', 'field', '40', 'en_us', ' 0 '),
 ('92', 'field', '1', 'en_us', ' brooke was a trained photographer who had turned her professional attention to web development and user experience her web development experience was primarily focused on enterprise content management systems that were too cumbersome and expensive for a personal portfolio site brooke sought my advice and assistance with setting up a wordpress site i helped brooke by guiding her through the wordpress setup and installation process i then gave her an overview of the plugin and theme system as brooke worked with the site she inevitably ran into issues specific to wordpress that weren t addressed through her prior web development experience when she ran into those i provided her with guidance from my experience as well as relevant references for her further research after becoming displeased with the cost of her hosting provider brooke asked me to manage her hosting i migrated brooke s site to a server that i maintain on digital ocean during this process i guided brooke through the wordpress migration process as well as dns resolution for the new server in addition to hosting brooke had been managing her domain name registration through godaddy while migrating her site she wanted to take the opportunity to also transfer her domain name registration to google i helped brooke with this process as well '),
 ('92', 'field', '19', 'en_us', ' 2014 07 01 '),
 ('92', 'field', '20', 'en_us', ' 2014 08 01 '),
 ('92', 'field', '18', 'en_us', ' http '),
 ('92', 'field', '17', 'en_us', ' brookefletcher com '),
 ('92', 'field', '37', 'en_us', ' linux wordpress php phpmyadmin '),
 ('92', 'field', '32', 'en_us', ''),
 ('92', 'field', '11', 'en_us', ''),
 ('92', 'field', '21', 'en_us', ' brooke was a ux generalist with development experience using enterprise content management systems i consulted with brooke on using wordpress to build her personal portfolio website '),
 ('92', 'field', '12', 'en_us', ' initial brooke fletcher landscape '),
 ('92', 'field', '15', 'en_us', ' 0 '),
 ('92', 'slug', '0', 'en_us', ' brooke fletcher '),
 ('92', 'title', '0', 'en_us', ' brooke fletcher '),
 ('93', 'filename', '0', 'en_us', ' brooke fletcher png '),
 ('93', 'extension', '0', 'en_us', ' png '),
 ('93', 'kind', '0', 'en_us', ' image '),
 ('93', 'slug', '0', 'en_us', ' brooke fletcher '),
 ('93', 'title', '0', 'en_us', ' brooke fletcher '),
 ('94', 'field', '33', 'en_us', ' brooke fletcher '),
 ('94', 'field', '34', 'en_us', ''),
 ('94', 'field', '35', 'en_us', ' landscape '),
 ('94', 'field', '36', 'en_us', ' initial '),
 ('94', 'slug', '0', 'en_us', ''),
 ('69', 'field', '21', 'en_us', ''),
 ('69', 'field', '22', 'en_us', ' landscape '),
 ('64', 'field', '21', 'en_us', ''),
 ('64', 'field', '22', 'en_us', ' landscape '),
 ('95', 'slug', '0', 'en_us', ' work '),
 ('95', 'title', '0', 'en_us', ' work '),
 ('96', 'slug', '0', 'en_us', ' play '),
 ('96', 'title', '0', 'en_us', ' play '),
 ('69', 'field', '40', 'en_us', ' play '),
 ('64', 'field', '40', 'en_us', ' work '),
 ('97', 'filename', '0', 'en_us', ' mccurdys jpg '),
 ('97', 'extension', '0', 'en_us', ' jpg '),
 ('97', 'kind', '0', 'en_us', ' image '),
 ('97', 'slug', '0', 'en_us', ' mc curdys '),
 ('97', 'title', '0', 'en_us', ' mc curdys '),
 ('98', 'field', '7', 'en_us', ' mc curdys '),
 ('98', 'field', '6', 'en_us', ' these are my grandparents this is the first digital painting i did '),
 ('98', 'field', '5', 'en_us', ' digital because this was my first digital work it was done on a variety of devices with several different apps i bounced from one to the other experimenting with each '),
 ('98', 'field', '4', 'en_us', ''),
 ('98', 'field', '15', 'en_us', ' 0 '),
 ('98', 'field', '14', 'en_us', ' center 20% '),
 ('98', 'field', '22', 'en_us', ' portrait '),
 ('98', 'slug', '0', 'en_us', ' mccurdys '),
 ('98', 'title', '0', 'en_us', ' mccurdys '),
 ('99', 'filename', '0', 'en_us', ' manatee4_color_corrected png '),
 ('99', 'extension', '0', 'en_us', ' png '),
 ('99', 'kind', '0', 'en_us', ' image '),
 ('99', 'slug', '0', 'en_us', ' manatee4 color corrected '),
 ('99', 'title', '0', 'en_us', ' manatee4 color corrected '),
 ('100', 'field', '7', 'en_us', ' manatee4 color corrected '),
 ('100', 'field', '6', 'en_us', ' my little sister absolutely loves manatees i painted this for her for christmas one year '),
 ('100', 'field', '5', 'en_us', ' acrylic on canvas '),
 ('100', 'field', '4', 'en_us', ''),
 ('100', 'field', '15', 'en_us', ' 0 '),
 ('100', 'field', '14', 'en_us', ''),
 ('100', 'field', '22', 'en_us', ' portrait '),
 ('100', 'slug', '0', 'en_us', ' manatee '),
 ('100', 'title', '0', 'en_us', ' manatee '),
 ('101', 'filename', '0', 'en_us', ' ariel jpg '),
 ('101', 'extension', '0', 'en_us', ' jpg '),
 ('101', 'kind', '0', 'en_us', ' image '),
 ('101', 'slug', '0', 'en_us', ' ariel '),
 ('101', 'title', '0', 'en_us', ' ariel '),
 ('102', 'field', '7', 'en_us', ' ariel '),
 ('102', 'field', '6', 'en_us', ' this was my mom s cat when she died i knew that my mom would like to have a painting of her '),
 ('102', 'field', '5', 'en_us', ' digital created with autodesk sketchbook on a samsung galaxy note pro '),
 ('102', 'field', '4', 'en_us', ''),
 ('102', 'field', '15', 'en_us', ' 0 '),
 ('102', 'field', '14', 'en_us', ''),
 ('102', 'field', '22', 'en_us', ' landscape '),
 ('102', 'slug', '0', 'en_us', ' ariel '),
 ('102', 'title', '0', 'en_us', ' ariel '),
 ('103', 'slug', '0', 'en_us', ' paintings '),
 ('103', 'title', '0', 'en_us', ' paintings '),
 ('104', 'slug', '0', 'en_us', ' digital art '),
 ('104', 'title', '0', 'en_us', ' digital art '),
 ('100', 'field', '12', 'en_us', ''),
 ('100', 'field', '41', 'en_us', ' paintings '),
 ('25', 'field', '12', 'en_us', ''),
 ('25', 'field', '41', 'en_us', ' digital art '),
 ('23', 'field', '12', 'en_us', ''),
 ('23', 'field', '41', 'en_us', ' digital art '),
 ('23', 'field', '22', 'en_us', ' landscape '),
 ('21', 'field', '12', 'en_us', ''),
 ('21', 'field', '41', 'en_us', ' digital art '),
 ('21', 'field', '22', 'en_us', ' landscape '),
 ('17', 'field', '12', 'en_us', ''),
 ('17', 'field', '41', 'en_us', ' paintings '),
 ('102', 'field', '12', 'en_us', '');
INSERT INTO `craft_searchindex` (`elementId`, `attribute`, `fieldId`, `locale`, `keywords`) VALUES
 ('102', 'field', '41', 'en_us', ' digital art '),
 ('98', 'field', '12', 'en_us', ''),
 ('98', 'field', '41', 'en_us', ' digital art '),
 ('107', 'field', '12', 'en_us', ' initial landscape '),
 ('106', 'slug', '0', 'en_us', ' drawings '),
 ('106', 'title', '0', 'en_us', ' drawings '),
 ('107', 'field', '7', 'en_us', ' cthulhu was here '),
 ('107', 'field', '6', 'en_us', ' my team at shelter insurance is all about cthulhu i drew this on the whiteboard just to be silly is it art you tell me '),
 ('107', 'field', '41', 'en_us', ' drawings '),
 ('107', 'field', '5', 'en_us', ' marker on whiteboard '),
 ('107', 'field', '15', 'en_us', ' 0 '),
 ('107', 'field', '14', 'en_us', ' right center '),
 ('107', 'field', '22', 'en_us', ' landscape '),
 ('107', 'slug', '0', 'en_us', ' cthulhu was here '),
 ('107', 'title', '0', 'en_us', ' cthulhu was here '),
 ('108', 'field', '33', 'en_us', ''),
 ('108', 'field', '34', 'en_us', ''),
 ('108', 'field', '35', 'en_us', ' landscape '),
 ('108', 'field', '36', 'en_us', ' initial '),
 ('108', 'slug', '0', 'en_us', ''),
 ('109', 'filename', '0', 'en_us', ' cthulhu was here jpg '),
 ('109', 'extension', '0', 'en_us', ' jpg '),
 ('109', 'kind', '0', 'en_us', ' image '),
 ('109', 'slug', '0', 'en_us', ' cthulhu was here '),
 ('109', 'title', '0', 'en_us', ' cthulhu was here '),
 ('110', 'field', '1', 'en_us', ' of course the standard answer to the above question is it depends and that s true a story point is an arbitrary unit of measure that represents the amount of complexity effort and uncertainty in a bit of work what a single point means can vary from team to team however once a team settles on what one point represents that remains fixed so far so good when i was first introduced to agile my team was defining story points in terms of a loose relationship with time they were doing so because they were a team that was newly introduced to agile having embraced it in the middle of a thoroughly waterfall culture they were in uncharted waters pardon the pun i don t fault them for using time as their scale it s by far the easiest way to quantify a story point for someone who is new to them the problem as i see it is that they were doing so in a way that didn t scale their metric for one point was one developer for one day sounds reasonable but their metric for a 13 point story the biggest that they would accept in a sprint was two developers for the entire sprint the problem here is that the math doesn t work out when i raised this concern with the team there were mixed responses some people thought it made sense others said something to the effect of i m not sure story points scale like that i did some googling around but found that sources were divided just as evenly as my team however as time went on i became more and more certain that i was right our velocity was all over the place we couldn t finish our commitments in one sprint but the next we would finish our work before the sprint was half over initially as we were dealing with this instability i was a developer on the team i eventually took over as scrum master at that time the product owner was becoming frustrated by our unstable velocity he couldn t predict anything his cone of uncertainty was enormous i recognized that the problem was twofold points that don t scale and stories that are too large since the team couldn t settle on a scale for points i started pushing the product owner to split stories smaller and smaller we quickly got to where we rarely had a story that took more than a couple days this had two benefits the first was nothing surprising smaller stories are easier to estimate and consequently more accurate the second was as i see it more interesting eliminating those larger stories had the unexpected side effect of making our points scale better the scale was more and more skewed as stories got larger by splitting those stories smaller we invariably split a 13 point story into 20 points worth of smaller stories things began to stabilize '),
 ('110', 'field', '11', 'en_us', ' the team that i work with has long struggled with a question around story points how do they scale '),
 ('110', 'field', '12', 'en_us', ' contain fibonacci spiral 34 landscape '),
 ('110', 'field', '15', 'en_us', ' 0 '),
 ('110', 'field', '14', 'en_us', ''),
 ('110', 'slug', '0', 'en_us', ' how big is a story point '),
 ('110', 'title', '0', 'en_us', ' how big is a story point '),
 ('114', 'field', '1', 'en_us', ' i ve been thinking for a while that estimating stories is a waste of time i know i know i ve talked about estimating stories in the past as if it were just a matter of course and i stand by that post if you re going to estimate stories your points need to be consistent however i hypothesized that if you are breaking stories down to a small consistent size that measuring velocity by the number of stories should be roughly as accurate as using points since this was simply a hypothesis i started by gathering some data '),
 ('114', 'field', '19', 'en_us', ''),
 ('114', 'field', '20', 'en_us', ''),
 ('114', 'field', '18', 'en_us', ' http '),
 ('114', 'field', '17', 'en_us', ''),
 ('114', 'field', '37', 'en_us', ''),
 ('114', 'field', '32', 'en_us', ''),
 ('114', 'field', '11', 'en_us', ''),
 ('114', 'field', '21', 'en_us', ''),
 ('114', 'field', '12', 'en_us', ''),
 ('114', 'field', '15', 'en_us', ' 1 '),
 ('114', 'slug', '0', 'en_us', ' new entry '),
 ('114', 'title', '0', 'en_us', ' new entry '),
 ('110', 'field', '40', 'en_us', ' work '),
 ('110', 'field', '21', 'en_us', ''),
 ('110', 'field', '22', 'en_us', ' landscape '),
 ('115', 'field', '23', 'en_us', ' project management institute '),
 ('115', 'field', '24', 'en_us', ' 2017 04 06 '),
 ('115', 'field', '25', 'en_us', ''),
 ('115', 'field', '18', 'en_us', ' https '),
 ('115', 'field', '17', 'en_us', ' www pmi org certifications types agile acp '),
 ('115', 'slug', '0', 'en_us', ' pmi agile certified practitioner '),
 ('115', 'title', '0', 'en_us', ' pmi agile certified practitioner ');



DROP TABLE IF EXISTS `craft_sections`;


--
-- Schema for table `craft_sections`
--
CREATE TABLE `craft_sections` (
  `id` int(11) NOT NULL AUTO_INCREMENT,
  `structureId` int(11) DEFAULT NULL,
  `name` varchar(255) COLLATE utf8_unicode_ci NOT NULL,
  `handle` varchar(255) COLLATE utf8_unicode_ci NOT NULL,
  `type` enum('single','channel','structure') COLLATE utf8_unicode_ci NOT NULL DEFAULT 'channel',
  `hasUrls` tinyint(1) unsigned NOT NULL DEFAULT '1',
  `template` varchar(500) COLLATE utf8_unicode_ci DEFAULT NULL,
  `enableVersioning` tinyint(1) unsigned NOT NULL DEFAULT '0',
  `dateCreated` datetime NOT NULL,
  `dateUpdated` datetime NOT NULL,
  `uid` char(36) COLLATE utf8_unicode_ci NOT NULL DEFAULT '0',
  PRIMARY KEY (`id`),
  UNIQUE KEY `craft_sections_name_unq_idx` (`name`),
  UNIQUE KEY `craft_sections_handle_unq_idx` (`handle`),
  KEY `craft_sections_structureId_fk` (`structureId`)
) ENGINE=InnoDB AUTO_INCREMENT=12 DEFAULT CHARSET=utf8 COLLATE=utf8_unicode_ci;

--
-- Data for table `craft_sections`
--

INSERT INTO `craft_sections` (`id`, `structureId`, `name`, `handle`, `type`, `hasUrls`, `template`, `enableVersioning`, `dateCreated`, `dateUpdated`, `uid`) VALUES
 ('1', NULL, 'Homepage', 'homepage', 'single', '1', 'index', '1', '2015-12-05 19:12:27', '2016-01-19 02:46:36', '793a11d6-1a67-40a1-91a8-915891a4ea69'),
 ('2', NULL, 'Blog', 'blog', 'channel', '1', 'blog/_entry', '1', '2015-12-05 19:12:27', '2016-08-06 23:35:30', 'b015b92b-84d2-42ef-a3ad-1e7f5330a50c'),
 ('4', NULL, 'Web Development', 'webDevelopment', 'channel', '1', 'web-development/_entry', '1', '2016-08-09 00:21:44', '2016-08-09 00:21:44', '20f97d4b-4d93-4364-a882-8fbaf58a0032'),
 ('5', NULL, 'Art', 'art', 'channel', '1', 'art/_entry', '1', '2016-08-09 00:24:12', '2016-08-09 00:24:12', '3bd81052-205d-466b-9cd3-1c4f23f4b64c'),
 ('6', NULL, 'Contact', 'contact', 'single', '1', 'contact/_form.html', '1', '2016-08-27 16:38:52', '2016-08-28 01:59:12', 'ee4b1d6b-3980-4aae-ad0c-6896461d6014'),
 ('7', NULL, 'Thanks', 'thanks', 'single', '1', 'contact/_thanks.html', '1', '2016-08-28 02:00:15', '2016-08-28 02:01:23', 'c0c8660e-4a89-4b55-915d-9bf7d2824320'),
 ('8', NULL, 'Certifications', 'certifications', 'channel', '0', NULL, '1', '2016-09-01 22:08:47', '2016-09-01 22:33:47', 'f256ae8c-777a-49a5-a32a-b735ab06f285'),
 ('9', NULL, 'Conferences', 'conferences', 'channel', '0', NULL, '1', '2016-09-01 22:33:30', '2016-09-01 22:33:30', '77f5f021-89c0-4302-8bcb-82357cc3057d'),
 ('10', NULL, 'Skills', 'skills', 'channel', '0', NULL, '1', '2016-09-04 16:29:13', '2016-09-05 02:53:09', '81491946-1e68-44bb-a459-b69d218464f7'),
 ('11', NULL, 'Testimonials', 'testimonials', 'channel', '0', NULL, '1', '2016-09-04 18:55:47', '2016-09-04 18:55:47', '110fad17-c245-47d2-9bf7-800de6c78389');



DROP TABLE IF EXISTS `craft_sections_i18n`;


--
-- Schema for table `craft_sections_i18n`
--
CREATE TABLE `craft_sections_i18n` (
  `id` int(11) NOT NULL AUTO_INCREMENT,
  `sectionId` int(11) NOT NULL,
  `locale` char(12) COLLATE utf8_unicode_ci NOT NULL,
  `enabledByDefault` tinyint(1) unsigned NOT NULL DEFAULT '1',
  `urlFormat` text COLLATE utf8_unicode_ci,
  `nestedUrlFormat` text COLLATE utf8_unicode_ci,
  `dateCreated` datetime NOT NULL,
  `dateUpdated` datetime NOT NULL,
  `uid` char(36) COLLATE utf8_unicode_ci NOT NULL DEFAULT '0',
  PRIMARY KEY (`id`),
  UNIQUE KEY `craft_sections_i18n_sectionId_locale_unq_idx` (`sectionId`,`locale`),
  KEY `craft_sections_i18n_locale_fk` (`locale`)
) ENGINE=InnoDB AUTO_INCREMENT=12 DEFAULT CHARSET=utf8 COLLATE=utf8_unicode_ci;

--
-- Data for table `craft_sections_i18n`
--

INSERT INTO `craft_sections_i18n` (`id`, `sectionId`, `locale`, `enabledByDefault`, `urlFormat`, `nestedUrlFormat`, `dateCreated`, `dateUpdated`, `uid`) VALUES
 ('1', '1', 'en_us', '1', '__home__', NULL, '2015-12-05 19:12:27', '2016-06-28 12:49:53', '64a332fd-33b4-4a07-902e-61f6fa32892b'),
 ('2', '2', 'en_us', '1', 'blog/{slug}', NULL, '2015-12-05 19:12:27', '2016-08-06 23:35:30', '03f22932-6d49-498f-b0fc-950110263bf8'),
 ('4', '4', 'en_us', '1', 'web-development/{slug}', NULL, '2016-08-09 00:21:44', '2016-08-09 00:21:44', 'bdb27790-abdb-4f0d-b22b-c8f26286f988'),
 ('5', '5', 'en_us', '1', 'art/{slug}', NULL, '2016-08-09 00:24:12', '2016-08-09 00:24:12', 'df49d7e2-a64d-48ac-b682-004fe5f927f4'),
 ('6', '6', 'en_us', '1', 'contact', NULL, '2016-08-27 16:38:52', '2016-08-27 16:38:52', '56104703-7112-44bc-8e19-5f77b74805ea'),
 ('7', '7', 'en_us', '1', 'contact/thanks', NULL, '2016-08-28 02:00:15', '2016-08-28 02:01:23', '9ccb046c-e996-4777-b868-b65188666638'),
 ('8', '8', 'en_us', '1', NULL, NULL, '2016-09-01 22:08:47', '2016-09-01 22:33:47', 'fcd61d8b-d945-47bb-9503-f43d9872f805'),
 ('9', '9', 'en_us', '1', NULL, NULL, '2016-09-01 22:33:30', '2016-09-01 22:33:30', 'da7c334d-a18d-49af-a662-45087479539a'),
 ('10', '10', 'en_us', '1', NULL, NULL, '2016-09-04 16:29:13', '2016-09-04 16:29:13', '0068c7aa-3d54-4469-9d6d-d6511f67ae01'),
 ('11', '11', 'en_us', '1', NULL, NULL, '2016-09-04 18:55:47', '2016-09-04 18:55:47', '06ab128c-f529-489f-befc-1a3983f06b3b');



DROP TABLE IF EXISTS `craft_sessions`;


--
-- Schema for table `craft_sessions`
--
CREATE TABLE `craft_sessions` (
  `id` int(11) NOT NULL AUTO_INCREMENT,
  `userId` int(11) NOT NULL,
  `token` char(100) COLLATE utf8_unicode_ci NOT NULL,
  `dateCreated` datetime NOT NULL,
  `dateUpdated` datetime NOT NULL,
  `uid` char(36) COLLATE utf8_unicode_ci NOT NULL DEFAULT '0',
  PRIMARY KEY (`id`),
  KEY `craft_sessions_uid_idx` (`uid`),
  KEY `craft_sessions_token_idx` (`token`),
  KEY `craft_sessions_dateUpdated_idx` (`dateUpdated`),
  KEY `craft_sessions_userId_fk` (`userId`)
) ENGINE=InnoDB AUTO_INCREMENT=70 DEFAULT CHARSET=utf8 COLLATE=utf8_unicode_ci;

--
-- Data for table `craft_sessions`
--

INSERT INTO `craft_sessions` (`id`, `userId`, `token`, `dateCreated`, `dateUpdated`, `uid`) VALUES
 ('1', '1', 'cf6bafc1f748c60e80d53af86a474b55c0717255czozMjoiVTJiVjJzTml5bVRmNmdLYWRSaUtZUm5TWGtKbFRvTmciOw==', '2015-12-05 19:12:27', '2015-12-05 19:12:27', '8c9a8fff-891d-4c40-a72f-2b851b00e27a'),
 ('2', '1', '564b388dbc7fdce1baf020ecdaa2434e3301238fczozMjoiaHJWYXJzVU1lT1A5dXMybG1jZnl+b2JQQ0p1dmZwTksiOw==', '2016-01-18 20:28:55', '2016-01-18 20:28:55', '0165ca27-c33e-4467-a03e-428780b286e5'),
 ('3', '1', 'edea34ff871becb2251787cd2ff69c98bccd8cd8czozMjoiQWtVNDRLfmxHcHRDRVhHTFl6X2N0NUhtSmZ2NG1SU2giOw==', '2016-01-19 01:34:09', '2016-01-19 01:34:09', 'fa2f30f6-2d63-46f9-acd1-261445db9dd0'),
 ('4', '1', '77ef13e54446e8cee5e218f95f5a2ce11b12e72cczozMjoiUlJZVThnZkFJdnlQSTNIcmVRZU9jX0pqRmV5WTBQVUgiOw==', '2016-01-22 21:06:40', '2016-01-22 21:06:40', '719d265b-a478-47b7-9f8e-1c12b992b8d8'),
 ('5', '1', '2431859f49c2488291dea10104e779f942f40b9fczozMjoia2NCNzU2b2FfYTQwcWZ6Y1pHY2Z4akJEfmhKRXl3d0UiOw==', '2016-01-23 02:36:24', '2016-01-23 02:36:24', 'fc52e89e-d608-47cc-9d53-b2ab4aed050e'),
 ('7', '1', '05f69a618ca9c1487d943fc4315a983a6b017105czozMjoiSVVnWkdjb0RzVGttME9lZTJIYlZkR3dZY0NQdDg2SGIiOw==', '2016-06-28 18:04:18', '2016-06-28 18:04:18', 'a9085ebc-c527-4ca8-ae4f-857f8503056b'),
 ('8', '1', 'a2398cbfd144a8bb98af6fc1c59c20c50dc6566eczozMjoielMyT2k1ZF9wdjVsV1dIbWQ2WlYzd1h0djJ0RU1yV2UiOw==', '2016-07-06 00:03:06', '2016-07-06 00:03:06', 'feb80c29-7437-4878-a9f1-efbf8f25553e'),
 ('9', '1', '799d5407317df849107bef31571715a1e827f257czozMjoiMm52dUVMcGxNUnlJN3E5cTRldDltMGRQfklwd0FDeVIiOw==', '2016-07-06 23:34:12', '2016-07-06 23:34:12', '0f175bca-f488-45a0-a322-89ae8844652c'),
 ('10', '1', 'ace72ee8d8b1da52a5e09b5fe10d35c8113efa58czozMjoiZlZiN1VKWTlaNkFTWE9rODRTbm1nUGRnMUhqVzAyOEQiOw==', '2016-08-02 23:51:17', '2016-08-02 23:51:17', '8951209c-42ac-476a-9251-a366ad6d6a4b'),
 ('11', '1', '3bb17805d41116454ec59f183820e4ea6a8aa14aczozMjoiVHlJQzliVHVRZENwQlVjNWtVbjM4c3pha1RZUEIxdnIiOw==', '2016-08-04 15:08:32', '2016-08-04 15:08:32', '49521bbf-d17d-4f09-8e2b-bd11a6370bae'),
 ('12', '1', '8352eac1ba9c4c381b75d600f555f6d184cb332fczozMjoiclVpRDNFdFdFQ0tZb3VCfmJIb0lsNWgxa3hBQVFVbjgiOw==', '2016-08-05 22:43:57', '2016-08-05 22:43:57', 'c312ca82-d5a4-4343-a836-0351e0d4bfa5'),
 ('13', '1', '12c7650a3efa5874d43c7b39d0d9e1fec145fd97czozMjoiM2VNTXFKQk1ndVZkRmxvNGI2T3JRMXFHSVVhUDIwNU8iOw==', '2016-08-06 23:30:02', '2016-08-06 23:30:02', 'd921c677-4079-408e-8db2-01507e6d7139'),
 ('15', '1', '003e84ad450b7c3d0763b2ee612f05d0f5bb10b8czozMjoiU1NfRVhPZmt0cHBXUU9zVUVwSTBQemszc01NUFVmS1giOw==', '2016-08-21 01:12:49', '2016-08-21 01:12:49', '26168acd-b648-4235-985c-ece9538d87de'),
 ('16', '1', 'b995a3dd93b5a99a9b7ee53a63b12c0ee76083ddczozMjoidzlxeldRM3paTjVJSVhfcVIyV3cxUlBrdjhTQXBzTFciOw==', '2016-08-21 18:56:21', '2016-08-21 18:56:21', 'e70637cc-26a9-445a-aa5c-4f4f6831937a'),
 ('17', '1', '696cdac142f8d004e3f45bc7619813eccba8c0cdczozMjoiS0V2Q0JqVzJNbXBJdW9DVUU5N0FuRXhzbHhtTjludmkiOw==', '2016-08-21 22:08:39', '2016-08-21 22:08:39', 'f593042d-5565-4991-9252-34eb1973ab42'),
 ('18', '1', 'd053f20766836c5085448d93b26df5770d2aa69fczozMjoiWEhFMHFNUVFTT21CQkE1VVRzUVE5SlFjREx4bnd1NEwiOw==', '2016-08-22 02:47:03', '2016-08-22 02:47:03', 'c6fdbec6-02bb-4831-b533-580d3a27b911'),
 ('20', '1', 'f16a5a79ba4ae3d98614810d28f76f37ceefca48czozMjoidHFJYUpHaXB+d355aFJmSno3VjJJflV0RUJRTXJVU2UiOw==', '2016-08-25 00:48:25', '2016-08-25 00:48:25', '9cbdadfa-5460-486e-a2fe-5e654db229cf'),
 ('21', '1', '5021f5066b324d959e1d05be169e3e168fe92eb0czozMjoiZX45V1pEUjc4aVppdXlPQXFTT1VVa091dTZ1fmtqSVAiOw==', '2016-08-25 01:43:04', '2016-08-25 01:43:04', '1fdf4e90-8fcb-4e52-bada-ff3527e89d0f'),
 ('22', '1', '172afa58f53adaf1cbe00331596a096a2dd2da98czozMjoifmNWSWdsWXNxQWZqMFdOcnc0bTBvMFl1MGJrR0NJT0oiOw==', '2016-08-26 00:43:27', '2016-08-26 00:43:27', 'ce5b0e5b-bd93-424c-b566-d68365a608db'),
 ('23', '1', '09b2bf021abe2d2debffbb2afe86ab11cbacd402czozMjoidVdDRHhwTUs3OXU4dk1CY1FEWXN0OTZWRWVsX1NoTkciOw==', '2016-08-26 23:33:00', '2016-08-26 23:33:00', '57b496d3-f25e-4a3c-88b6-19e28ad80ac9'),
 ('24', '1', '805e9137bf894536b37ebb846c99dd04ce3e97c8czozMjoiMlhobV82T0liMENGTGlGeDdGdkd6b1B+Z01Xa3lQZTciOw==', '2016-08-27 16:27:29', '2016-08-27 16:27:29', 'e7687c39-bc8a-4f5f-8cf7-98011f1699d9'),
 ('25', '1', '93c3404bafbf9d5bfa28c0291393c08aefbe482fczozMjoiWGJkWW5WbVVieFNLRDYyVDB2U0FrVkZic3FzSHJ6ZmwiOw==', '2016-08-28 01:53:08', '2016-08-28 01:53:08', 'bde49e24-e285-4e30-be01-77f95e56db34'),
 ('26', '1', '700f1bc79274d6ea686761bcdd614357c1f06190czozMjoiSkNyZWhmX3dVQn5OWWFyV3lCN1JrY0FOU0tEc2pKUjMiOw==', '2016-08-30 00:08:05', '2016-08-30 00:08:05', '14e8df3a-b55e-404b-9e30-d30400e27595'),
 ('27', '1', 'ea64950ff58cef29d2c84de329f77f01a4013369czozMjoiQ19LRkF4bG5RQzFfcWM2YXM0a1pPaG9ZMU1TWH5XbUUiOw==', '2016-08-30 23:58:13', '2016-08-30 23:58:13', '2a26c2ef-d836-4d10-83c3-effc68e57c15'),
 ('28', '1', 'e20d3204fbab4a3c6bfccde685152ee183143731czozMjoiaWgzdHJMWDJlNDVuMjlxOHhrXzMwdkhrblNpQjY2Rm0iOw==', '2016-09-01 00:21:10', '2016-09-01 00:21:10', 'd7292b28-aaf4-45e8-9858-ef4c9286e50c'),
 ('29', '1', 'b8c70adc75acabc175294ff1e46e97cb2d47fc7cczozMjoiYkw0dUNlQ2l3T3RjNk44akVhQ0xlaTh2MUlTR1pDSFIiOw==', '2016-09-01 22:08:29', '2016-09-01 22:08:29', '035ac49f-dbf5-4ad2-89b0-aa858cb98459'),
 ('30', '1', 'b8e434ee43b6d5e0bb1df4233a8922ccec5102b8czozMjoiSDFfdWdpM2VLMUxzVFBRRmRXUUw1R250dnJFajh1b2kiOw==', '2016-09-03 00:12:56', '2016-09-03 00:12:56', '1bc7e2eb-71fb-48d2-9289-d91c6178b6ac'),
 ('31', '1', '417736035e2c7085a9ea69e8875561e5989b70aeczozMjoiaXRmNjlYMlJsNjZreGpvSGtSMEF0Zks3MWN+YUcwQTUiOw==', '2016-09-03 03:21:20', '2016-09-03 03:21:20', '093386a7-69ee-4fce-a2ae-a06c33a69118'),
 ('32', '1', '38fe66f3ad8adb43c039ed73b71360c2f4ac2524czozMjoiZkJMaHU4TGthMjVDNTNvSUVudGw4a2w2dVdPYn5XQV8iOw==', '2016-09-04 15:53:54', '2016-09-04 15:53:54', 'b11519ab-87d4-448e-ac28-d588cff5dbd3'),
 ('33', '1', 'fbe86a5466af726d943b849b2de4c9b7f56ff094czozMjoidmhlQks2U1hPMGxwQnRGbllQUXFQSXFYS0h2a0c2dUciOw==', '2016-09-04 18:55:17', '2016-09-04 18:55:17', 'a3573191-417e-4a76-9e22-c0d88ed53aef'),
 ('34', '1', 'e4654a1d7901e2d48f881064e128ac310ec89ddeczozMjoiYUY3cUtXY08zTHltXzZKcDBSaDBNeG5lN2xhR2RuMH4iOw==', '2016-09-05 01:30:04', '2016-09-05 01:30:04', '250a5f01-42f9-4ac9-9a59-cfbeb9fc48b1'),
 ('35', '1', '8e358b5da0c11f212bcaea184b9365501088c89dczozMjoiSHJmbnFnQ3RJcWNEZjNEOTl3M29sVk9kaDNmZjRDajkiOw==', '2016-09-05 02:50:46', '2016-09-05 02:50:46', '546fe29a-ecfb-4a09-89da-9ee87f0e0441'),
 ('36', '1', 'f468d7ec8bba8f96672c14da81a10629cc6c7a93czozMjoiakU2QWhfS1h+QWR0Z0gxM0hVTlpKV083UUI5bk9yZ2siOw==', '2016-09-05 04:50:19', '2016-09-05 04:50:19', 'fb51c546-ef45-4531-b15e-a540b6855c3c'),
 ('37', '1', '009145421a0c2ab9d15cdf04e9246521025e66f6czozMjoiX2thSGpFejdzfnlUTThPVF94aFg5MENiY1hyZzlHZEgiOw==', '2016-09-05 22:15:35', '2016-09-05 22:15:35', 'ddf48038-8d62-4b21-b191-9c2a5afcb6a7'),
 ('38', '1', 'ba2b6510350de3acb76aec1df64a41d346847919czozMjoiYUVaaVNMY0JTcjVXN0xXVURrdGUxa1E2bTJVckp4aVkiOw==', '2016-09-07 01:44:15', '2016-09-07 01:44:15', 'a827d989-4b1c-4b16-a0c1-bcdc7504ccdb'),
 ('39', '1', 'c13be3688f8b07c9310c2d86515f276b7cf7e970czozMjoiNlk5QWdtN2VwV0x6QVV4VmRIVnpCbERMZnY0NklPSUYiOw==', '2016-09-07 22:18:59', '2016-09-07 22:18:59', '33f7a329-75ad-411c-bb93-3763f2d62a07'),
 ('40', '1', '93777da8a4392d85da28c19cf8004848d1b67cbdczozMjoifmQxUTV5Y1E1X0R+dFRvUFJncGkzMlJMYUZqUWVQY2oiOw==', '2016-09-08 00:56:27', '2016-09-08 00:56:27', 'afc2c9f2-beee-4562-a430-481730bf9f85'),
 ('41', '1', 'b8fba957f056085a0bcd8fd41481adccdf217a80czozMjoid05LVWVXenVrelA0NzdnRm8wb0Vlbk5maUFPQkNIa0QiOw==', '2016-09-09 00:22:13', '2016-09-09 00:22:13', '45f9cb52-75cf-4755-ab11-0fa7f6848d00'),
 ('42', '1', '70ee057181e60f76aebd4a0be36dc18f1f9e5008czozMjoiUH5lT084R0RlNUdsY1dYNlBOTF9mTmxjSHJqUFJEX1EiOw==', '2016-09-09 01:38:51', '2016-09-09 01:38:51', 'b7066ecb-68bc-424e-90fb-16d6093b7941'),
 ('43', '1', 'cf2113a82cbb9eca53e26b1059babb3be8899fffczozMjoiV2p5SWx0U0ZPS0V5NGRXOGltTUxySFBHMmU2Y3h+TTciOw==', '2016-09-10 02:00:28', '2016-09-10 02:00:28', '64c65f70-99a4-40b6-bedc-0bba21b62364'),
 ('44', '1', '3efc3c47c1a5afe13f2fc43fef3ed46cf36c70bcczozMjoiS1g3RFZnOVFRUXVZN0Vtd2VTRnZ3ampRMEY3aldGWHEiOw==', '2016-09-11 14:43:36', '2016-09-11 14:43:36', '57502091-1f1b-4d31-8bb2-3ec719642d73'),
 ('45', '1', '01bbb357773bbdd79088b993bdf2eafc0b1b0f18czozMjoiemlOWX5vR1FNaU1zSGJibUl5TU1HYU1yeH4xcERzQ00iOw==', '2016-09-11 17:31:46', '2016-09-11 17:31:46', 'd42242d6-74c3-43f7-bec4-186cf892ed64'),
 ('46', '1', '55bc26a642445221ff21e6d7e449dfe6a7710f91czozMjoiTDVIZ2l2UHVadlN6NHNKTTlhYUxzaHNYcVBPZGlDTjgiOw==', '2016-09-13 01:32:00', '2016-09-13 01:32:00', 'fc1db70e-0dd0-46e6-859b-6cb3c2d9fd97'),
 ('47', '1', '1b0a356e9f7da0eaef36b56e9c3253ef3a97c02cczozMjoiVHB3T3RPRGw0TDdxeUtHQ1NuQ1YxZ2hBNk1rUFRHR1QiOw==', '2016-09-13 21:20:01', '2016-09-13 21:20:01', 'c628e01b-f446-48bc-8474-13a4d66ffe62'),
 ('48', '1', '994f1082dfb0785000fb4ca729959df34e0b910bczozMjoiS3dnZWtBemxrRWVnM1JIRXFzZDliQTFqa3dmc1pKcjgiOw==', '2016-09-14 00:46:01', '2016-09-14 00:46:01', 'dcea35c5-8808-4b36-bc8c-8857b005731e'),
 ('49', '1', '59a9661cbaf6bf393d3c9036264ea399dc40799fczozMjoiV0dRZ2FBOXVvbXZvdndNaHhjZlRiQWtETncza3VpTFoiOw==', '2016-09-15 00:33:49', '2016-09-15 00:33:49', '4c7bf045-e488-4e1d-99a9-32c0d198fda2'),
 ('50', '1', 'a6dafa37c5162ef27fbb73ad6a58750e47a29650czozMjoiXzhta1N6ZGdfejJLbVJnZEVRaGFGbmJOX1Q1eVROWEUiOw==', '2016-09-16 00:31:57', '2016-09-16 00:31:57', 'e762429a-999a-4fed-8250-623411f7062d'),
 ('51', '1', 'ccf9191453ff7d24058e3ce92e838a0caeac23e9czozMjoiTmRUdnA4Q25Iek1WaG5pZnFxcjZfTm9mOVBDMHpKajYiOw==', '2016-09-18 23:14:46', '2016-09-18 23:14:46', '73fdb857-e1fb-43df-baf7-ee4c3b6bb393'),
 ('52', '1', '51737a770cfb6117deb819b68d8ae85afda5a1cbczozMjoiSEZOYXNKcmQ0TmZIY01EN3FnVWk1ckNGX3Focm5NfkciOw==', '2016-09-20 00:58:15', '2016-09-20 00:58:15', '78711a34-675d-45ab-9964-4a2fecd4f1c0'),
 ('53', '1', '61724c3e566a489a680f7bf66e3ad654c1bc5ca6czozMjoid203aGF0R0NvbjZHSGhtM1h5YU9QcTJwMk9MUTl0M20iOw==', '2016-09-22 00:40:17', '2016-09-22 00:40:17', '39142b48-d554-4974-a866-22c538177a9b'),
 ('54', '1', '1d7cb28d6b39a9c9fa004e1c5ed06af47a6a87c6czozMjoiSXMyZWt6RnVvWTU3RWE0VFpHYnF+b2I0QklNZFVuREIiOw==', '2016-09-24 19:16:10', '2016-09-24 19:16:10', '6431b9f3-e4a3-4753-b320-3e8ff27722ec'),
 ('55', '1', '2d014061b77d5deda55f9d8f5eb3154aa0e63c42czozMjoiSEZZdWttWEZic0dHVkIzWnE0RTUxUH43Y1ZBTk9raDUiOw==', '2016-09-25 21:59:34', '2016-09-25 21:59:34', 'b8c4d208-7a0d-4dca-8ded-903491758191'),
 ('56', '1', '1875d91a25bf6bd92d119ddd56cb5ab0be7c85ebczozMjoiZzJFMUpKa29pZk9XV1hoSHVvVlAweVg2Vkc2ZV9JalAiOw==', '2016-09-25 23:27:39', '2016-09-25 23:27:39', '273c3891-8727-441d-81e1-f940dfbd3a46'),
 ('57', '1', '8980b05356371cf8382175efb533f3a7b9a5fb56czozMjoiV2s4SFM1RE1YNnhCen5oUlFRMGoyZGV2T3d3VzB6cUUiOw==', '2016-09-26 23:42:03', '2016-09-26 23:42:03', 'baca5926-83fd-4126-b70f-306c69a87eb2'),
 ('58', '1', 'add637b0ad897668e0e1fc7fdc492f2f748983a0czozMjoiWH4zR3p0cmY5clp1RGtva1dkd0Y1cEJuWjhubWdQSTciOw==', '2016-10-03 16:52:55', '2016-10-03 16:52:55', 'fefe7382-eb0d-4790-8188-fb1c3bea60e7'),
 ('59', '1', '04ac52f5e7df9adb23321cd023ff9e9900cc66bdczozMjoiblBTakFCSW1Ed0JvNFZsa1VKS1hva1FYR05sWEVWQW4iOw==', '2016-10-04 00:41:59', '2016-10-04 00:41:59', '1d76f2a1-7279-4c69-b348-1c44d5ff425f'),
 ('60', '1', 'b5332262439816c85e52c395b64fd008112043c6czozMjoicEhXZnQyRDFTcUFYN21mRW42dkF3X3NnMUFBWFZBQTciOw==', '2016-11-03 00:13:43', '2016-11-03 00:13:43', '58150d48-caaf-4f86-b876-1178a7cb5e9b'),
 ('63', '1', 'ce6d42e2ec7427bb4d00f9169051224fd45d3d1eczozMjoieG5MTlRNNTBZel9jUHl2RGU1X3B5OGNZaUZXc3lNMjciOw==', '2016-11-24 03:12:49', '2016-11-24 03:12:49', '99d73d90-6553-44f3-83df-fab1d1212ac0'),
 ('64', '1', 'd7574a059c9cd32db0fccde06aa31fe92196fadfczozMjoiTHgyeGNTWGRIN3FRaTJvQWFxNk5ScnhmRURkVG5sY3QiOw==', '2016-12-06 02:59:41', '2016-12-06 02:59:41', 'd0fc732e-15a0-41a9-a129-34941daf2e53'),
 ('65', '1', '630410305a1220c967b7e16c35ff1e03e8165893czozMjoiRDRxeH5EMkZJeW5DMnZ6M2cxS3JINnpTUGw1SWVxWXkiOw==', '2016-12-14 01:39:31', '2016-12-14 01:39:31', '69d7a199-708d-45e4-bfab-e92b6d3fedf0'),
 ('66', '1', '206623ab6d11f9f4b78055798e0664d4bde5b8b3czozMjoidnNTazZ+aFlyYkJqSjNQMERhY0U4X2MxSmkwWUJ1VVgiOw==', '2016-12-22 00:55:18', '2016-12-22 00:55:18', '69156fc9-356e-4216-b80c-acc8521435c9'),
 ('67', '1', '080181327880defe7d74f6c0f30c7c99e2f26511czozMjoiQ3E2NHE3dGRUX19haElwR25ZV29ZdzFXNHlTS09MdmwiOw==', '2016-12-22 01:15:42', '2016-12-22 01:15:42', 'a77517bc-a80f-4f10-aca1-0551a13d715c'),
 ('68', '1', '07573d35f07405ae261eccf06a5ee0dcf9e18a0eczozMjoiazJtd1FVZ0RBfl9YY3NlcXJFN2RseV9YZThwa3pERXUiOw==', '2017-03-09 01:39:35', '2017-03-09 01:39:35', '29655124-cfb8-4586-a91c-366c2b5ee11f'),
 ('69', '1', '7fcd9ba07f2da6962d9f4b116ca3792519e5a054czozMjoid25abTF6SnVjfjk3Wmp1UWt1X35obmlWWktRQnB4UVoiOw==', '2017-04-06 23:18:09', '2017-04-06 23:18:09', 'd21883ce-2089-4c79-a7b3-d2d252a5d135');



DROP TABLE IF EXISTS `craft_shunnedmessages`;


--
-- Schema for table `craft_shunnedmessages`
--
CREATE TABLE `craft_shunnedmessages` (
  `id` int(11) NOT NULL AUTO_INCREMENT,
  `userId` int(11) NOT NULL,
  `message` varchar(255) COLLATE utf8_unicode_ci NOT NULL,
  `expiryDate` datetime DEFAULT NULL,
  `dateCreated` datetime NOT NULL,
  `dateUpdated` datetime NOT NULL,
  `uid` char(36) COLLATE utf8_unicode_ci NOT NULL DEFAULT '0',
  PRIMARY KEY (`id`),
  UNIQUE KEY `craft_shunnedmessages_userId_message_unq_idx` (`userId`,`message`)
) ENGINE=InnoDB DEFAULT CHARSET=utf8 COLLATE=utf8_unicode_ci;

DROP TABLE IF EXISTS `craft_structureelements`;


--
-- Schema for table `craft_structureelements`
--
CREATE TABLE `craft_structureelements` (
  `id` int(11) NOT NULL AUTO_INCREMENT,
  `structureId` int(11) NOT NULL,
  `elementId` int(11) DEFAULT NULL,
  `root` int(11) unsigned DEFAULT NULL,
  `lft` int(11) unsigned NOT NULL,
  `rgt` int(11) unsigned NOT NULL,
  `level` smallint(6) unsigned NOT NULL,
  `dateCreated` datetime NOT NULL,
  `dateUpdated` datetime NOT NULL,
  `uid` char(36) COLLATE utf8_unicode_ci NOT NULL DEFAULT '0',
  PRIMARY KEY (`id`),
  UNIQUE KEY `craft_structureelements_structureId_elementId_unq_idx` (`structureId`,`elementId`),
  KEY `craft_structureelements_root_idx` (`root`),
  KEY `craft_structureelements_lft_idx` (`lft`),
  KEY `craft_structureelements_rgt_idx` (`rgt`),
  KEY `craft_structureelements_level_idx` (`level`),
  KEY `craft_structureelements_elementId_fk` (`elementId`)
) ENGINE=InnoDB AUTO_INCREMENT=10 DEFAULT CHARSET=utf8 COLLATE=utf8_unicode_ci;

--
-- Data for table `craft_structureelements`
--

INSERT INTO `craft_structureelements` (`id`, `structureId`, `elementId`, `root`, `lft`, `rgt`, `level`, `dateCreated`, `dateUpdated`, `uid`) VALUES
 ('1', '1', NULL, '1', '1', '2', '0', '2016-06-28 19:16:53', '2016-06-28 19:16:53', '1327d3b0-ade1-481f-9b25-475d8738c97b'),
 ('2', '4', NULL, '2', '1', '6', '0', '2016-11-03 00:25:06', '2016-11-03 00:25:06', '86155d6d-f858-46eb-bc5c-2ac50d9ec006'),
 ('3', '4', '95', '2', '2', '3', '1', '2016-11-03 00:25:06', '2016-11-03 00:25:06', 'cf5859b3-5bf6-4ef6-a341-e65b22d94bd8'),
 ('4', '4', '96', '2', '4', '5', '1', '2016-11-03 00:25:11', '2016-11-03 00:25:11', '5c4d7ca9-c3a3-4a1e-aef5-d3419541815f'),
 ('5', '5', NULL, '5', '1', '8', '0', '2016-11-16 00:59:41', '2016-11-16 00:59:41', '76d58515-a9d3-4434-b98f-716bbb5203e0'),
 ('6', '5', '103', '5', '2', '3', '1', '2016-11-16 00:59:41', '2016-11-16 00:59:41', 'ef1dd445-e55c-4f98-a694-9ee2b6942e50'),
 ('7', '5', '104', '5', '4', '5', '1', '2016-11-16 00:59:58', '2016-11-16 00:59:58', '3c05e81b-fdc5-48b3-98dc-47391ca9dc7a'),
 ('9', '5', '106', '5', '6', '7', '1', '2016-11-16 02:03:09', '2016-11-16 02:03:09', 'ac4da346-0d55-46b0-a010-29bcea019c1f');



DROP TABLE IF EXISTS `craft_structures`;


--
-- Schema for table `craft_structures`
--
CREATE TABLE `craft_structures` (
  `id` int(11) NOT NULL AUTO_INCREMENT,
  `maxLevels` smallint(6) unsigned DEFAULT NULL,
  `dateCreated` datetime NOT NULL,
  `dateUpdated` datetime NOT NULL,
  `uid` char(36) COLLATE utf8_unicode_ci NOT NULL DEFAULT '0',
  PRIMARY KEY (`id`)
) ENGINE=InnoDB AUTO_INCREMENT=6 DEFAULT CHARSET=utf8 COLLATE=utf8_unicode_ci;

--
-- Data for table `craft_structures`
--

INSERT INTO `craft_structures` (`id`, `maxLevels`, `dateCreated`, `dateUpdated`, `uid`) VALUES
 ('1', NULL, '2016-06-28 19:13:15', '2016-08-07 00:15:10', '58009acc-a10d-45c0-9366-17a055236dee'),
 ('2', NULL, '2016-06-28 19:14:00', '2016-06-28 19:15:11', '2c80a1f4-3032-4abc-8467-d97eb3b3d56b'),
 ('3', NULL, '2016-08-06 23:50:45', '2016-08-07 00:15:02', '78c73bc1-8ead-4ff1-98bb-cec08efb0d9d'),
 ('4', NULL, '2016-11-03 00:24:52', '2016-11-03 00:24:52', '11b24f8d-88a5-4362-99a2-cb57cfb22cf4'),
 ('5', NULL, '2016-11-16 00:59:20', '2016-11-16 00:59:20', '93a1fd81-d59b-4c35-bea0-0abfe7622ff3');



DROP TABLE IF EXISTS `craft_systemsettings`;


--
-- Schema for table `craft_systemsettings`
--
CREATE TABLE `craft_systemsettings` (
  `id` int(11) NOT NULL AUTO_INCREMENT,
  `category` varchar(15) COLLATE utf8_unicode_ci NOT NULL,
  `settings` text COLLATE utf8_unicode_ci,
  `dateCreated` datetime NOT NULL,
  `dateUpdated` datetime NOT NULL,
  `uid` char(36) COLLATE utf8_unicode_ci NOT NULL DEFAULT '0',
  PRIMARY KEY (`id`),
  UNIQUE KEY `craft_systemsettings_category_unq_idx` (`category`)
) ENGINE=InnoDB AUTO_INCREMENT=2 DEFAULT CHARSET=utf8 COLLATE=utf8_unicode_ci;

--
-- Data for table `craft_systemsettings`
--

INSERT INTO `craft_systemsettings` (`id`, `category`, `settings`, `dateCreated`, `dateUpdated`, `uid`) VALUES
 ('1', 'email', '{\"protocol\":\"php\",\"emailAddress\":\"jimirings@gmail.com\",\"senderName\":\"Jim Christie Craft Dev\"}', '2015-12-05 19:12:27', '2015-12-05 19:12:27', '7b442633-3f0d-42df-88a9-bab5c2cfe1bf');



DROP TABLE IF EXISTS `craft_taggroups`;


--
-- Schema for table `craft_taggroups`
--
CREATE TABLE `craft_taggroups` (
  `id` int(11) NOT NULL AUTO_INCREMENT,
  `name` varchar(255) COLLATE utf8_unicode_ci NOT NULL,
  `handle` varchar(255) COLLATE utf8_unicode_ci NOT NULL,
  `fieldLayoutId` int(10) DEFAULT NULL,
  `dateCreated` datetime NOT NULL,
  `dateUpdated` datetime NOT NULL,
  `uid` char(36) COLLATE utf8_unicode_ci NOT NULL DEFAULT '0',
  PRIMARY KEY (`id`),
  UNIQUE KEY `craft_taggroups_name_unq_idx` (`name`),
  UNIQUE KEY `craft_taggroups_handle_unq_idx` (`handle`),
  KEY `craft_taggroups_fieldLayoutId_fk` (`fieldLayoutId`)
) ENGINE=InnoDB AUTO_INCREMENT=2 DEFAULT CHARSET=utf8 COLLATE=utf8_unicode_ci;

--
-- Data for table `craft_taggroups`
--

INSERT INTO `craft_taggroups` (`id`, `name`, `handle`, `fieldLayoutId`, `dateCreated`, `dateUpdated`, `uid`) VALUES
 ('1', 'Default', 'default', '106', '2015-12-05 19:12:27', '2016-08-31 01:29:36', '9b00a185-b2e5-4c10-8b30-ee52d66ad4e7');



DROP TABLE IF EXISTS `craft_tags`;


--
-- Schema for table `craft_tags`
--
CREATE TABLE `craft_tags` (
  `id` int(11) NOT NULL,
  `groupId` int(11) NOT NULL,
  `dateCreated` datetime NOT NULL,
  `dateUpdated` datetime NOT NULL,
  `uid` char(36) COLLATE utf8_unicode_ci NOT NULL DEFAULT '0',
  PRIMARY KEY (`id`),
  KEY `craft_tags_groupId_fk` (`groupId`)
) ENGINE=InnoDB DEFAULT CHARSET=utf8 COLLATE=utf8_unicode_ci;

--
-- Data for table `craft_tags`
--

INSERT INTO `craft_tags` (`id`, `groupId`, `dateCreated`, `dateUpdated`, `uid`) VALUES
 ('31', '1', '2016-08-30 01:21:51', '2016-08-30 01:21:51', '7c40d9eb-fccf-4dce-b8df-a02258cc2b93'),
 ('32', '1', '2016-08-30 01:21:56', '2016-08-30 01:21:56', '92b0c952-6a10-4762-b5f3-cdf9c2c64979'),
 ('33', '1', '2016-08-30 01:22:04', '2016-08-30 01:22:04', 'c82507e5-bcb4-45b8-90fa-47fc41da0453'),
 ('34', '1', '2016-08-30 01:22:12', '2016-08-30 01:22:12', '12c998f9-1921-476a-9b48-3130ba5fbe83'),
 ('35', '1', '2016-08-30 01:22:29', '2016-08-30 01:22:29', 'e692a824-302e-4b4e-835f-a7a954fae370'),
 ('36', '1', '2016-08-30 01:22:47', '2016-08-30 01:22:47', '6a97e20b-e5a9-4cf2-9a41-0e5cd5696ffc'),
 ('37', '1', '2016-08-30 01:22:51', '2016-08-30 01:22:51', '536d8900-23a7-431e-8642-a0ba027b929d'),
 ('38', '1', '2016-08-30 01:22:55', '2016-08-30 01:22:55', '844eae3c-51a6-42ae-96ca-634f4df621ed'),
 ('40', '1', '2016-09-01 03:35:39', '2016-09-01 03:35:39', '3a28c61b-4446-4026-a22a-4ac77747ae75'),
 ('41', '1', '2016-09-01 03:35:44', '2016-09-01 03:35:44', 'cdac3562-9c5d-4e65-a229-6560ab255255'),
 ('42', '1', '2016-09-01 03:35:52', '2016-09-01 03:35:52', '50239942-885a-4dca-8a5e-434dc34bba3f');



DROP TABLE IF EXISTS `craft_tasks`;


--
-- Schema for table `craft_tasks`
--
CREATE TABLE `craft_tasks` (
  `id` int(11) NOT NULL AUTO_INCREMENT,
  `root` int(11) unsigned DEFAULT NULL,
  `lft` int(11) unsigned NOT NULL,
  `rgt` int(11) unsigned NOT NULL,
  `level` smallint(6) unsigned NOT NULL,
  `currentStep` int(11) unsigned DEFAULT NULL,
  `totalSteps` int(11) unsigned DEFAULT NULL,
  `status` enum('pending','error','running') COLLATE utf8_unicode_ci DEFAULT NULL,
  `type` varchar(150) COLLATE utf8_unicode_ci NOT NULL,
  `description` varchar(255) COLLATE utf8_unicode_ci DEFAULT NULL,
  `settings` mediumtext COLLATE utf8_unicode_ci,
  `dateCreated` datetime NOT NULL,
  `dateUpdated` datetime NOT NULL,
  `uid` char(36) COLLATE utf8_unicode_ci NOT NULL DEFAULT '0',
  PRIMARY KEY (`id`),
  KEY `craft_tasks_root_idx` (`root`),
  KEY `craft_tasks_lft_idx` (`lft`),
  KEY `craft_tasks_rgt_idx` (`rgt`),
  KEY `craft_tasks_level_idx` (`level`)
) ENGINE=InnoDB DEFAULT CHARSET=utf8 COLLATE=utf8_unicode_ci;

DROP TABLE IF EXISTS `craft_templatecachecriteria`;


--
-- Schema for table `craft_templatecachecriteria`
--
CREATE TABLE `craft_templatecachecriteria` (
  `id` int(11) NOT NULL AUTO_INCREMENT,
  `cacheId` int(11) NOT NULL,
  `type` varchar(150) COLLATE utf8_unicode_ci NOT NULL,
  `criteria` text COLLATE utf8_unicode_ci NOT NULL,
  PRIMARY KEY (`id`),
  KEY `craft_templatecachecriteria_cacheId_fk` (`cacheId`),
  KEY `craft_templatecachecriteria_type_idx` (`type`)
) ENGINE=InnoDB DEFAULT CHARSET=utf8 COLLATE=utf8_unicode_ci;

DROP TABLE IF EXISTS `craft_templatecacheelements`;


--
-- Schema for table `craft_templatecacheelements`
--
CREATE TABLE `craft_templatecacheelements` (
  `cacheId` int(11) NOT NULL,
  `elementId` int(11) NOT NULL,
  KEY `craft_templatecacheelements_cacheId_fk` (`cacheId`),
  KEY `craft_templatecacheelements_elementId_fk` (`elementId`)
) ENGINE=InnoDB DEFAULT CHARSET=utf8 COLLATE=utf8_unicode_ci;

DROP TABLE IF EXISTS `craft_templatecaches`;


--
-- Schema for table `craft_templatecaches`
--
CREATE TABLE `craft_templatecaches` (
  `id` int(11) NOT NULL AUTO_INCREMENT,
  `cacheKey` varchar(255) COLLATE utf8_unicode_ci NOT NULL,
  `locale` char(12) COLLATE utf8_unicode_ci NOT NULL,
  `path` varchar(255) COLLATE utf8_unicode_ci DEFAULT NULL,
  `expiryDate` datetime NOT NULL,
  `body` mediumtext COLLATE utf8_unicode_ci NOT NULL,
  PRIMARY KEY (`id`),
  KEY `craft_templatecaches_locale_fk` (`locale`),
  KEY `craft_templatecaches_locale_cacheKey_path_expiryDate_idx` (`locale`,`cacheKey`,`path`,`expiryDate`)
) ENGINE=InnoDB DEFAULT CHARSET=utf8 COLLATE=utf8_unicode_ci;

DROP TABLE IF EXISTS `craft_tokens`;


--
-- Schema for table `craft_tokens`
--
CREATE TABLE `craft_tokens` (
  `id` int(11) NOT NULL AUTO_INCREMENT,
  `token` char(32) COLLATE utf8_unicode_ci NOT NULL,
  `route` text COLLATE utf8_unicode_ci,
  `usageLimit` tinyint(3) unsigned DEFAULT NULL,
  `usageCount` tinyint(3) unsigned DEFAULT NULL,
  `expiryDate` datetime NOT NULL,
  `dateCreated` datetime NOT NULL,
  `dateUpdated` datetime NOT NULL,
  `uid` char(36) COLLATE utf8_unicode_ci NOT NULL DEFAULT '0',
  PRIMARY KEY (`id`),
  UNIQUE KEY `craft_tokens_token_unq_idx` (`token`),
  KEY `craft_tokens_expiryDate_idx` (`expiryDate`)
) ENGINE=InnoDB AUTO_INCREMENT=5 DEFAULT CHARSET=utf8 COLLATE=utf8_unicode_ci;

--
-- Data for table `craft_tokens`
--

INSERT INTO `craft_tokens` (`id`, `token`, `route`, `usageLimit`, `usageCount`, `expiryDate`, `dateCreated`, `dateUpdated`, `uid`) VALUES
 ('1', 'mtvkm1fCRIfoRE57p2TcZcyzECIoJWZ6', '{\"action\":\"entries\\/viewSharedEntry\",\"params\":{\"entryId\":\"110\",\"locale\":\"en_us\"}}', NULL, NULL, '2016-12-15 00:59:13', '2016-12-14 00:59:13', '2016-12-14 00:59:13', '603063be-eabf-4dd9-b5b8-02e37edfa063'),
 ('2', 'NYNQNZuJba3kHYJUu_yI72GIkVP1n55M', '{\"action\":\"entries\\/viewSharedEntry\",\"params\":{\"entryId\":\"110\",\"locale\":\"en_us\"}}', NULL, NULL, '2016-12-15 00:59:30', '2016-12-14 00:59:30', '2016-12-14 00:59:30', 'd4e599fd-fecd-4283-9396-a1dbc3496057'),
 ('3', 'wh2SwRYK_ZkTnH2BOCPhRo~znrf3Fv8a', '{\"action\":\"entries\\/viewSharedEntry\",\"params\":{\"entryId\":\"110\",\"locale\":\"en_us\"}}', NULL, NULL, '2016-12-15 01:32:04', '2016-12-14 01:32:04', '2016-12-14 01:32:04', '3e619a5f-6af4-4e89-85ea-40cda970775f'),
 ('4', '6ZNPPBdDhKOihbFKU~l9bMEGyUeelVkB', '{\"action\":\"entries\\/viewSharedEntry\",\"params\":{\"entryId\":\"110\",\"locale\":\"en_us\"}}', NULL, NULL, '2016-12-15 01:33:32', '2016-12-14 01:33:32', '2016-12-14 01:33:32', '833d3613-bded-4130-a295-32fe79fd08e4');



DROP TABLE IF EXISTS `craft_usergroups`;


--
-- Schema for table `craft_usergroups`
--
CREATE TABLE `craft_usergroups` (
  `id` int(11) NOT NULL AUTO_INCREMENT,
  `name` varchar(255) COLLATE utf8_unicode_ci NOT NULL,
  `handle` varchar(255) COLLATE utf8_unicode_ci NOT NULL,
  `dateCreated` datetime NOT NULL,
  `dateUpdated` datetime NOT NULL,
  `uid` char(36) COLLATE utf8_unicode_ci NOT NULL DEFAULT '0',
  PRIMARY KEY (`id`),
  UNIQUE KEY `craft_usergroups_handle_unq_idx` (`handle`),
  UNIQUE KEY `craft_usergroups_name_unq_idx` (`name`)
) ENGINE=InnoDB DEFAULT CHARSET=utf8 COLLATE=utf8_unicode_ci;

DROP TABLE IF EXISTS `craft_usergroups_users`;


--
-- Schema for table `craft_usergroups_users`
--
CREATE TABLE `craft_usergroups_users` (
  `id` int(11) NOT NULL AUTO_INCREMENT,
  `groupId` int(11) NOT NULL,
  `userId` int(11) NOT NULL,
  `dateCreated` datetime NOT NULL,
  `dateUpdated` datetime NOT NULL,
  `uid` char(36) COLLATE utf8_unicode_ci NOT NULL DEFAULT '0',
  PRIMARY KEY (`id`),
  UNIQUE KEY `craft_usergroups_users_groupId_userId_unq_idx` (`groupId`,`userId`),
  KEY `craft_usergroups_users_userId_fk` (`userId`)
) ENGINE=InnoDB DEFAULT CHARSET=utf8 COLLATE=utf8_unicode_ci;

DROP TABLE IF EXISTS `craft_userpermissions`;


--
-- Schema for table `craft_userpermissions`
--
CREATE TABLE `craft_userpermissions` (
  `id` int(11) NOT NULL AUTO_INCREMENT,
  `name` varchar(255) COLLATE utf8_unicode_ci NOT NULL,
  `dateCreated` datetime NOT NULL,
  `dateUpdated` datetime NOT NULL,
  `uid` char(36) COLLATE utf8_unicode_ci NOT NULL DEFAULT '0',
  PRIMARY KEY (`id`),
  UNIQUE KEY `craft_userpermissions_name_unq_idx` (`name`)
) ENGINE=InnoDB DEFAULT CHARSET=utf8 COLLATE=utf8_unicode_ci;

DROP TABLE IF EXISTS `craft_userpermissions_usergroups`;


--
-- Schema for table `craft_userpermissions_usergroups`
--
CREATE TABLE `craft_userpermissions_usergroups` (
  `id` int(11) NOT NULL AUTO_INCREMENT,
  `permissionId` int(11) NOT NULL,
  `groupId` int(11) NOT NULL,
  `dateCreated` datetime NOT NULL,
  `dateUpdated` datetime NOT NULL,
  `uid` char(36) COLLATE utf8_unicode_ci NOT NULL DEFAULT '0',
  PRIMARY KEY (`id`),
  UNIQUE KEY `craft_userpermissions_usergroups_permissionId_groupId_unq_idx` (`permissionId`,`groupId`),
  KEY `craft_userpermissions_usergroups_groupId_fk` (`groupId`)
) ENGINE=InnoDB DEFAULT CHARSET=utf8 COLLATE=utf8_unicode_ci;

DROP TABLE IF EXISTS `craft_userpermissions_users`;


--
-- Schema for table `craft_userpermissions_users`
--
CREATE TABLE `craft_userpermissions_users` (
  `id` int(11) NOT NULL AUTO_INCREMENT,
  `permissionId` int(11) NOT NULL,
  `userId` int(11) NOT NULL,
  `dateCreated` datetime NOT NULL,
  `dateUpdated` datetime NOT NULL,
  `uid` char(36) COLLATE utf8_unicode_ci NOT NULL DEFAULT '0',
  PRIMARY KEY (`id`),
  UNIQUE KEY `craft_userpermissions_users_permissionId_userId_unq_idx` (`permissionId`,`userId`),
  KEY `craft_userpermissions_users_userId_fk` (`userId`)
) ENGINE=InnoDB DEFAULT CHARSET=utf8 COLLATE=utf8_unicode_ci;

DROP TABLE IF EXISTS `craft_users`;


--
-- Schema for table `craft_users`
--
CREATE TABLE `craft_users` (
  `id` int(11) NOT NULL,
  `username` varchar(100) COLLATE utf8_unicode_ci NOT NULL,
  `photo` varchar(100) COLLATE utf8_unicode_ci DEFAULT NULL,
  `firstName` varchar(100) COLLATE utf8_unicode_ci DEFAULT NULL,
  `lastName` varchar(100) COLLATE utf8_unicode_ci DEFAULT NULL,
  `email` varchar(255) COLLATE utf8_unicode_ci NOT NULL,
  `password` char(255) COLLATE utf8_unicode_ci DEFAULT NULL,
  `preferredLocale` char(12) COLLATE utf8_unicode_ci DEFAULT NULL,
  `weekStartDay` tinyint(1) unsigned NOT NULL DEFAULT '0',
  `admin` tinyint(1) unsigned NOT NULL DEFAULT '0',
  `client` tinyint(1) unsigned NOT NULL DEFAULT '0',
  `locked` tinyint(1) unsigned NOT NULL DEFAULT '0',
  `suspended` tinyint(1) unsigned NOT NULL DEFAULT '0',
  `pending` tinyint(1) unsigned NOT NULL DEFAULT '0',
  `archived` tinyint(1) unsigned NOT NULL DEFAULT '0',
  `lastLoginDate` datetime DEFAULT NULL,
  `lastLoginAttemptIPAddress` varchar(45) COLLATE utf8_unicode_ci DEFAULT NULL,
  `invalidLoginWindowStart` datetime DEFAULT NULL,
  `invalidLoginCount` tinyint(4) unsigned DEFAULT NULL,
  `lastInvalidLoginDate` datetime DEFAULT NULL,
  `lockoutDate` datetime DEFAULT NULL,
  `verificationCode` char(100) COLLATE utf8_unicode_ci DEFAULT NULL,
  `verificationCodeIssuedDate` datetime DEFAULT NULL,
  `unverifiedEmail` varchar(255) COLLATE utf8_unicode_ci DEFAULT NULL,
  `passwordResetRequired` tinyint(1) unsigned NOT NULL DEFAULT '0',
  `lastPasswordChangeDate` datetime DEFAULT NULL,
  `dateCreated` datetime NOT NULL,
  `dateUpdated` datetime NOT NULL,
  `uid` char(36) COLLATE utf8_unicode_ci NOT NULL DEFAULT '0',
  PRIMARY KEY (`id`),
  UNIQUE KEY `craft_users_username_unq_idx` (`username`),
  UNIQUE KEY `craft_users_email_unq_idx` (`email`),
  KEY `craft_users_verificationCode_idx` (`verificationCode`),
  KEY `craft_users_uid_idx` (`uid`),
  KEY `craft_users_preferredLocale_fk` (`preferredLocale`)
) ENGINE=InnoDB DEFAULT CHARSET=utf8 COLLATE=utf8_unicode_ci;

--
-- Data for table `craft_users`
--

INSERT INTO `craft_users` (`id`, `username`, `photo`, `firstName`, `lastName`, `email`, `password`, `preferredLocale`, `weekStartDay`, `admin`, `client`, `locked`, `suspended`, `pending`, `archived`, `lastLoginDate`, `lastLoginAttemptIPAddress`, `invalidLoginWindowStart`, `invalidLoginCount`, `lastInvalidLoginDate`, `lockoutDate`, `verificationCode`, `verificationCodeIssuedDate`, `unverifiedEmail`, `passwordResetRequired`, `lastPasswordChangeDate`, `dateCreated`, `dateUpdated`, `uid`) VALUES
 ('1', 'jimirings', NULL, NULL, NULL, 'jimirings@gmail.com', '$2y$13$yvgV.Qm0zSnASIO3JgJY0uibB5Mm0Ae0hYC7WuxTbJQdJbzvgenkC', NULL, '0', '1', '0', '0', '0', '0', '0', '2017-04-06 23:18:09', '127.0.0.1', NULL, NULL, '2016-12-22 00:55:11', NULL, NULL, NULL, NULL, '0', '2015-12-05 19:12:26', '2015-12-05 19:12:26', '2017-04-06 23:18:09', '6b327ccb-2612-44c1-b03b-17f44b224906');



DROP TABLE IF EXISTS `craft_widgets`;


--
-- Schema for table `craft_widgets`
--
CREATE TABLE `craft_widgets` (
  `id` int(11) NOT NULL AUTO_INCREMENT,
  `userId` int(11) NOT NULL,
  `type` varchar(150) COLLATE utf8_unicode_ci NOT NULL,
  `sortOrder` smallint(6) unsigned DEFAULT NULL,
  `colspan` tinyint(4) unsigned DEFAULT NULL,
  `settings` text COLLATE utf8_unicode_ci,
  `enabled` tinyint(1) unsigned NOT NULL DEFAULT '1',
  `dateCreated` datetime NOT NULL,
  `dateUpdated` datetime NOT NULL,
  `uid` char(36) COLLATE utf8_unicode_ci NOT NULL DEFAULT '0',
  PRIMARY KEY (`id`),
  KEY `craft_widgets_userId_fk` (`userId`)
) ENGINE=InnoDB AUTO_INCREMENT=5 DEFAULT CHARSET=utf8 COLLATE=utf8_unicode_ci;

--
-- Data for table `craft_widgets`
--

INSERT INTO `craft_widgets` (`id`, `userId`, `type`, `sortOrder`, `colspan`, `settings`, `enabled`, `dateCreated`, `dateUpdated`, `uid`) VALUES
 ('1', '1', 'RecentEntries', '1', NULL, NULL, '1', '2015-12-05 19:12:30', '2015-12-05 19:12:30', '7e02adb4-5db5-45bc-88ee-f68e32613683'),
 ('2', '1', 'GetHelp', '2', NULL, NULL, '1', '2015-12-05 19:12:30', '2015-12-05 19:12:30', '22c7d5bb-4eb0-473b-a754-6afd17ee6cf8'),
 ('3', '1', 'Updates', '3', NULL, NULL, '1', '2015-12-05 19:12:30', '2015-12-05 19:12:30', 'b9253e1b-72cc-4256-96d7-c7f6b7c45aef'),
 ('4', '1', 'Feed', '4', NULL, '{\"url\":\"https:\\/\\/craftcms.com\\/news.rss\",\"title\":\"Craft News\"}', '1', '2015-12-05 19:12:30', '2015-12-05 19:12:30', 'e03ae70c-6e46-4bd4-950a-497b4aaf14e1');


--
-- Constraints for tables
--


--
-- Constraints for table `craft_assetfiles`
--
ALTER TABLE `craft_assetfiles`
	ADD CONSTRAINT `craft_assetfiles_folderId_fk` FOREIGN KEY (`folderId`) REFERENCES `craft_assetfolders` (`id`) ON DELETE CASCADE,
	ADD CONSTRAINT `craft_assetfiles_id_fk` FOREIGN KEY (`id`) REFERENCES `craft_elements` (`id`) ON DELETE CASCADE,
	ADD CONSTRAINT `craft_assetfiles_sourceId_fk` FOREIGN KEY (`sourceId`) REFERENCES `craft_assetsources` (`id`) ON DELETE CASCADE;

--
-- Constraints for table `craft_assetfolders`
--
ALTER TABLE `craft_assetfolders`
	ADD CONSTRAINT `craft_assetfolders_parentId_fk` FOREIGN KEY (`parentId`) REFERENCES `craft_assetfolders` (`id`) ON DELETE CASCADE,
	ADD CONSTRAINT `craft_assetfolders_sourceId_fk` FOREIGN KEY (`sourceId`) REFERENCES `craft_assetsources` (`id`) ON DELETE CASCADE;

--
-- Constraints for table `craft_assetindexdata`
--
ALTER TABLE `craft_assetindexdata`
	ADD CONSTRAINT `craft_assetindexdata_sourceId_fk` FOREIGN KEY (`sourceId`) REFERENCES `craft_assetsources` (`id`) ON DELETE CASCADE;

--
-- Constraints for table `craft_assetsources`
--
ALTER TABLE `craft_assetsources`
	ADD CONSTRAINT `craft_assetsources_fieldLayoutId_fk` FOREIGN KEY (`fieldLayoutId`) REFERENCES `craft_fieldlayouts` (`id`) ON DELETE SET NULL;

--
-- Constraints for table `craft_categories`
--
ALTER TABLE `craft_categories`
	ADD CONSTRAINT `craft_categories_groupId_fk` FOREIGN KEY (`groupId`) REFERENCES `craft_categorygroups` (`id`) ON DELETE CASCADE,
	ADD CONSTRAINT `craft_categories_id_fk` FOREIGN KEY (`id`) REFERENCES `craft_elements` (`id`) ON DELETE CASCADE;

--
-- Constraints for table `craft_categorygroups`
--
ALTER TABLE `craft_categorygroups`
	ADD CONSTRAINT `craft_categorygroups_fieldLayoutId_fk` FOREIGN KEY (`fieldLayoutId`) REFERENCES `craft_fieldlayouts` (`id`) ON DELETE SET NULL,
	ADD CONSTRAINT `craft_categorygroups_structureId_fk` FOREIGN KEY (`structureId`) REFERENCES `craft_structures` (`id`) ON DELETE CASCADE;

--
-- Constraints for table `craft_categorygroups_i18n`
--
ALTER TABLE `craft_categorygroups_i18n`
	ADD CONSTRAINT `craft_categorygroups_i18n_groupId_fk` FOREIGN KEY (`groupId`) REFERENCES `craft_categorygroups` (`id`) ON DELETE CASCADE,
	ADD CONSTRAINT `craft_categorygroups_i18n_locale_fk` FOREIGN KEY (`locale`) REFERENCES `craft_locales` (`locale`) ON DELETE CASCADE ON UPDATE CASCADE;

--
-- Constraints for table `craft_content`
--
ALTER TABLE `craft_content`
	ADD CONSTRAINT `craft_content_elementId_fk` FOREIGN KEY (`elementId`) REFERENCES `craft_elements` (`id`) ON DELETE CASCADE,
	ADD CONSTRAINT `craft_content_locale_fk` FOREIGN KEY (`locale`) REFERENCES `craft_locales` (`locale`) ON DELETE CASCADE ON UPDATE CASCADE;

--
-- Constraints for table `craft_elements_i18n`
--
ALTER TABLE `craft_elements_i18n`
	ADD CONSTRAINT `craft_elements_i18n_elementId_fk` FOREIGN KEY (`elementId`) REFERENCES `craft_elements` (`id`) ON DELETE CASCADE,
	ADD CONSTRAINT `craft_elements_i18n_locale_fk` FOREIGN KEY (`locale`) REFERENCES `craft_locales` (`locale`) ON DELETE CASCADE ON UPDATE CASCADE;

--
-- Constraints for table `craft_emailmessages`
--
ALTER TABLE `craft_emailmessages`
	ADD CONSTRAINT `craft_emailmessages_locale_fk` FOREIGN KEY (`locale`) REFERENCES `craft_locales` (`locale`) ON DELETE CASCADE ON UPDATE CASCADE;

--
-- Constraints for table `craft_entries`
--
ALTER TABLE `craft_entries`
	ADD CONSTRAINT `craft_entries_authorId_fk` FOREIGN KEY (`authorId`) REFERENCES `craft_users` (`id`) ON DELETE CASCADE,
	ADD CONSTRAINT `craft_entries_id_fk` FOREIGN KEY (`id`) REFERENCES `craft_elements` (`id`) ON DELETE CASCADE,
	ADD CONSTRAINT `craft_entries_sectionId_fk` FOREIGN KEY (`sectionId`) REFERENCES `craft_sections` (`id`) ON DELETE CASCADE,
	ADD CONSTRAINT `craft_entries_typeId_fk` FOREIGN KEY (`typeId`) REFERENCES `craft_entrytypes` (`id`) ON DELETE CASCADE;

--
-- Constraints for table `craft_entrydrafts`
--
ALTER TABLE `craft_entrydrafts`
	ADD CONSTRAINT `craft_entrydrafts_creatorId_fk` FOREIGN KEY (`creatorId`) REFERENCES `craft_users` (`id`) ON DELETE CASCADE,
	ADD CONSTRAINT `craft_entrydrafts_entryId_fk` FOREIGN KEY (`entryId`) REFERENCES `craft_entries` (`id`) ON DELETE CASCADE,
	ADD CONSTRAINT `craft_entrydrafts_locale_fk` FOREIGN KEY (`locale`) REFERENCES `craft_locales` (`locale`) ON DELETE CASCADE ON UPDATE CASCADE,
	ADD CONSTRAINT `craft_entrydrafts_sectionId_fk` FOREIGN KEY (`sectionId`) REFERENCES `craft_sections` (`id`) ON DELETE CASCADE;

--
-- Constraints for table `craft_entrytypes`
--
ALTER TABLE `craft_entrytypes`
	ADD CONSTRAINT `craft_entrytypes_fieldLayoutId_fk` FOREIGN KEY (`fieldLayoutId`) REFERENCES `craft_fieldlayouts` (`id`) ON DELETE SET NULL,
	ADD CONSTRAINT `craft_entrytypes_sectionId_fk` FOREIGN KEY (`sectionId`) REFERENCES `craft_sections` (`id`) ON DELETE CASCADE;

--
-- Constraints for table `craft_entryversions`
--
ALTER TABLE `craft_entryversions`
	ADD CONSTRAINT `craft_entryversions_creatorId_fk` FOREIGN KEY (`creatorId`) REFERENCES `craft_users` (`id`) ON DELETE SET NULL,
	ADD CONSTRAINT `craft_entryversions_entryId_fk` FOREIGN KEY (`entryId`) REFERENCES `craft_entries` (`id`) ON DELETE CASCADE,
	ADD CONSTRAINT `craft_entryversions_locale_fk` FOREIGN KEY (`locale`) REFERENCES `craft_locales` (`locale`) ON DELETE CASCADE ON UPDATE CASCADE,
	ADD CONSTRAINT `craft_entryversions_sectionId_fk` FOREIGN KEY (`sectionId`) REFERENCES `craft_sections` (`id`) ON DELETE CASCADE;

--
-- Constraints for table `craft_fieldlayoutfields`
--
ALTER TABLE `craft_fieldlayoutfields`
	ADD CONSTRAINT `craft_fieldlayoutfields_fieldId_fk` FOREIGN KEY (`fieldId`) REFERENCES `craft_fields` (`id`) ON DELETE CASCADE,
	ADD CONSTRAINT `craft_fieldlayoutfields_layoutId_fk` FOREIGN KEY (`layoutId`) REFERENCES `craft_fieldlayouts` (`id`) ON DELETE CASCADE,
	ADD CONSTRAINT `craft_fieldlayoutfields_tabId_fk` FOREIGN KEY (`tabId`) REFERENCES `craft_fieldlayouttabs` (`id`) ON DELETE CASCADE;

--
-- Constraints for table `craft_fieldlayouttabs`
--
ALTER TABLE `craft_fieldlayouttabs`
	ADD CONSTRAINT `craft_fieldlayouttabs_layoutId_fk` FOREIGN KEY (`layoutId`) REFERENCES `craft_fieldlayouts` (`id`) ON DELETE CASCADE;

--
-- Constraints for table `craft_fields`
--
ALTER TABLE `craft_fields`
	ADD CONSTRAINT `craft_fields_groupId_fk` FOREIGN KEY (`groupId`) REFERENCES `craft_fieldgroups` (`id`) ON DELETE CASCADE;

--
-- Constraints for table `craft_globalsets`
--
ALTER TABLE `craft_globalsets`
	ADD CONSTRAINT `craft_globalsets_fieldLayoutId_fk` FOREIGN KEY (`fieldLayoutId`) REFERENCES `craft_fieldlayouts` (`id`) ON DELETE SET NULL,
	ADD CONSTRAINT `craft_globalsets_id_fk` FOREIGN KEY (`id`) REFERENCES `craft_elements` (`id`) ON DELETE CASCADE;

--
-- Constraints for table `craft_matrixblocks`
--
ALTER TABLE `craft_matrixblocks`
	ADD CONSTRAINT `craft_matrixblocks_fieldId_fk` FOREIGN KEY (`fieldId`) REFERENCES `craft_fields` (`id`) ON DELETE CASCADE,
	ADD CONSTRAINT `craft_matrixblocks_id_fk` FOREIGN KEY (`id`) REFERENCES `craft_elements` (`id`) ON DELETE CASCADE,
	ADD CONSTRAINT `craft_matrixblocks_ownerId_fk` FOREIGN KEY (`ownerId`) REFERENCES `craft_elements` (`id`) ON DELETE CASCADE,
	ADD CONSTRAINT `craft_matrixblocks_ownerLocale_fk` FOREIGN KEY (`ownerLocale`) REFERENCES `craft_locales` (`locale`) ON DELETE CASCADE ON UPDATE CASCADE,
	ADD CONSTRAINT `craft_matrixblocks_typeId_fk` FOREIGN KEY (`typeId`) REFERENCES `craft_matrixblocktypes` (`id`) ON DELETE CASCADE;

--
-- Constraints for table `craft_matrixblocktypes`
--
ALTER TABLE `craft_matrixblocktypes`
	ADD CONSTRAINT `craft_matrixblocktypes_fieldId_fk` FOREIGN KEY (`fieldId`) REFERENCES `craft_fields` (`id`) ON DELETE CASCADE,
	ADD CONSTRAINT `craft_matrixblocktypes_fieldLayoutId_fk` FOREIGN KEY (`fieldLayoutId`) REFERENCES `craft_fieldlayouts` (`id`) ON DELETE SET NULL;

--
-- Constraints for table `craft_matrixcontent_featuredimage`
--
ALTER TABLE `craft_matrixcontent_featuredimage`
	ADD CONSTRAINT `craft_matrixcontent_featuredimage_elementId_fk` FOREIGN KEY (`elementId`) REFERENCES `craft_elements` (`id`) ON DELETE CASCADE,
	ADD CONSTRAINT `craft_matrixcontent_featuredimage_locale_fk` FOREIGN KEY (`locale`) REFERENCES `craft_locales` (`locale`) ON DELETE CASCADE ON UPDATE CASCADE;

--
-- Constraints for table `craft_matrixcontent_homepageskills`
--
ALTER TABLE `craft_matrixcontent_homepageskills`
	ADD CONSTRAINT `craft_matrixcontent_homepageskills_elementId_fk` FOREIGN KEY (`elementId`) REFERENCES `craft_elements` (`id`) ON DELETE CASCADE,
	ADD CONSTRAINT `craft_matrixcontent_homepageskills_locale_fk` FOREIGN KEY (`locale`) REFERENCES `craft_locales` (`locale`) ON DELETE CASCADE ON UPDATE CASCADE;

--
-- Constraints for table `craft_migrations`
--
ALTER TABLE `craft_migrations`
	ADD CONSTRAINT `craft_migrations_pluginId_fk` FOREIGN KEY (`pluginId`) REFERENCES `craft_plugins` (`id`) ON DELETE CASCADE;

--
-- Constraints for table `craft_relations`
--
ALTER TABLE `craft_relations`
	ADD CONSTRAINT `craft_relations_fieldId_fk` FOREIGN KEY (`fieldId`) REFERENCES `craft_fields` (`id`) ON DELETE CASCADE,
	ADD CONSTRAINT `craft_relations_sourceId_fk` FOREIGN KEY (`sourceId`) REFERENCES `craft_elements` (`id`) ON DELETE CASCADE,
	ADD CONSTRAINT `craft_relations_sourceLocale_fk` FOREIGN KEY (`sourceLocale`) REFERENCES `craft_locales` (`locale`) ON DELETE CASCADE ON UPDATE CASCADE,
	ADD CONSTRAINT `craft_relations_targetId_fk` FOREIGN KEY (`targetId`) REFERENCES `craft_elements` (`id`) ON DELETE CASCADE;

--
-- Constraints for table `craft_routes`
--
ALTER TABLE `craft_routes`
	ADD CONSTRAINT `craft_routes_locale_fk` FOREIGN KEY (`locale`) REFERENCES `craft_locales` (`locale`) ON DELETE CASCADE ON UPDATE CASCADE;

--
-- Constraints for table `craft_sections`
--
ALTER TABLE `craft_sections`
	ADD CONSTRAINT `craft_sections_structureId_fk` FOREIGN KEY (`structureId`) REFERENCES `craft_structures` (`id`) ON DELETE SET NULL;

--
-- Constraints for table `craft_sections_i18n`
--
ALTER TABLE `craft_sections_i18n`
	ADD CONSTRAINT `craft_sections_i18n_locale_fk` FOREIGN KEY (`locale`) REFERENCES `craft_locales` (`locale`) ON DELETE CASCADE ON UPDATE CASCADE,
	ADD CONSTRAINT `craft_sections_i18n_sectionId_fk` FOREIGN KEY (`sectionId`) REFERENCES `craft_sections` (`id`) ON DELETE CASCADE;

--
-- Constraints for table `craft_sessions`
--
ALTER TABLE `craft_sessions`
	ADD CONSTRAINT `craft_sessions_userId_fk` FOREIGN KEY (`userId`) REFERENCES `craft_users` (`id`) ON DELETE CASCADE;

--
-- Constraints for table `craft_shunnedmessages`
--
ALTER TABLE `craft_shunnedmessages`
	ADD CONSTRAINT `craft_shunnedmessages_userId_fk` FOREIGN KEY (`userId`) REFERENCES `craft_users` (`id`) ON DELETE CASCADE;

--
-- Constraints for table `craft_structureelements`
--
ALTER TABLE `craft_structureelements`
	ADD CONSTRAINT `craft_structureelements_elementId_fk` FOREIGN KEY (`elementId`) REFERENCES `craft_elements` (`id`) ON DELETE CASCADE,
	ADD CONSTRAINT `craft_structureelements_structureId_fk` FOREIGN KEY (`structureId`) REFERENCES `craft_structures` (`id`) ON DELETE CASCADE;

--
-- Constraints for table `craft_taggroups`
--
ALTER TABLE `craft_taggroups`
	ADD CONSTRAINT `craft_taggroups_fieldLayoutId_fk` FOREIGN KEY (`fieldLayoutId`) REFERENCES `craft_fieldlayouts` (`id`) ON DELETE SET NULL;

--
-- Constraints for table `craft_tags`
--
ALTER TABLE `craft_tags`
	ADD CONSTRAINT `craft_tags_groupId_fk` FOREIGN KEY (`groupId`) REFERENCES `craft_taggroups` (`id`) ON DELETE CASCADE,
	ADD CONSTRAINT `craft_tags_id_fk` FOREIGN KEY (`id`) REFERENCES `craft_elements` (`id`) ON DELETE CASCADE;

--
-- Constraints for table `craft_templatecachecriteria`
--
ALTER TABLE `craft_templatecachecriteria`
	ADD CONSTRAINT `craft_templatecachecriteria_cacheId_fk` FOREIGN KEY (`cacheId`) REFERENCES `craft_templatecaches` (`id`) ON DELETE CASCADE;

--
-- Constraints for table `craft_templatecacheelements`
--
ALTER TABLE `craft_templatecacheelements`
	ADD CONSTRAINT `craft_templatecacheelements_cacheId_fk` FOREIGN KEY (`cacheId`) REFERENCES `craft_templatecaches` (`id`) ON DELETE CASCADE,
	ADD CONSTRAINT `craft_templatecacheelements_elementId_fk` FOREIGN KEY (`elementId`) REFERENCES `craft_elements` (`id`) ON DELETE CASCADE;

--
-- Constraints for table `craft_templatecaches`
--
ALTER TABLE `craft_templatecaches`
	ADD CONSTRAINT `craft_templatecaches_locale_fk` FOREIGN KEY (`locale`) REFERENCES `craft_locales` (`locale`) ON DELETE CASCADE ON UPDATE CASCADE;

--
-- Constraints for table `craft_usergroups_users`
--
ALTER TABLE `craft_usergroups_users`
	ADD CONSTRAINT `craft_usergroups_users_groupId_fk` FOREIGN KEY (`groupId`) REFERENCES `craft_usergroups` (`id`) ON DELETE CASCADE,
	ADD CONSTRAINT `craft_usergroups_users_userId_fk` FOREIGN KEY (`userId`) REFERENCES `craft_users` (`id`) ON DELETE CASCADE;

--
-- Constraints for table `craft_userpermissions_usergroups`
--
ALTER TABLE `craft_userpermissions_usergroups`
	ADD CONSTRAINT `craft_userpermissions_usergroups_groupId_fk` FOREIGN KEY (`groupId`) REFERENCES `craft_usergroups` (`id`) ON DELETE CASCADE,
	ADD CONSTRAINT `craft_userpermissions_usergroups_permissionId_fk` FOREIGN KEY (`permissionId`) REFERENCES `craft_userpermissions` (`id`) ON DELETE CASCADE;

--
-- Constraints for table `craft_userpermissions_users`
--
ALTER TABLE `craft_userpermissions_users`
	ADD CONSTRAINT `craft_userpermissions_users_permissionId_fk` FOREIGN KEY (`permissionId`) REFERENCES `craft_userpermissions` (`id`) ON DELETE CASCADE,
	ADD CONSTRAINT `craft_userpermissions_users_userId_fk` FOREIGN KEY (`userId`) REFERENCES `craft_users` (`id`) ON DELETE CASCADE;

--
-- Constraints for table `craft_users`
--
ALTER TABLE `craft_users`
	ADD CONSTRAINT `craft_users_id_fk` FOREIGN KEY (`id`) REFERENCES `craft_elements` (`id`) ON DELETE CASCADE,
	ADD CONSTRAINT `craft_users_preferredLocale_fk` FOREIGN KEY (`preferredLocale`) REFERENCES `craft_locales` (`locale`) ON DELETE SET NULL ON UPDATE CASCADE;

--
-- Constraints for table `craft_widgets`
--
ALTER TABLE `craft_widgets`
	ADD CONSTRAINT `craft_widgets_userId_fk` FOREIGN KEY (`userId`) REFERENCES `craft_users` (`id`) ON DELETE CASCADE;

SET FOREIGN_KEY_CHECKS = 1;
